member_id,member_name,email,phone,age,gender,city,membership_type,join_date,is_active
14494,Ayesha Khan,member14494@example.com,9435849968,57,Male,Chennai,Silver,2019-01-25,Yes
4145,Sahil Verma,member4145@example.com,9563149876,58,Male,Bengaluru,Regular,2023-12-16,Yes
38696,Varun Khan,member38696@example.com,9367219366,30,Female,Kurnool,Regular,2021-03-27,No
6189,John Reddy,member6189@example.com,9531423295,67,Female,Kurnool,Regular,2021-09-07,Yes
1415,Rahul Gupta,member1415@example.com,9650448393,46,Male,Bengaluru,Silver,2023-05-25,Yes
34305,Pooja Mishra,member34305@example.com,9206078094,53,Female,Guntur,Regular,2022-09-27,Yes
12145,Aditya Das,member12145@example.com,9896080204,24,Female,Kadapa,Regular,2022-12-04,Yes
30189,Rahul Reddy,member30189@example.com,9663255492,66,Female,Anantapur,Silver,2020-09-16,Yes
5504,Kiran Singh,member5504@example.com,9102677281,21,Male,Vijayawada,Regular,2024-09-25,Yes
3919,Pooja Yadav,member3919@example.com,9369280320,54,Female,Tirupati,Regular,2021-10-01,Yes
34003,Sahil Babu,member34003@example.com,9234998697,18,Female,Nellore,Silver,2019-02-24,Yes
27112,Manoj Patel,member27112@example.com,9544762862,44,Male,Guntur,Gold,2024-05-14,Yes
30947,Aditya Kumar,member30947@example.com,9789792064,53,Female,Nellore,Regular,2019-05-20,No
45927,Pooja Sharma,member45927@example.com,9572560081,57,Male,Anantapur,Regular,2026-06-28,Yes
22950,Meena Yadav,member22950@example.com,9105922335,36,Female,Kadapa,Gold,2018-07-24,No
18620,John Sharma,member18620@example.com,9636645159,46,Female,Tirupati,Platinum,2019-12-11,Yes
16915,Divya Kumar,member16915@example.com,9523419928,38,Male,Guntur,Silver,2021-03-24,Yes
26804,Sneha Kumar,member26804@example.com,9602376924,23,Male,Nellore,Regular,2025-07-11,Yes
17816,John Verma,member17816@example.com,9435468082,34,Male,Vijayawada,Regular,2019-03-27,No
2531,Divya Verma,member2531@example.com,9380652530,23,Male,Hyderabad,Regular,2021-10-05,Yes
15080,Pooja Das,member15080@example.com,9416737374,28,Male,Bengaluru,Silver,2023-12-30,No
13625,Neha Singh,member13625@example.com,9183961208,39,Male,Vijayawada,Regular,2025-02-12,Yes
39681,Ravi Reddy,member39681@example.com,9567013886,70,Male,Nellore,Regular,2023-12-22,Yes
29227,Ravi Sharma,member29227@example.com,9458649568,31,Male,Nellore,Gold,2018-08-22,Yes
19873,Meena Khan,member19873@example.com,9366006810,59,Male,Kadapa,Regular,2018-01-06,Yes
1813,Ayesha Gupta,member1813@example.com,9878572840,70,Female,Chennai,Regular,2018-09-23,No
27803,Priya Gupta,member27803@example.com,9989622023,49,Female,Guntur,Silver,2023-02-06,Yes
33071,Divya Sharma,member33071@example.com,9932999880,40,Female,Guntur,Regular,2021-07-23,No
22019,Pooja Sharma,member22019@example.com,9932829785,68,Female,Vijayawada,Regular,2025-10-04,Yes
43119,Vikram Khan,member43119@example.com,9273217082,56,Female,Bengaluru,Silver,2020-12-06,Yes
6721,Sahil Reddy,member6721@example.com,9262236407,18,Female,Vijayawada,Regular,2019-06-19,Yes
2730,Kiran Kumar,member2730@example.com,9169919111,29,Female,Vijayawada,Gold,2018-09-19,Yes
31033,Ali Verma,member31033@example.com,9515303180,27,Female,Bengaluru,Gold,2019-06-18,Yes
6245,Vikram Verma,member6245@example.com,9601247256,63,Male,Guntur,Regular,2024-08-03,Yes
4065,Sneha Verma,member4065@example.com,9588375202,52,Male,Guntur,Regular,2020-08-28,Yes
6233,Aditya Reddy,member6233@example.com,9371230024,23,Male,Anantapur,Regular,2025-06-15,Yes
6218,Ravi Das,member6218@example.com,9307941191,69,Male,Bengaluru,Gold,2023-12-26,Yes
43124,Sneha Kumar,member43124@example.com,9102114324,54,Male,Kadapa,Regular,2023-07-21,Yes
6035,John Mishra,member6035@example.com,9833330804,21,Male,Vijayawada,Platinum,2022-02-14,Yes
6018,Kiran Kumar,member6018@example.com,9706549985,39,Female,Guntur,Regular,2022-06-05,Yes
2792,Sahil Khan,member2792@example.com,9711038228,37,Male,Chennai,Regular,2019-10-14,Yes
5824,Aditya Rao,member5824@example.com,9702669268,33,Female,Bengaluru,Silver,2022-09-04,Yes
29562,Neha Gupta,member29562@example.com,9974525026,25,Female,Hyderabad,Regular,2026-06-23,Yes
293,Pooja Rao,member293@example.com,9126662988,24,Female,Kadapa,Regular,2022-05-31,Yes
17024,Priya Yadav,member17024@example.com,9251424175,18,Male,Bengaluru,Regular,2019-02-05,Yes
8740,Priya Kumar,member8740@example.com,9975551734,28,Female,Chennai,Regular,2020-01-03,Yes
18049,Divya Verma,member18049@example.com,9914111420,52,Female,Kurnool,Regular,2024-12-19,Yes
24798,Rahul Rao,member24798@example.com,9195707403,38,Female,Anantapur,Regular,2021-03-16,Yes
43282,Vikram Kumar,member43282@example.com,9695521810,36,Female,Nellore,Platinum,2022-11-01,Yes
26773,Ayesha Sharma,member26773@example.com,9196598612,64,Female,Anantapur,Gold,2025-05-29,No
31756,Vikram Khan,member31756@example.com,9294675363,31,Male,Chennai,Regular,2019-05-03,Yes
34509,Vikram Mishra,member34509@example.com,9489803285,34,Female,Vijayawada,Gold,2023-07-05,No
36679,Varun Patel,member36679@example.com,9253912971,64,Female,Vijayawada,Platinum,2018-08-04,Yes
14171,Ayesha Sharma,member14171@example.com,9781902183,69,Female,Guntur,Regular,2022-06-23,No
3733,Priya Kumar,member3733@example.com,9472212851,66,Female,Anantapur,Regular,2025-08-23,Yes
6017,Varun Das,member6017@example.com,9418592110,48,Female,Kadapa,Regular,2020-05-20,Yes
27244,John Sharma,member27244@example.com,9443205494,54,Female,Guntur,Silver,2020-12-04,Yes
4818,Aditya Verma,member4818@example.com,9582475464,51,Male,Guntur,Gold,2021-08-17,Yes
21698,Rahul Sharma,member21698@example.com,9599594362,18,Female,Tirupati,Silver,2020-04-16,Yes
5396,Neha Mishra,member5396@example.com,9148602442,62,Male,Chennai,Regular,2024-02-09,Yes
23871,Sneha Das,member23871@example.com,9922785668,39,Male,Vijayawada,Regular,2018-03-05,Yes
10756,Arjun Verma,member10756@example.com,9491954281,38,Female,Guntur,Regular,2026-06-29,No
1902,John Singh,member1902@example.com,9178267207,54,Female,Anantapur,Gold,2024-08-01,Yes
5072,Divya Singh,member5072@example.com,9738608093,62,Female,Vijayawada,Gold,2025-11-26,Yes
21452,Manoj Reddy,member21452@example.com,9230844850,53,Male,Kadapa,Regular,2021-04-12,Yes
23013,Pooja Mishra,member23013@example.com,9808307682,62,Male,Bengaluru,Platinum,2018-12-26,Yes
1901,Manoj Kumar,member1901@example.com,9729100057,60,Male,Chennai,Regular,2020-09-02,Yes
148,Sahil Yadav,member148@example.com,9456550738,68,Female,Nellore,Platinum,2021-03-20,Yes
3212,Ananya Babu,member3212@example.com,9905805606,44,Female,Kurnool,Regular,2026-02-02,Yes
36376,Arjun Sharma,member36376@example.com,9468067550,33,Female,Vijayawada,Silver,2021-06-12,Yes
36586,Manoj Singh,member36586@example.com,9249900712,53,Male,Kadapa,Regular,2026-04-19,Yes
7822,Imran Gupta,member7822@example.com,9305981187,54,Female,Tirupati,Silver,2018-09-11,Yes
6414,Vikram Khan,member6414@example.com,9573716164,69,Female,Bengaluru,Regular,2026-08-29,No
34047,Ravi Naidu,member34047@example.com,9605345824,32,Female,Hyderabad,Regular,2023-04-23,Yes
1641,Divya Naidu,member1641@example.com,9290383700,67,Male,Hyderabad,Regular,2025-11-02,Yes
4087,Neha Babu,member4087@example.com,9748149116,61,Female,Chennai,Regular,2023-09-23,No
6355,Varun Verma,member6355@example.com,9525982994,69,Female,Vijayawada,Regular,2018-10-20,Yes
31990,Manoj Kumar,member31990@example.com,9441550294,67,Male,Guntur,Regular,2018-11-01,Yes
12996,Ali Gupta,member12996@example.com,9395028938,67,Male,Tirupati,Regular,2020-09-01,No
263,Arjun Mishra,member263@example.com,9984569476,52,Male,Vijayawada,Platinum,2021-04-20,Yes
7892,Imran Das,member7892@example.com,9268718083,37,Male,Bengaluru,Gold,2020-07-04,Yes
43468,Sneha Verma,member43468@example.com,9269591163,59,Female,Kadapa,Silver,2020-12-16,Yes
37173,Sahil Rao,member37173@example.com,9670001850,43,Male,Vijayawada,Regular,2019-09-10,Yes
4169,Priya Yadav,member4169@example.com,9100494372,66,Male,Tirupati,Regular,2018-12-17,Yes
2190,Pooja Verma,member2190@example.com,9358136109,66,Female,Anantapur,Regular,2026-07-26,No
43515,Neha Naidu,member43515@example.com,9890081409,32,Female,Tirupati,Regular,2022-10-23,Yes
8719,Meena Das,member8719@example.com,9581449308,51,Female,Chennai,Gold,2025-03-19,No
42834,Priya Patel,member42834@example.com,9634666938,42,Male,Vijayawada,Regular,2018-05-12,No
7202,Manoj Gupta,member7202@example.com,9644585034,40,Female,Chennai,Regular,2020-06-28,Yes
19141,Sneha Verma,member19141@example.com,9475697419,46,Male,Hyderabad,Regular,2019-11-28,Yes
9648,Meena Singh,member9648@example.com,9849400072,48,Male,Hyderabad,Regular,2019-12-03,Yes
14506,Ayesha Gupta,member14506@example.com,9798666243,18,Male,Vijayawada,Regular,2018-02-15,Yes
11712,Varun Babu,member11712@example.com,9634665516,35,Female,Guntur,Regular,2025-05-16,Yes
27777,Divya Patel,member27777@example.com,9958498759,28,Female,Kurnool,Silver,2019-04-04,Yes
25925,Manoj Khan,member25925@example.com,9525757828,53,Female,Kadapa,Regular,2021-10-13,No
4773,Priya Sharma,member4773@example.com,9530151504,66,Female,Bengaluru,Silver,2026-03-27,Yes
20034,Ali Sharma,member20034@example.com,9164798721,30,Male,Kurnool,Regular,2019-02-23,Yes
8021,Arjun Das,member8021@example.com,9429109539,50,Male,Chennai,Regular,2021-06-19,No
29932,Ali Gupta,member29932@example.com,9407497140,46,Female,Kurnool,Silver,2018-10-06,Yes
4071,Meena Verma,member4071@example.com,9855017569,21,Male,Tirupati,Regular,2025-07-03,Yes
1031,Varun Reddy,member1031@example.com,9589680380,67,Female,Chennai,Silver,2019-07-17,No
11762,Ali Patel,member11762@example.com,9144456404,70,Male,Tirupati,Platinum,2023-03-24,Yes
23678,Neha Gupta,member23678@example.com,9123830743,27,Male,Nellore,Regular,2022-11-18,Yes
35354,Imran Yadav,member35354@example.com,9853160772,19,Female,Tirupati,Silver,2018-02-13,No
11439,Imran Reddy,member11439@example.com,9137774933,48,Female,Kurnool,Regular,2018-07-23,Yes
2730,Kiran Kumar,member2730@example.com,9169919111,29,Female,Vijayawada,Gold,2018-09-19,Yes
32056,Sahil Yadav,member32056@example.com,9918890252,65,Male,Kadapa,Silver,2023-08-01,Yes
42455,Ravi Khan,member42455@example.com,9382366146,55,Female,Vijayawada,Regular,2018-05-19,Yes
25081,Rahul Yadav,member25081@example.com,9186253670,66,Male,Guntur,Regular,2025-02-05,Yes
6849,Neha Naidu,member6849@example.com,9379035119,34,Male,Tirupati,Regular,2025-04-06,Yes
12636,John Yadav,member12636@example.com,9967327299,64,Male,Nellore,Regular,2022-07-03,No
10193,Sahil Singh,member10193@example.com,9136956281,30,Female,Kadapa,Silver,2023-08-23,Yes
315,Varun Rao,member315@example.com,9657894046,53,Female,Guntur,Silver,2024-03-21,Yes
3086,Sahil Babu,member3086@example.com,9209173835,56,Male,Guntur,Regular,2019-11-22,Yes
13126,Ananya Yadav,member13126@example.com,9451991500,20,Male,Guntur,Regular,2019-02-05,Yes
4970,Neha Yadav,member4970@example.com,9485376069,30,Female,Hyderabad,Regular,2020-07-07,Yes
13650,Sneha Gupta,member13650@example.com,9718698655,39,Female,Kurnool,Silver,2018-05-14,No
23984,Pooja Gupta,member23984@example.com,9123582676,53,Male,Kadapa,Gold,2025-04-05,Yes
34507,Ananya Rao,member34507@example.com,9661657557,51,Male,Kadapa,Regular,2024-04-01,Yes
5087,Ayesha Kumar,member5087@example.com,9719466866,20,Female,Guntur,Regular,2025-07-14,Yes
4247,Priya Babu,member4247@example.com,9329984396,46,Male,Tirupati,Regular,2022-08-18,Yes
29753,Priya Singh,member29753@example.com,9182442911,53,Male,Nellore,Regular,2024-04-21,Yes
23860,Sneha Kumar,member23860@example.com,9663957110,39,Male,Vijayawada,Regular,2025-03-05,Yes
23803,John Babu,member23803@example.com,9867710129,51,Female,Vijayawada,Regular,2025-05-09,No
6624,Pooja Sharma,member6624@example.com,9505643959,19,Female,Bengaluru,Regular,2019-07-08,Yes
16085,Rahul Patel,member16085@example.com,9986360235,49,Male,Anantapur,Regular,2022-02-25,Yes
673,Ali Rao,member673@example.com,9281378199,20,Female,Chennai,Silver,2023-12-13,Yes
15595,Imran Gupta,member15595@example.com,9217023545,28,Female,Kurnool,Platinum,2018-12-08,Yes
3940,Imran Verma,member3940@example.com,9709217325,27,Female,Bengaluru,Regular,2021-02-20,No
4614,Ananya Singh,member4614@example.com,9348769606,42,Male,Nellore,Silver,2022-02-18,Yes
36760,Sahil Naidu,member36760@example.com,9539167468,58,Female,Tirupati,Silver,2026-08-09,Yes
31459,Varun Gupta,member31459@example.com,9116527761,37,Female,Tirupati,Regular,2026-04-19,Yes
23970,Sneha Sharma,member23970@example.com,9273325490,19,Male,Kadapa,Gold,2024-03-10,Yes
13479,Vikram Sharma,member13479@example.com,9301208242,52,Female,Bengaluru,Regular,2021-10-12,Yes
38556,Imran Reddy,member38556@example.com,9140495554,65,Male,Tirupati,Regular,2024-02-29,Yes
986,Ali Khan,member986@example.com,9545529842,40,Male,Nellore,Regular,2018-10-04,Yes
23731,Ravi Rao,member23731@example.com,9325279028,38,Female,Chennai,Regular,2024-07-03,Yes
6949,Arjun Sharma,member6949@example.com,9801577056,27,Female,Kadapa,Regular,2024-03-14,No
18827,Pooja Kumar,member18827@example.com,9435083733,52,Male,Kurnool,Gold,2020-09-22,Yes
37536,Ayesha Gupta,member37536@example.com,9311983580,57,Female,Hyderabad,Regular,2022-05-30,Yes
22816,Neha Singh,member22816@example.com,9253713479,18,Male,Kurnool,Regular,2026-01-29,Yes
5,Kiran Patel,member5@example.com,9410325105,63,Female,Kadapa,Gold,2020-04-28,Yes
8231,Priya Gupta,member8231@example.com,9219127073,64,Male,Tirupati,Regular,2023-03-19,Yes
5947,Meena Sharma,member5947@example.com,9595461365,42,Male,Bengaluru,Silver,2024-03-07,Yes
19487,Aditya Reddy,member19487@example.com,9563194356,51,Male,Kadapa,Regular,2024-07-16,No
20269,Sneha Gupta,member20269@example.com,9590612211,18,Female,Guntur,Platinum,2021-08-26,Yes
32679,Rahul Kumar,member32679@example.com,9798233808,41,Male,Tirupati,Regular,2025-01-07,No
31150,Divya Yadav,member31150@example.com,9613793411,68,Male,Nellore,Regular,2022-09-19,Yes
30478,Vikram Patel,member30478@example.com,9393261326,59,Female,Tirupati,Regular,2019-09-15,Yes
25714,Manoj Sharma,member25714@example.com,9316921463,58,Female,Tirupati,Regular,2026-04-02,Yes
15743,Vikram Verma,member15743@example.com,9102493729,33,Female,Vijayawada,Regular,2019-03-22,Yes
22733,Ali Kumar,member22733@example.com,9459316384,49,Male,Tirupati,Gold,2022-06-17,No
7181,Rahul Yadav,member7181@example.com,9622376126,52,Female,Kurnool,Platinum,2025-06-28,Yes
13702,Ravi Mishra,member13702@example.com,9964684290,51,Female,Kurnool,Gold,2020-04-28,Yes
45056,Varun Khan,member45056@example.com,9242092412,39,Female,Vijayawada,Regular,2026-03-29,Yes
13269,Varun Mishra,member13269@example.com,9939758041,52,Male,Nellore,Platinum,2020-05-12,Yes
17543,Vikram Yadav,member17543@example.com,9461746220,54,Female,Anantapur,Regular,2023-08-15,Yes
4514,Neha Rao,member4514@example.com,9720006155,38,Male,Tirupati,Regular,2023-07-24,Yes
2955,Sahil Rao,member2955@example.com,9659319101,64,Female,Nellore,Regular,2022-01-02,Yes
3004,Priya Kumar,member3004@example.com,9206668633,69,Male,Hyderabad,Regular,2025-05-30,No
1571,Arjun Verma,member1571@example.com,9546332791,38,Female,Nellore,Regular,2024-06-22,No
1591,Kiran Khan,member1591@example.com,9620526703,41,Female,Vijayawada,Regular,2022-02-27,Yes
21759,John Yadav,member21759@example.com,9596872091,64,Female,Bengaluru,Regular,2022-10-10,No
3002,Varun Das,member3002@example.com,9229600004,18,Male,Vijayawada,Regular,2019-08-25,Yes
629,Divya Reddy,member629@example.com,9610433589,62,Male,Nellore,Regular,2022-05-07,Yes
6367,Arjun Gupta,member6367@example.com,9657985294,18,Male,Nellore,Silver,2019-07-20,Yes
9479,Priya Sharma,member9479@example.com,9242416504,28,Male,Bengaluru,Gold,2025-01-19,Yes
13642,Divya Das,member13642@example.com,9247574476,42,Male,Tirupati,Silver,2024-05-12,No
13390,Ananya Sharma,member13390@example.com,9273117340,59,Male,Guntur,Regular,2018-12-03,Yes
2743,Kiran Verma,member2743@example.com,9394095176,30,Male,Kurnool,Gold,2021-03-25,Yes
35496,Imran Verma,member35496@example.com,9482454499,57,Male,Hyderabad,Regular,2022-12-27,Yes
44146,Sneha Sharma,member44146@example.com,9259158683,32,Male,Nellore,Silver,2026-06-06,Yes
31965,Varun Sharma,member31965@example.com,9366176595,39,Female,Nellore,Regular,2020-12-16,Yes
5115,Manoj Gupta,member5115@example.com,9948709510,44,Female,Guntur,Regular,2026-06-27,Yes
7636,Ali Babu,member7636@example.com,9480762576,48,Other,Hyderabad,Regular,2025-08-23,No
14399,Ananya Khan,member14399@example.com,9956257311,25,Male,Guntur,Regular,2023-11-19,Yes
1656,Sahil Verma,member1656@example.com,9383652259,59,Female,Anantapur,Silver,2026-06-01,Yes
15915,Aditya Verma,member15915@example.com,9457092001,69,Female,Bengaluru,Regular,2025-02-08,No
1220,Aditya Kumar,member1220@example.com,9127067772,61,Female,Guntur,Gold,2026-05-01,Yes
11853,Ananya Yadav,member11853@example.com,9859407220,33,Female,Kadapa,Regular,2024-06-30,No
22091,Vikram Das,member22091@example.com,9856729307,28,Female,Nellore,Regular,2018-08-30,Yes
21212,Aditya Rao,member21212@example.com,9321216731,61,Male,Chennai,Gold,2023-06-01,Yes
28912,Ayesha Kumar,member28912@example.com,9905628119,21,Male,Bengaluru,Regular,2018-03-05,Yes
8571,Ananya Khan,member8571@example.com,9578978138,55,Female,Chennai,Regular,2022-08-17,Yes
35550,Imran Verma,member35550@example.com,9296749139,63,Female,Kurnool,Silver,2020-07-26,Yes
8294,Meena Patel,member8294@example.com,9578197910,63,Male,Kurnool,Regular,2021-03-29,Yes
14091,Vikram Yadav,member14091@example.com,9659532692,21,Male,Kadapa,Silver,2021-10-02,Yes
42247,Divya Patel,member42247@example.com,9537130448,52,Male,Guntur,Regular,2020-10-18,Yes
17673,Imran Reddy,member17673@example.com,9756287318,51,Female,Anantapur,Regular,2026-03-10,Yes
8384,Ali Yadav,member8384@example.com,9801205939,30,Male,Kurnool,Regular,2025-05-04,Yes
1407,Meena Yadav,member1407@example.com,9733491140,34,Female,Anantapur,Regular,2022-06-24,Yes
1445,Ravi Mishra,member1445@example.com,9806005434,34,Male,Kurnool,Regular,2020-03-26,Yes
12059,Neha Rao,member12059@example.com,9491675865,22,Female,Vijayawada,Regular,2021-01-06,Yes
39990,Aditya Patel,member39990@example.com,9172198086,24,Female,Hyderabad,Regular,2025-04-19,No
5677,Vikram Sharma,member5677@example.com,9629983659,38,Female,Anantapur,Regular,2019-10-08,Yes
15982,Imran Naidu,member15982@example.com,9626556062,62,Male,Hyderabad,Platinum,2025-08-27,Yes
15382,Ayesha Rao,member15382@example.com,9743527169,55,Female,Kadapa,Regular,2025-06-05,Yes
20729,Ayesha Yadav,member20729@example.com,9270943045,63,Male,Guntur,Regular,2024-01-25,Yes
35501,Varun Patel,member35501@example.com,9933698382,43,Male,Bengaluru,Regular,2026-02-18,Yes
7134,Varun Babu,member7134@example.com,9554779703,31,Male,Tirupati,Gold,2024-02-29,Yes
22810,Pooja Yadav,member22810@example.com,9278088513,31,Male,Nellore,Platinum,2018-06-24,Yes
18265,John Das,member18265@example.com,9154788255,50,Female,Hyderabad,Gold,2018-07-10,Yes
20035,Ali Patel,member20035@example.com,9788238993,20,Female,Tirupati,Silver,2023-01-13,Yes
4230,Priya Babu,member4230@example.com,9926093038,64,Female,Tirupati,Regular,2021-08-27,Yes
18336,Rahul Kumar,member18336@example.com,9113910351,53,Male,Chennai,Silver,2023-10-28,Yes
168,Pooja Sharma,member168@example.com,9493210482,46,Female,Chennai,Regular,2020-08-20,No
5526,Ananya Reddy,member5526@example.com,9340234846,64,Other,Nellore,Gold,2020-05-01,Yes
3468,Vikram Sharma,member3468@example.com,9953880690,32,Male,Bengaluru,Regular,2026-01-22,Yes
24560,Rahul Patel,member24560@example.com,9987028514,37,Female,Chennai,Regular,2020-05-27,Yes
13610,Imran Babu,member13610@example.com,9536273432,19,Female,Tirupati,Regular,2025-09-21,Yes
45878,Pooja Gupta,member45878@example.com,9788750581,57,Female,Kadapa,Regular,2023-02-07,No
12951,Kiran Mishra,member12951@example.com,9869188004,24,Male,Chennai,Gold,2021-07-04,Yes
851,Ayesha Babu,member851@example.com,9787151791,35,Male,Guntur,Silver,2018-05-14,No
24913,Sahil Mishra,member24913@example.com,9722238799,31,Male,Kurnool,Gold,2025-06-07,Yes
9890,Priya Gupta,member9890@example.com,9621853704,23,Male,Kurnool,Regular,2019-03-17,Yes
19104,Ali Rao,member19104@example.com,9642846098,24,Male,Tirupati,Regular,2024-07-28,Yes
14787,Priya Reddy,member14787@example.com,9274614279,70,Female,Kadapa,Gold,2023-05-02,Yes
31786,Varun Mishra,member31786@example.com,9412844584,50,Female,Vijayawada,Silver,2018-10-14,Yes
15556,Meena Das,member15556@example.com,9903182182,43,Male,Kurnool,Gold,2019-04-09,No
9566,Kiran Rao,member9566@example.com,9294971725,41,Other,Anantapur,Gold,2023-11-10,Yes
40833,Rahul Rao,member40833@example.com,9328386705,43,Female,Kadapa,Regular,2020-01-16,Yes
20327,Ravi Singh,member20327@example.com,9406516357,67,Male,Guntur,Silver,2023-06-29,No
27005,Varun Gupta,member27005@example.com,9262274358,45,Female,Nellore,Platinum,2024-10-21,Yes
42581,John Mishra,member42581@example.com,9109059944,40,Other,Bengaluru,Regular,2019-02-02,Yes
28873,Meena Yadav,member28873@example.com,9364142893,49,Male,Kurnool,Regular,2020-08-17,No
18811,Ravi Sharma,member18811@example.com,9936907578,37,Male,Vijayawada,Regular,2022-10-07,Yes
4274,Ananya Mishra,member4274@example.com,9798264588,53,Female,Hyderabad,Regular,2021-08-04,Yes
466,Pooja Mishra,member466@example.com,9919336678,22,Male,Tirupati,Regular,2025-10-06,Yes
565,Ayesha Patel,member565@example.com,9280929001,32,Male,Nellore,Regular,2019-05-22,Yes
43127,Ananya Das,member43127@example.com,9435735547,64,Female,Kadapa,Silver,2025-01-16,Yes
33808,Sahil Khan,member33808@example.com,9600317069,69,Other,Anantapur,Regular,2021-09-22,Yes
7299,Divya Verma,member7299@example.com,9849604308,43,Male,Hyderabad,Regular,2022-09-13,Yes
29940,Ayesha Naidu,member29940@example.com,9674669885,55,Female,Chennai,Gold,2021-10-05,No
39666,Priya Khan,member39666@example.com,9117992815,60,Female,Chennai,Gold,2018-10-09,Yes
11905,Sahil Mishra,member11905@example.com,9711102975,68,Male,Vijayawada,Silver,2021-02-10,Yes
2211,Priya Rao,member2211@example.com,9982004123,61,Male,Vijayawada,Platinum,2019-05-08,No
10993,John Gupta,member10993@example.com,9517849299,45,Male,Chennai,Regular,2020-07-30,Yes
33042,Ayesha Khan,member33042@example.com,9489993906,46,Female,Nellore,Regular,2024-01-28,Yes
7271,Ananya Verma,member7271@example.com,9348461150,64,Male,Kadapa,Gold,2024-02-23,No
11754,Pooja Khan,member11754@example.com,9489625087,36,Male,Nellore,Regular,2022-12-09,Yes
8179,Vikram Singh,member8179@example.com,9329331693,34,Male,Chennai,Regular,2025-07-11,Yes
16759,Ayesha Rao,member16759@example.com,9837356030,57,Male,Anantapur,Silver,2019-04-22,Yes
14737,Rahul Rao,member14737@example.com,9839348604,40,Other,Bengaluru,Regular,2024-03-20,No
28543,Priya Rao,member28543@example.com,9159774599,55,Male,Hyderabad,Gold,2019-01-16,Yes
14765,Neha Naidu,member14765@example.com,9223496332,39,Male,Vijayawada,Gold,2022-06-15,Yes
18727,Arjun Patel,member18727@example.com,9506841070,61,Female,Kurnool,Silver,2019-06-07,No
38351,Meena Patel,member38351@example.com,9828739526,64,Male,Hyderabad,Regular,2021-03-11,Yes
34003,Sahil Babu,member34003@example.com,9234998697,18,Female,Nellore,Silver,2019-02-24,Yes
30376,Meena Babu,member30376@example.com,9341226080,49,Male,Bengaluru,Silver,2021-02-26,Yes
33245,Kiran Singh,member33245@example.com,9783024988,55,Female,Kadapa,Platinum,2026-04-21,Yes
4860,Ananya Verma,member4860@example.com,9306832003,67,Male,Hyderabad,Regular,2023-05-25,Yes
29054,Rahul Naidu,member29054@example.com,9874111103,70,Female,Vijayawada,Silver,2020-03-28,No
14476,Divya Naidu,member14476@example.com,9184994958,36,Male,Tirupati,Regular,2018-01-20,No
28202,Imran Babu,member28202@example.com,9610698068,36,Female,Bengaluru,Silver,2019-02-03,Yes
8043,Neha Singh,member8043@example.com,9995332596,43,Female,Tirupati,Regular,2025-06-13,Yes
4730,Kiran Yadav,member4730@example.com,9888097326,46,Male,Tirupati,Gold,2020-12-25,Yes
6770,Rahul Babu,member6770@example.com,9895300300,60,Male,Hyderabad,Silver,2024-07-27,Yes
9554,Imran Yadav,member9554@example.com,9385945206,45,Female,Anantapur,Silver,2024-12-25,Yes
31709,Ali Kumar,member31709@example.com,9710029472,33,Male,Guntur,Silver,2019-10-09,Yes
6706,Ananya Rao,member6706@example.com,9405908763,49,Male,Anantapur,Regular,2024-02-19,Yes
10952,Kiran Kumar,member10952@example.com,9495471162,29,Female,Bengaluru,Platinum,2019-08-05,Yes
28658,Ayesha Reddy,member28658@example.com,9814823542,65,Female,Hyderabad,Gold,2020-02-21,Yes
30331,Meena Verma,member30331@example.com,9306939581,47,Female,Kurnool,Silver,2022-11-18,Yes
41585,Neha Das,member41585@example.com,9791996795,20,Other,Nellore,Regular,2022-02-12,Yes
20617,Varun Khan,member20617@example.com,9729325890,29,Male,Guntur,Regular,2020-12-02,Yes
1233,Arjun Patel,member1233@example.com,9989569126,46,Female,Chennai,Regular,2024-01-25,Yes
11070,John Naidu,member11070@example.com,9726815405,27,Female,Bengaluru,Regular,2025-02-24,No
34418,Ananya Patel,member34418@example.com,9859494663,23,Female,Vijayawada,Regular,2023-01-05,No
27617,Pooja Singh,member27617@example.com,9942442050,18,Male,Tirupati,Platinum,2024-03-02,Yes
45140,Meena Rao,member45140@example.com,9734370385,33,Male,Vijayawada,Silver,2022-12-16,No
1537,Imran Gupta,member1537@example.com,9450986954,27,Female,Chennai,Regular,2024-09-08,Yes
13023,Divya Verma,member13023@example.com,9755535330,27,Female,Anantapur,Silver,2018-03-15,Yes
34213,Ayesha Gupta,member34213@example.com,9462930841,44,Female,Chennai,Regular,2023-09-29,Yes
27060,Ananya Khan,member27060@example.com,9844101831,49,Male,Chennai,Regular,2022-05-16,Yes
15720,Priya Patel,member15720@example.com,9913537113,37,Female,Chennai,Platinum,2023-04-11,No
9294,Ali Babu,member9294@example.com,9918230181,34,Female,Guntur,Regular,2020-09-24,Yes
38336,Rahul Das,member38336@example.com,9869518262,60,Female,Guntur,Regular,2025-05-21,Yes
4520,Ananya Babu,member4520@example.com,9938899906,42,Female,Bengaluru,Regular,2020-01-25,Yes
22110,Sneha Sharma,member22110@example.com,9525014382,32,Female,Anantapur,Regular,2020-09-19,No
4885,Priya Verma,member4885@example.com,9674970708,49,Male,Kurnool,Gold,2023-10-24,Yes
502,Ravi Babu,member502@example.com,9316987012,41,Male,Vijayawada,Platinum,2022-11-13,Yes
9160,Pooja Verma,member9160@example.com,9160704950,22,Female,Bengaluru,Regular,2023-09-18,Yes
11030,Priya Gupta,member11030@example.com,9216714122,23,Female,Nellore,Platinum,2018-05-23,Yes
6737,Rahul Yadav,member6737@example.com,9256254281,49,Female,Nellore,Regular,2023-10-30,Yes
17050,Aditya Gupta,member17050@example.com,9122590128,24,Male,Anantapur,Silver,2024-05-10,Yes
3273,Arjun Verma,member3273@example.com,9437284626,37,Male,Chennai,Regular,2019-10-01,Yes
5046,Imran Rao,member5046@example.com,9871347527,35,Male,Guntur,Regular,2022-07-20,No
16096,Ananya Reddy,member16096@example.com,9640618953,23,Male,Vijayawada,Regular,2019-11-21,Yes
8905,Ali Mishra,member8905@example.com,9877578280,33,Female,Anantapur,Regular,2018-02-25,Yes
4244,Aditya Naidu,member4244@example.com,9408616014,48,Female,Chennai,Regular,2022-10-22,No
1115,Divya Das,member1115@example.com,9225108037,55,Male,Guntur,Regular,2021-08-19,Yes
45345,Rahul Khan,member45345@example.com,9961695423,56,Male,Tirupati,Regular,2023-08-14,Yes
2985,Sneha Verma,member2985@example.com,9576392774,52,Female,Bengaluru,Platinum,2023-09-02,Yes
14774,Divya Patel,member14774@example.com,9951526752,54,Male,Kurnool,Regular,2022-02-02,Yes
19186,Vikram Sharma,member19186@example.com,9470552485,51,Female,Anantapur,Platinum,2018-07-03,Yes
18987,Ali Patel,member18987@example.com,9997143802,48,Female,Chennai,Regular,2021-04-17,Yes
29621,Aditya Verma,member29621@example.com,9959118353,51,Other,Nellore,Regular,2020-11-16,Yes
2864,Kiran Das,member2864@example.com,9118829012,21,Male,Vijayawada,Regular,2022-04-08,Yes
3378,Aditya Singh,member3378@example.com,9750532284,19,Male,Guntur,Gold,2020-08-12,Yes
36232,Divya Reddy,member36232@example.com,9234753913,65,Female,Hyderabad,Silver,2024-05-02,Yes
9846,Vikram Rao,member9846@example.com,9493116063,50,Male,Guntur,Regular,2022-05-28,No
17555,Ananya Sharma,member17555@example.com,9116083560,64,Female,Guntur,Gold,2025-05-13,Yes
39869,Imran Sharma,member39869@example.com,9832651520,57,Female,Kadapa,Gold,2019-10-28,Yes
18827,Pooja Kumar,member18827@example.com,9435083733,52,Male,Kurnool,Gold,2020-09-22,Yes
2214,Priya Singh,member2214@example.com,9395346914,32,Female,Bengaluru,Gold,2019-10-16,Yes
2673,Manoj Naidu,member2673@example.com,9184290060,19,Male,Bengaluru,Regular,2022-07-17,Yes
2609,Divya Babu,member2609@example.com,9922550660,23,Other,Guntur,Silver,2021-06-25,No
502,Ravi Babu,member502@example.com,9316987012,41,Male,Vijayawada,Platinum,2022-11-13,Yes
5755,Manoj Das,member5755@example.com,9881153781,64,Male,Anantapur,Regular,2018-07-04,No
7127,Aditya Das,member7127@example.com,9204082665,42,Female,Tirupati,Regular,2019-10-14,Yes
37092,Manoj Singh,member37092@example.com,9372262045,54,Male,Kurnool,Regular,2025-02-26,Yes
19383,Manoj Reddy,member19383@example.com,9433484784,67,Male,Tirupati,Regular,2022-11-16,Yes
35847,Imran Babu,member35847@example.com,9787618197,54,Male,Tirupati,Gold,2023-01-18,Yes
34583,Vikram Naidu,member34583@example.com,9911040559,60,Female,Tirupati,Regular,2024-08-01,Yes
21906,Pooja Reddy,member21906@example.com,9384178828,33,Female,Tirupati,Silver,2019-11-18,Yes
25239,Meena Rao,member25239@example.com,9953995235,50,Male,Bengaluru,Regular,2018-10-20,Yes
10037,Arjun Patel,member10037@example.com,9325047051,34,Male,Tirupati,Regular,2024-05-19,Yes
35309,Ravi Khan,member35309@example.com,9928682879,58,Male,Nellore,Gold,2021-05-23,Yes
10803,Manoj Rao,member10803@example.com,9190524688,40,Male,Kurnool,Regular,2019-05-08,No
32806,Aditya Babu,member32806@example.com,9898018578,66,Male,Kurnool,Regular,2020-06-06,Yes
3419,Priya Naidu,member3419@example.com,9356183428,51,Male,Bengaluru,Regular,2019-11-02,Yes
26355,Pooja Babu,member26355@example.com,9271055739,21,Male,Anantapur,Regular,2024-01-12,Yes
5196,Arjun Verma,member5196@example.com,9706762627,18,Female,Nellore,Regular,2021-05-01,No
25201,Ali Babu,member25201@example.com,9668479406,30,Female,Kurnool,Regular,2024-03-23,Yes
7442,Vikram Sharma,member7442@example.com,9156442569,49,Female,Nellore,Regular,2022-04-22,No
1423,Pooja Singh,member1423@example.com,9792093108,20,Male,Bengaluru,Regular,2021-06-01,Yes
30455,Ali Khan,member30455@example.com,9949223960,34,Female,Guntur,Platinum,2022-07-06,Yes
15154,Ayesha Mishra,member15154@example.com,9762728500,48,Male,Bengaluru,Silver,2024-10-11,Yes
2562,Ananya Kumar,member2562@example.com,9351530516,29,Male,Hyderabad,Gold,2023-01-01,No
7309,John Gupta,member7309@example.com,9219629437,48,Male,Kurnool,Regular,2024-05-03,Yes
17477,Divya Khan,member17477@example.com,9442695747,33,Female,Hyderabad,Regular,2021-01-27,No
28067,Priya Reddy,member28067@example.com,9872920726,27,Male,Hyderabad,Regular,2022-11-15,Yes
39628,Ayesha Das,member39628@example.com,9842861842,38,Male,Bengaluru,Silver,2025-11-27,Yes
1164,Arjun Das,member1164@example.com,9127742504,42,Male,Tirupati,Regular,2025-08-07,Yes
2211,Priya Rao,member2211@example.com,9982004123,61,Male,Vijayawada,Platinum,2019-05-08,No
44405,Rahul Singh,member44405@example.com,9207363111,35,Male,Bengaluru,Regular,2024-02-03,Yes
1902,John Singh,member1902@example.com,9178267207,54,Female,Anantapur,Gold,2024-08-01,Yes
4163,Kiran Das,member4163@example.com,9951301463,55,Female,Kadapa,Regular,2026-05-10,Yes
17467,Ali Singh,member17467@example.com,9158425050,41,Male,Guntur,Gold,2019-05-23,Yes
2442,Vikram Patel,member2442@example.com,9324324612,28,Male,Bengaluru,Regular,2025-06-19,Yes
6212,John Patel,member6212@example.com,9476408137,31,Male,Nellore,Regular,2025-11-07,No
6401,Sahil Sharma,member6401@example.com,9201981349,28,Female,Bengaluru,Regular,2023-12-24,Yes
30128,Priya Sharma,member30128@example.com,9929637426,22,Female,Tirupati,Regular,2023-07-02,No
1006,Ravi Verma,member1006@example.com,9611664326,30,Male,Kurnool,Gold,2018-08-20,Yes
5489,Ananya Babu,member5489@example.com,9330846821,62,Female,Vijayawada,Regular,2025-05-15,Yes
9392,Ravi Verma,member9392@example.com,9518903573,26,Male,Kadapa,Regular,2023-05-20,Yes
29862,Varun Kumar,member29862@example.com,9393713877,30,Female,Kurnool,Regular,2025-12-23,Yes
36408,Ayesha Rao,member36408@example.com,9319922017,58,Male,Tirupati,Gold,2022-10-22,No
26543,Sahil Babu,member26543@example.com,9777172651,30,Male,Guntur,Silver,2019-12-04,Yes
3054,Pooja Mishra,member3054@example.com,9515341323,43,Male,Anantapur,Gold,2026-05-21,Yes
5489,Ananya Babu,member5489@example.com,9330846821,62,Female,Vijayawada,Regular,2025-05-15,Yes
2983,Aditya Patel,member2983@example.com,9429876266,55,Other,Kurnool,Gold,2023-04-17,No
47438,Manoj Babu,member47438@example.com,9316795900,34,Female,Kadapa,Gold,2026-07-19,Yes
5771,Priya Gupta,member5771@example.com,9626088765,30,Male,Anantapur,Silver,2018-12-11,No
22896,Priya Reddy,member22896@example.com,9963860883,33,Male,Anantapur,Regular,2025-03-08,No
2758,Manoj Mishra,member2758@example.com,9412759069,51,Female,Guntur,Silver,2021-04-19,Yes
23492,Kiran Singh,member23492@example.com,9310482289,33,Male,Kurnool,Regular,2021-08-01,No
4129,Vikram Singh,member4129@example.com,9182644120,58,Female,Tirupati,Gold,2020-11-18,No
25573,Ali Rao,member25573@example.com,9363029881,58,Male,Tirupati,Regular,2026-07-19,Yes
19706,Kiran Das,member19706@example.com,9997969767,66,Male,Kadapa,Regular,2021-06-13,Yes
27588,Sneha Yadav,member27588@example.com,9768358123,56,Female,Tirupati,Gold,2024-08-08,Yes
41890,Vikram Khan,member41890@example.com,9663815225,36,Male,Kadapa,Platinum,2026-04-30,No
24684,Varun Patel,member24684@example.com,9763538031,52,Male,Hyderabad,Platinum,2021-06-13,Yes
5654,Sahil Mishra,member5654@example.com,9124373653,45,Female,Kadapa,Regular,2022-05-07,Yes
44991,Arjun Verma,member44991@example.com,9806394020,51,Female,Hyderabad,Silver,2026-02-08,Yes
5228,Pooja Khan,member5228@example.com,9835080195,38,Female,Bengaluru,Regular,2026-04-29,Yes
13710,Ravi Babu,member13710@example.com,9289437104,52,Male,Vijayawada,Silver,2022-06-24,No
2580,Sneha Mishra,member2580@example.com,9274362224,35,Male,Hyderabad,Regular,2022-03-12,Yes
46698,Imran Patel,member46698@example.com,9955285708,39,Female,Guntur,Silver,2019-08-28,Yes
4868,Meena Sharma,member4868@example.com,9409120678,65,Male,Hyderabad,Gold,2018-12-12,Yes
9101,Varun Sharma,member9101@example.com,9448476430,31,Male,Tirupati,Silver,2018-04-26,Yes
21029,Meena Singh,member21029@example.com,9605733464,60,Female,Anantapur,Regular,2022-12-26,Yes
1705,Manoj Verma,member1705@example.com,9543136678,64,Female,Anantapur,Gold,2020-12-30,No
11154,Vikram Patel,member11154@example.com,9275599014,25,Female,Bengaluru,Regular,2020-09-11,Yes
31550,Ananya Sharma,member31550@example.com,9641444193,38,Male,Hyderabad,Silver,2020-10-12,Yes
28438,Meena Mishra,member28438@example.com,9892253134,40,Female,Hyderabad,Regular,2019-12-16,Yes
27244,John Sharma,member27244@example.com,9443205494,54,Female,Guntur,Silver,2020-12-04,Yes
6348,John Naidu,member6348@example.com,9453463038,59,Female,Nellore,Regular,2021-04-09,Yes
14846,Pooja Patel,member14846@example.com,9170856477,64,Male,Nellore,Regular,2024-09-27,Yes
9799,Ravi Naidu,member9799@example.com,9588898126,49,Male,Kadapa,Regular,2024-12-20,No
4265,Manoj Kumar,member4265@example.com,9945658790,62,Female,Kurnool,Regular,2023-08-23,Yes
17785,Divya Sharma,member17785@example.com,9277643300,37,Male,Guntur,Regular,2021-12-01,Yes
16113,Vikram Rao,member16113@example.com,9739171831,44,Male,Chennai,Silver,2025-05-27,Yes
3716,Ali Verma,member3716@example.com,9805283420,61,Female,Anantapur,Gold,2024-02-03,Yes
1181,Rahul Kumar,member1181@example.com,9612623321,50,Male,Hyderabad,Silver,2019-12-10,No
6068,Arjun Yadav,member6068@example.com,9195118092,26,Male,Kurnool,Regular,2021-10-15,Yes
950,Kiran Kumar,member950@example.com,9556077156,60,Female,Guntur,Silver,2021-05-05,Yes
4786,Sneha Verma,member4786@example.com,9210141348,43,Male,Kadapa,Regular,2025-04-15,No
19679,Priya Verma,member19679@example.com,9642631158,32,Female,Vijayawada,Regular,2021-01-31,Yes
46572,Arjun Naidu,member46572@example.com,9157221253,27,Male,Anantapur,Silver,2026-08-11,No
4460,Imran Mishra,member4460@example.com,9292001646,53,Male,Hyderabad,Regular,2025-05-01,Yes
15869,Meena Gupta,member15869@example.com,9445639701,32,Female,Tirupati,Silver,2023-06-04,Yes
13621,Aditya Das,member13621@example.com,9434802026,68,Female,Nellore,Regular,2025-09-18,Yes
20795,Imran Kumar,member20795@example.com,9159080961,45,Female,Bengaluru,Regular,2022-11-08,Yes
2361,Vikram Das,member2361@example.com,9411524438,44,Male,Hyderabad,Regular,2018-07-31,Yes
524,Manoj Das,member524@example.com,9545232951,40,Male,Guntur,Regular,2020-01-21,Yes
16338,Meena Singh,member16338@example.com,9422461771,40,Male,Nellore,Silver,2021-01-08,Yes
44779,Ananya Kumar,member44779@example.com,9346005876,27,Male,Nellore,Regular,2021-04-04,Yes
10990,Ravi Sharma,member10990@example.com,9270240537,25,Male,Hyderabad,Regular,2025-05-12,No
6677,Ananya Patel,member6677@example.com,9916506746,52,Male,Nellore,Gold,2023-09-14,Yes
24677,Manoj Mishra,member24677@example.com,9582623296,60,Male,Chennai,Regular,2021-08-08,Yes
1683,Pooja Patel,member1683@example.com,9139082650,68,Male,Tirupati,Regular,2022-05-19,No
25201,Ali Babu,member25201@example.com,9668479406,30,Female,Kurnool,Regular,2024-03-23,Yes
1176,Manoj Patel,member1176@example.com,9525341419,41,Male,Anantapur,Regular,2021-05-29,Yes
40888,Arjun Mishra,member40888@example.com,9865832485,36,Female,Hyderabad,Platinum,2021-04-14,Yes
7561,Aditya Reddy,member7561@example.com,9444813451,35,Female,Kadapa,Regular,2018-05-14,No
6050,Aditya Rao,member6050@example.com,9641886645,19,Female,Guntur,Regular,2018-10-19,Yes
3777,Ayesha Naidu,member3777@example.com,9868564638,43,Male,Tirupati,Regular,2020-05-22,Yes
4983,Rahul Babu,member4983@example.com,9856090979,39,Female,Tirupati,Gold,2019-03-08,Yes
21177,Vikram Khan,member21177@example.com,9865265049,24,Male,Kurnool,Regular,2022-06-14,Yes
37528,Rahul Babu,member37528@example.com,9736805237,22,Male,Tirupati,Gold,2025-12-09,Yes
470,Meena Naidu,member470@example.com,9582729657,20,Female,Kadapa,Regular,2021-10-03,No
25310,Pooja Verma,member25310@example.com,9440007577,58,Female,Guntur,Gold,2019-08-11,No
4776,Neha Mishra,member4776@example.com,9655479797,50,Other,Guntur,Gold,2018-03-07,No
7614,Ravi Naidu,member7614@example.com,9728891166,66,Female,Guntur,Silver,2018-01-10,Yes
45844,Priya Verma,member45844@example.com,9997650060,69,Male,Bengaluru,Platinum,2018-08-22,Yes
39809,Vikram Rao,member39809@example.com,9758010699,64,Male,Hyderabad,Gold,2023-05-22,Yes
843,Meena Patel,member843@example.com,9342111212,40,Male,Anantapur,Silver,2026-03-20,Yes
2060,Ravi Sharma,member2060@example.com,9658953300,40,Male,Hyderabad,Silver,2026-05-24,Yes
7366,Priya Babu,member7366@example.com,9684676855,28,Female,Vijayawada,Regular,2018-10-30,Yes
38302,Divya Rao,member38302@example.com,9405813813,34,Male,Anantapur,Regular,2026-07-29,No
32634,Meena Singh,member32634@example.com,9111629386,48,Male,Bengaluru,Regular,2024-08-05,Yes
7221,Divya Patel,member7221@example.com,9534603998,46,Female,Nellore,Gold,2021-10-09,Yes
46635,Neha Rao,member46635@example.com,9850318568,31,Other,Guntur,Platinum,2025-10-02,Yes
1711,Neha Yadav,member1711@example.com,9740227177,29,Female,Chennai,Regular,2019-04-24,Yes
17307,Vikram Verma,member17307@example.com,9262536235,28,Female,Anantapur,Gold,2021-10-03,Yes
26942,Kiran Verma,member26942@example.com,9610973950,69,Female,Kurnool,Gold,2024-05-03,Yes
3169,Sneha Singh,member3169@example.com,9729568492,38,Male,Vijayawada,Gold,2022-03-18,Yes
10599,Imran Das,member10599@example.com,9720433961,23,Female,Vijayawada,Gold,2021-06-22,Yes
14765,Neha Naidu,member14765@example.com,9223496332,39,Male,Vijayawada,Gold,2022-06-15,Yes
26575,Ayesha Yadav,member26575@example.com,9133256393,37,Male,Kadapa,Regular,2025-03-29,Yes
9888,Meena Verma,member9888@example.com,9211475169,55,Female,Kurnool,Gold,2025-09-26,Yes
22412,Sneha Mishra,member22412@example.com,9204287135,18,Female,Kurnool,Regular,2024-09-11,Yes
20566,Imran Mishra,member20566@example.com,9180981311,63,Female,Chennai,Regular,2025-04-07,Yes
32460,Rahul Khan,member32460@example.com,9735976678,52,Male,Kadapa,Gold,2022-07-24,No
37774,Varun Das,member37774@example.com,9705802546,60,Female,Chennai,Platinum,2026-05-28,Yes
21213,Arjun Khan,member21213@example.com,9258402534,33,Female,Tirupati,Regular,2020-03-30,No
3571,Sneha Das,member3571@example.com,9230476468,68,Female,Vijayawada,Platinum,2025-12-06,No
42040,Meena Babu,member42040@example.com,9608014746,43,Male,Guntur,Regular,2025-03-18,Yes
16126,Ayesha Yadav,member16126@example.com,9580445984,26,Male,Guntur,Silver,2023-04-23,Yes
28912,Ayesha Kumar,member28912@example.com,9905628119,21,Male,Bengaluru,Regular,2018-03-05,Yes
19648,Ayesha Reddy,member19648@example.com,9251309279,41,Male,Kurnool,Regular,2019-07-30,Yes
40352,Ali Reddy,member40352@example.com,9709312736,67,Female,Nellore,Platinum,2022-05-24,Yes
1864,Sneha Naidu,member1864@example.com,9344858632,55,Female,Guntur,Regular,2020-04-21,Yes
4977,Ali Gupta,member4977@example.com,9575781068,61,Male,Guntur,Regular,2026-07-03,No
26377,Vikram Babu,member26377@example.com,9744232940,22,Male,Tirupati,Regular,2024-02-28,Yes
34233,Kiran Reddy,member34233@example.com,9907210916,61,Male,Tirupati,Regular,2022-03-10,Yes
42603,Aditya Gupta,member42603@example.com,9466294847,54,Male,Bengaluru,Regular,2026-06-19,Yes
14737,Rahul Rao,member14737@example.com,9839348604,40,Other,Bengaluru,Regular,2024-03-20,No
2005,Priya Khan,member2005@example.com,9781763283,63,Female,Hyderabad,Regular,2023-08-17,Yes
6057,Ravi Yadav,member6057@example.com,9935396173,24,Female,Kadapa,Regular,2025-04-10,Yes
34428,Manoj Reddy,member34428@example.com,9943300853,67,Male,Kurnool,Silver,2025-09-15,Yes
32091,Divya Singh,member32091@example.com,9931772606,60,Male,Vijayawada,Silver,2026-03-31,Yes
29469,Neha Babu,member29469@example.com,9480660662,20,Female,Nellore,Regular,2022-07-21,Yes
9680,Rahul Gupta,member9680@example.com,9307338191,65,Female,Anantapur,Regular,2020-04-23,Yes
21023,Varun Sharma,member21023@example.com,9656879939,20,Male,Tirupati,Silver,2021-06-25,Yes
32791,Priya Rao,member32791@example.com,9509618568,63,Female,Nellore,Platinum,2025-12-18,Yes
4409,Pooja Singh,member4409@example.com,9617454951,25,Female,Vijayawada,Regular,2019-03-20,Yes
7295,Vikram Yadav,member7295@example.com,9441052395,67,Male,Anantapur,Gold,2020-11-10,Yes
11430,Ananya Sharma,member11430@example.com,9967124438,18,Female,Guntur,Gold,2020-05-09,Yes
30969,Arjun Yadav,member30969@example.com,9922082568,42,Female,Nellore,Regular,2019-02-27,Yes
32320,Manoj Yadav,member32320@example.com,9774214274,45,Male,Chennai,Regular,2023-10-27,Yes
35576,Ravi Mishra,member35576@example.com,9103805922,53,Female,Vijayawada,Regular,2022-09-08,Yes
46704,Ali Verma,member46704@example.com,9397182316,65,Male,Nellore,Regular,2025-07-22,Yes
6194,Ravi Gupta,member6194@example.com,9612644868,58,Female,Hyderabad,Regular,2020-08-26,No
15954,Sneha Singh,member15954@example.com,9977638159,22,Male,Chennai,Regular,2023-06-12,Yes
10658,Divya Patel,member10658@example.com,9683317094,36,Male,Guntur,Regular,2024-03-01,Yes
13971,Kiran Reddy,member13971@example.com,9292574304,66,Female,Hyderabad,Silver,2025-03-23,Yes
2869,Sneha Reddy,member2869@example.com,9438953817,20,Female,Kadapa,Regular,2018-06-11,No
26474,Sneha Singh,member26474@example.com,9778713545,67,Male,Kurnool,Regular,2018-02-18,No
2768,Rahul Verma,member2768@example.com,9994955025,64,Female,Anantapur,Regular,2019-12-30,Yes
18279,Rahul Mishra,member18279@example.com,9832996210,54,Female,Tirupati,Gold,2021-09-07,Yes
2970,John Singh,member2970@example.com,9262560447,55,Male,Tirupati,Regular,2019-02-22,Yes
145,Manoj Patel,member145@example.com,9412736383,23,Female,Kurnool,Silver,2021-09-06,Yes
13076,Divya Das,member13076@example.com,9126931559,51,Female,Chennai,Silver,2026-05-14,Yes
6195,Pooja Khan,member6195@example.com,9394345767,20,Female,Bengaluru,Silver,2023-05-05,Yes
37167,Manoj Khan,member37167@example.com,9854722040,36,Female,Bengaluru,Silver,2021-01-09,Yes
12124,Ayesha Reddy,member12124@example.com,9143225864,27,Female,Guntur,Regular,2026-07-09,No
3618,Vikram Gupta,member3618@example.com,9544330503,21,Female,Kadapa,Regular,2026-02-09,Yes
43472,John Reddy,member43472@example.com,9208689494,22,Female,Guntur,Silver,2018-03-06,Yes
30479,Vikram Patel,member30479@example.com,9823581944,20,Female,Tirupati,Regular,2023-02-10,Yes
42298,Imran Mishra,member42298@example.com,9433496174,54,Female,Bengaluru,Regular,2020-02-04,Yes
21366,Ayesha Verma,member21366@example.com,9560753075,49,Female,Bengaluru,Regular,2024-11-16,Yes
22816,Neha Singh,member22816@example.com,9253713479,18,Male,Kurnool,Regular,2026-01-29,Yes
2085,Aditya Das,member2085@example.com,9376733213,18,Male,Bengaluru,Silver,2018-02-05,Yes
17833,Sahil Reddy,member17833@example.com,9696492514,34,Male,Hyderabad,Platinum,2020-08-23,Yes
4036,Neha Verma,member4036@example.com,9722453214,63,Male,Kurnool,Regular,2025-04-11,Yes
400,Rahul Singh,member400@example.com,9498269995,50,Other,Chennai,Gold,2022-08-10,Yes
26073,Ayesha Sharma,member26073@example.com,9301249083,32,Male,Bengaluru,Regular,2020-04-23,Yes
5865,Kiran Khan,member5865@example.com,9548917596,31,Female,Nellore,Regular,2023-05-29,No
6530,Manoj Reddy,member6530@example.com,9736645540,19,Female,Vijayawada,Gold,2026-02-21,Yes
2532,Arjun Verma,member2532@example.com,9402836916,29,Female,Anantapur,Regular,2021-04-27,Yes
40571,Sneha Sharma,member40571@example.com,9889339100,47,Female,Kadapa,Regular,2025-07-19,No
17173,Varun Sharma,member17173@example.com,9193928935,43,Female,Kadapa,Regular,2026-06-22,No
35236,Neha Gupta,member35236@example.com,9842831939,63,Female,Bengaluru,Regular,2019-04-06,Yes
18955,John Sharma,member18955@example.com,9346252877,29,Male,Nellore,Regular,2025-11-26,Yes
20719,Arjun Khan,member20719@example.com,9481014472,68,Male,Vijayawada,Platinum,2025-04-25,Yes
3264,Ayesha Mishra,member3264@example.com,9877388654,42,Female,Anantapur,Regular,2023-09-20,Yes
17499,Aditya Reddy,member17499@example.com,9205791515,31,Female,Hyderabad,Regular,2018-05-02,Yes
2477,Neha Kumar,member2477@example.com,9193244258,61,Male,Chennai,Gold,2021-06-20,Yes
8583,Ravi Patel,member8583@example.com,9920247972,39,Female,Kurnool,Silver,2025-03-03,Yes
1912,Sneha Rao,member1912@example.com,9679358763,44,Female,Anantapur,Regular,2018-09-17,No
27728,Kiran Patel,member27728@example.com,9874959094,61,Male,Tirupati,Regular,2020-05-07,Yes
1485,Ravi Patel,member1485@example.com,9498590762,60,Male,Nellore,Gold,2019-11-11,Yes
2099,Ananya Rao,member2099@example.com,9679905201,38,Female,Bengaluru,Regular,2021-03-01,Yes
1986,Kiran Babu,member1986@example.com,9386475989,46,Other,Kadapa,Regular,2020-01-13,Yes
26633,Varun Verma,member26633@example.com,9248989031,27,Female,Guntur,Gold,2023-07-08,Yes
29077,Pooja Singh,member29077@example.com,9906041835,57,Female,Vijayawada,Silver,2018-08-26,Yes
15295,Kiran Gupta,member15295@example.com,9978455546,50,Other,Anantapur,Silver,2022-08-25,Yes
9695,Ravi Reddy,member9695@example.com,9238630375,50,Male,Kurnool,Regular,2021-02-21,Yes
5677,Vikram Sharma,member5677@example.com,9629983659,38,Female,Anantapur,Regular,2019-10-08,Yes
14181,Sneha Singh,member14181@example.com,9222521083,20,Male,Kurnool,Regular,2023-02-15,Yes
25561,Rahul Sharma,member25561@example.com,9487071056,59,Male,Nellore,Regular,2023-10-17,Yes
20547,Arjun Kumar,member20547@example.com,9840608569,18,Male,Kurnool,Gold,2024-01-31,No
11762,Ali Patel,member11762@example.com,9144456404,70,Male,Tirupati,Platinum,2023-03-24,Yes
22182,Arjun Sharma,member22182@example.com,9707327686,45,Female,Bengaluru,Regular,2024-04-08,Yes
8041,Rahul Naidu,member8041@example.com,9304940745,65,Female,Kurnool,Silver,2018-07-19,Yes
38849,Ali Singh,member38849@example.com,9302188918,34,Male,Tirupati,Regular,2024-01-04,Yes
28278,Sahil Reddy,member28278@example.com,9603058023,64,Female,Kurnool,Silver,2019-04-18,Yes
1227,Varun Babu,member1227@example.com,9808507158,30,Female,Nellore,Regular,2020-07-16,No
9160,Pooja Verma,member9160@example.com,9160704950,22,Female,Bengaluru,Regular,2023-09-18,Yes
854,Ananya Verma,member854@example.com,9970526400,27,Female,Hyderabad,Silver,2018-08-27,No
885,Arjun Mishra,member885@example.com,9272462985,29,Male,Bengaluru,Regular,2023-12-13,Yes
38282,Rahul Patel,member38282@example.com,9367819374,24,Male,Bengaluru,Regular,2019-04-01,Yes
3036,Kiran Khan,member3036@example.com,9377472783,39,Female,Chennai,Regular,2019-11-30,Yes
1031,Varun Reddy,member1031@example.com,9589680380,67,Female,Chennai,Silver,2019-07-17,No
13479,Vikram Sharma,member13479@example.com,9301208242,52,Female,Bengaluru,Regular,2021-10-12,Yes
34847,Vikram Sharma,member34847@example.com,9675208564,40,Male,Hyderabad,Gold,2018-09-27,Yes
31756,Vikram Khan,member31756@example.com,9294675363,31,Male,Chennai,Regular,2019-05-03,Yes
18795,Manoj Reddy,member18795@example.com,9762344247,32,Female,Bengaluru,Regular,2022-05-29,No
2768,Rahul Verma,member2768@example.com,9994955025,64,Female,Anantapur,Regular,2019-12-30,Yes
5967,Ayesha Singh,member5967@example.com,9467038281,27,Female,Nellore,Gold,2018-03-13,Yes
647,Aditya Verma,member647@example.com,9130757106,62,Female,Guntur,Regular,2024-06-06,No
3781,Manoj Sharma,member3781@example.com,9373234494,39,Male,Kurnool,Regular,2025-08-22,No
430,Ravi Khan,member430@example.com,9250547997,26,Male,Bengaluru,Silver,2018-10-30,No
4017,Meena Singh,member4017@example.com,9538683362,29,Male,Chennai,Gold,2018-09-09,Yes
23042,Rahul Das,member23042@example.com,9873221601,38,Female,Hyderabad,Regular,2025-07-21,No
19834,Imran Naidu,member19834@example.com,9530996895,62,Male,Kadapa,Regular,2018-12-03,Yes
37201,Kiran Naidu,member37201@example.com,9306281842,69,Female,Nellore,Regular,2022-08-07,Yes
1139,Priya Verma,member1139@example.com,9921874909,30,Male,Vijayawada,Regular,2021-07-19,Yes
2099,Ananya Rao,member2099@example.com,9679905201,38,Female,Bengaluru,Regular,2021-03-01,Yes
4058,Aditya Khan,member4058@example.com,9429457009,37,Male,Tirupati,Silver,2018-02-19,Yes
9556,Varun Mishra,member9556@example.com,9195069693,24,Male,Anantapur,Regular,2020-04-04,Yes
17584,John Singh,member17584@example.com,9500406679,56,Male,Kadapa,Regular,2026-06-28,No
4570,Aditya Yadav,member4570@example.com,9393235633,29,Female,Kadapa,Silver,2026-04-04,Yes
18176,Sahil Reddy,member18176@example.com,9557786242,65,Female,Chennai,Regular,2021-12-11,Yes
25783,Meena Reddy,member25783@example.com,9113819922,46,Female,Chennai,Silver,2018-06-15,Yes
199,John Khan,member199@example.com,9294437222,47,Male,Bengaluru,Gold,2023-04-05,Yes
1449,Aditya Mishra,member1449@example.com,9370335460,18,Female,Guntur,Silver,2026-02-21,No
40337,Pooja Rao,member40337@example.com,9832252200,44,Female,Chennai,Regular,2021-04-29,Yes
5747,Kiran Kumar,member5747@example.com,9132647077,43,Male,Tirupati,Regular,2021-07-28,Yes
44071,John Singh,member44071@example.com,9299286265,24,Female,Vijayawada,Silver,2023-06-14,Yes
17897,Priya Reddy,member17897@example.com,9109502714,36,Male,Anantapur,Regular,2023-01-18,Yes
9673,Sahil Rao,member9673@example.com,9676270036,20,Male,Chennai,Gold,2018-06-25,No
9243,Divya Rao,member9243@example.com,9639611808,55,Female,Anantapur,Silver,2018-07-22,Yes
682,Vikram Singh,member682@example.com,9622165155,36,Female,Hyderabad,Gold,2025-06-23,Yes
45098,Pooja Rao,member45098@example.com,9751292373,51,Male,Hyderabad,Gold,2025-03-22,Yes
8475,Imran Sharma,member8475@example.com,9415042191,40,Female,Chennai,Silver,2021-03-24,Yes
4274,Ananya Mishra,member4274@example.com,9798264588,53,Female,Hyderabad,Regular,2021-08-04,Yes
40065,Manoj Babu,member40065@example.com,9327916592,37,Male,Tirupati,Regular,2024-08-16,Yes
13485,Varun Mishra,member13485@example.com,9973909848,63,Other,Nellore,Regular,2024-08-22,Yes
2464,Vikram Babu,member2464@example.com,9432431296,36,Female,Kadapa,Regular,2021-05-12,No
41861,Divya Yadav,member41861@example.com,9298353428,38,Male,Guntur,Silver,2018-02-04,Yes
28449,Priya Sharma,member28449@example.com,9769337549,58,Female,Vijayawada,Regular,2023-12-29,Yes
7853,Pooja Das,member7853@example.com,9355925326,57,Male,Tirupati,Regular,2024-09-29,Yes
26107,Sneha Mishra,member26107@example.com,9920075969,53,Male,Hyderabad,Regular,2022-01-28,No
19475,Ananya Reddy,member19475@example.com,9831573364,29,Female,Guntur,Silver,2026-01-19,Yes
40830,Priya Naidu,member40830@example.com,9108518340,54,Female,Nellore,Regular,2024-12-10,Yes
6917,Kiran Babu,member6917@example.com,9491762428,42,Female,Kadapa,Silver,2021-11-16,Yes
16546,Meena Naidu,member16546@example.com,9745925194,29,Female,Vijayawada,Regular,2025-01-04,Yes
9448,Imran Khan,member9448@example.com,9832417676,52,Male,Tirupati,Silver,2021-10-14,Yes
1825,Ali Patel,member1825@example.com,9321139956,48,Male,Nellore,Regular,2024-12-01,Yes
6947,Priya Verma,member6947@example.com,9455892187,53,Female,Nellore,Regular,2020-09-16,Yes
3565,John Verma,member3565@example.com,9291573059,34,Male,Guntur,Silver,2018-04-20,No
323,Meena Naidu,member323@example.com,9785251982,65,Male,Kadapa,Regular,2024-09-02,Yes
27723,Meena Gupta,member27723@example.com,9453344511,68,Female,Tirupati,Regular,2019-07-12,Yes
44596,Arjun Sharma,member44596@example.com,9450045365,48,Female,Anantapur,Regular,2024-01-04,Yes
3403,Ayesha Sharma,member3403@example.com,9446489241,23,Female,Hyderabad,Regular,2024-07-17,Yes
2875,Ali Mishra,member2875@example.com,9811093399,43,Male,Nellore,Silver,2020-02-08,No
4216,Vikram Khan,member4216@example.com,9642556123,40,Male,Kurnool,Gold,2018-03-13,Yes
33068,Pooja Patel,member33068@example.com,9541125627,46,Female,Guntur,Regular,2020-10-29,Yes
6975,Ali Kumar,member6975@example.com,9936225417,62,Female,Chennai,Silver,2023-03-26,Yes
4580,Rahul Mishra,member4580@example.com,9464112851,24,Female,Nellore,Regular,2025-04-23,Yes
42040,Meena Babu,member42040@example.com,9608014746,43,Male,Guntur,Regular,2025-03-18,Yes
7688,Varun Patel,member7688@example.com,9118528659,52,Female,Vijayawada,Regular,2019-07-31,Yes
16870,Manoj Verma,member16870@example.com,9104165963,54,Male,Vijayawada,Regular,2024-04-20,Yes
29910,Aditya Gupta,member29910@example.com,9819925324,51,Female,Chennai,Platinum,2025-01-01,Yes
2386,Pooja Verma,member2386@example.com,9355048111,59,Female,Vijayawada,Gold,2024-08-08,No
6112,Vikram Mishra,member6112@example.com,9926307988,35,Female,Chennai,Regular,2019-10-22,Yes
7919,Vikram Kumar,member7919@example.com,9744295262,30,Female,Kadapa,Regular,2021-03-13,Yes
46536,Ayesha Gupta,member46536@example.com,9693616078,53,Male,Kadapa,Regular,2018-01-28,Yes
5305,Aditya Sharma,member5305@example.com,9497053089,20,Male,Nellore,Regular,2019-06-18,Yes
22446,Ali Das,member22446@example.com,9894928747,60,Female,Kadapa,Gold,2019-06-22,No
10325,Neha Khan,member10325@example.com,9702672674,28,Male,Vijayawada,Regular,2018-06-18,No
41365,Neha Patel,member41365@example.com,9493911928,56,Male,Tirupati,Regular,2025-06-25,No
429,Meena Rao,member429@example.com,9543175959,47,Female,Chennai,Gold,2019-01-26,No
46192,Priya Yadav,member46192@example.com,9834277713,34,Female,Nellore,Regular,2025-05-16,Yes
23187,Sahil Reddy,member23187@example.com,9997888773,59,Female,Guntur,Regular,2026-03-13,Yes
7498,Pooja Babu,member7498@example.com,9945965457,25,Female,Guntur,Silver,2024-03-03,Yes
33840,John Yadav,member33840@example.com,9569754693,25,Female,Hyderabad,Regular,2018-07-15,Yes
23589,Divya Rao,member23589@example.com,9323331603,66,Female,Guntur,Regular,2019-03-06,Yes
7295,Vikram Yadav,member7295@example.com,9441052395,67,Male,Anantapur,Gold,2020-11-10,Yes
17715,John Rao,member17715@example.com,9854501872,62,Male,Kadapa,Gold,2025-11-24,Yes
13168,John Mishra,member13168@example.com,9695319965,63,Female,Chennai,Regular,2020-01-09,Yes
2495,Priya Verma,member2495@example.com,9366377539,35,Female,Hyderabad,Gold,2022-04-18,Yes
11033,Neha Gupta,member11033@example.com,9599081545,43,Male,Chennai,Regular,2026-02-16,Yes
17399,Priya Patel,member17399@example.com,9689082169,24,Female,Kurnool,Silver,2020-02-10,Yes
39093,Manoj Patel,member39093@example.com,9517542470,54,Female,Chennai,Regular,2023-01-13,Yes
19137,Ali Kumar,member19137@example.com,9853109435,56,Female,Chennai,Regular,2022-01-18,Yes
16159,Aditya Reddy,member16159@example.com,9235502664,61,Female,Nellore,Regular,2024-08-01,Yes
10167,Ravi Sharma,member10167@example.com,9142826943,41,Male,Anantapur,Regular,2019-03-17,Yes
3031,John Kumar,member3031@example.com,9697314236,35,Male,Nellore,Regular,2019-10-04,No
3228,John Reddy,member3228@example.com,9499863941,67,Male,Nellore,Platinum,2026-06-01,Yes
5708,Kiran Yadav,member5708@example.com,9575168007,22,Male,Vijayawada,Gold,2025-11-24,Yes
12595,Pooja Naidu,member12595@example.com,9300560700,37,Male,Anantapur,Regular,2023-02-02,Yes
26773,Ayesha Sharma,member26773@example.com,9196598612,64,Female,Anantapur,Gold,2025-05-29,No
3376,Priya Reddy,member3376@example.com,9307452732,60,Male,Tirupati,Regular,2019-07-20,Yes
3864,Varun Babu,member3864@example.com,9585278580,27,Female,Bengaluru,Regular,2020-02-23,Yes
3367,Ayesha Gupta,member3367@example.com,9647319763,60,Male,Vijayawada,Regular,2025-09-06,Yes
15971,Ali Babu,member15971@example.com,9301736215,53,Male,Guntur,Silver,2024-10-17,Yes
19784,Meena Babu,member19784@example.com,9824715673,25,Male,Bengaluru,Regular,2019-06-05,Yes
2096,Sahil Sharma,member2096@example.com,9986365096,44,Female,Tirupati,Regular,2024-03-09,Yes
28781,Arjun Yadav,member28781@example.com,9779891959,57,Female,Nellore,Regular,2021-08-12,Yes
47438,Manoj Babu,member47438@example.com,9316795900,34,Female,Kadapa,Gold,2026-07-19,Yes
1282,Ravi Patel,member1282@example.com,9377122996,48,Male,Tirupati,Regular,2018-06-12,Yes
9065,Ali Babu,member9065@example.com,9746836532,66,Female,Kadapa,Silver,2021-07-05,Yes
915,Arjun Kumar,member915@example.com,9495381169,55,Male,Kadapa,Silver,2024-01-12,Yes
33780,Ananya Rao,member33780@example.com,9509176121,70,Other,Chennai,Regular,2021-08-22,Yes
899,Kiran Kumar,member899@example.com,9395856736,19,Male,Chennai,Gold,2020-03-08,Yes
2133,Arjun Verma,member2133@example.com,9736529753,64,Male,Nellore,Regular,2023-09-07,Yes
25232,Sneha Naidu,member25232@example.com,9343013748,34,Male,Tirupati,Gold,2026-08-09,Yes
2373,Pooja Babu,member2373@example.com,9956729034,28,Male,Kurnool,Gold,2026-05-11,Yes
8021,Arjun Das,member8021@example.com,9429109539,50,Male,Chennai,Regular,2021-06-19,No
38367,Meena Mishra,member38367@example.com,9481393260,67,Male,Kadapa,Gold,2023-05-02,No
1013,Neha Singh,member1013@example.com,9622463224,70,Female,Anantapur,Regular,2020-10-02,Yes
2248,Rahul Sharma,member2248@example.com,9899533267,61,Male,Kurnool,Gold,2022-09-07,Yes
42823,Sneha Singh,member42823@example.com,9409860241,27,Female,Guntur,Regular,2018-01-10,Yes
41916,Kiran Yadav,member41916@example.com,9703136721,50,Female,Tirupati,Platinum,2023-04-25,Yes
6649,Varun Patel,member6649@example.com,9326180358,20,Female,Anantapur,Regular,2025-12-13,Yes
40880,Rahul Das,member40880@example.com,9928044201,19,Female,Chennai,Silver,2026-04-01,Yes
2894,Divya Singh,member2894@example.com,9736644299,46,Male,Kurnool,Regular,2026-03-03,Yes
29683,Ananya Mishra,member29683@example.com,9809721858,68,Male,Vijayawada,Regular,2022-03-13,Yes
8618,Manoj Mishra,member8618@example.com,9103974259,34,Female,Tirupati,Silver,2020-03-26,Yes
2981,Vikram Sharma,member2981@example.com,9182044119,48,Male,Hyderabad,Regular,2023-04-15,Yes
23410,John Gupta,member23410@example.com,9889303053,45,Male,Chennai,Gold,2019-09-08,No
38692,John Babu,member38692@example.com,9961888557,54,Female,Hyderabad,Regular,2023-10-05,Yes
5716,Neha Kumar,member5716@example.com,9750049020,18,Female,Kurnool,Gold,2024-12-29,Yes
26943,Arjun Reddy,member26943@example.com,9346847529,65,Male,Guntur,Gold,2022-03-23,Yes
1877,Manoj Babu,member1877@example.com,9946990426,33,Male,Tirupati,Gold,2018-04-28,Yes
626,Priya Gupta,member626@example.com,9294805863,56,Female,Chennai,Gold,2025-08-19,Yes
19141,Sneha Verma,member19141@example.com,9475697419,46,Male,Hyderabad,Regular,2019-11-28,Yes
28160,Pooja Khan,member28160@example.com,9448618268,50,Female,Bengaluru,Silver,2024-12-21,Yes
5611,Sahil Kumar,member5611@example.com,9741913611,62,Female,Nellore,Regular,2025-08-04,Yes
20617,Varun Khan,member20617@example.com,9729325890,29,Male,Guntur,Regular,2020-12-02,Yes
4385,Meena Naidu,member4385@example.com,9497022285,50,Female,Anantapur,Gold,2024-03-20,No
15190,Pooja Das,member15190@example.com,9748777043,26,Male,Chennai,Regular,2020-05-08,No
41278,Arjun Verma,member41278@example.com,9367883788,18,Female,Kadapa,Silver,2019-10-21,Yes
7328,Vikram Verma,member7328@example.com,9639887598,21,Female,Anantapur,Regular,2021-02-15,Yes
2175,Neha Singh,member2175@example.com,9579442324,62,Male,Guntur,Regular,2020-04-17,No
26678,Imran Rao,member26678@example.com,9747413076,69,Male,Chennai,Silver,2020-12-12,Yes
4352,Priya Mishra,member4352@example.com,9464225486,37,Male,Nellore,Regular,2025-12-26,Yes
25431,Ananya Reddy,member25431@example.com,9708029459,35,Other,Nellore,Silver,2023-02-20,Yes
25377,Priya Patel,member25377@example.com,9351414714,39,Female,Chennai,Regular,2019-08-01,Yes
19475,Ananya Reddy,member19475@example.com,9831573364,29,Female,Guntur,Silver,2026-01-19,Yes
17417,Ananya Reddy,member17417@example.com,9992714992,40,Female,Guntur,Regular,2023-05-17,Yes
12231,Meena Mishra,member12231@example.com,9193135764,63,Male,Vijayawada,Regular,2026-02-22,Yes
5267,Ayesha Reddy,member5267@example.com,9232475599,31,Female,Tirupati,Regular,2021-01-25,Yes
352,Manoj Singh,member352@example.com,9483483369,44,Female,Hyderabad,Regular,2024-09-06,Yes
5012,Sneha Khan,member5012@example.com,9318164289,23,Male,Chennai,Regular,2021-08-02,Yes
15045,Neha Mishra,member15045@example.com,9114068616,24,Female,Kurnool,Regular,2022-03-24,Yes
11043,Ananya Verma,member11043@example.com,9785408240,29,Male,Guntur,Regular,2021-03-30,Yes
10825,Divya Khan,member10825@example.com,9178375462,37,Female,Nellore,Regular,2019-01-12,Yes
13587,Meena Mishra,member13587@example.com,9401092906,54,Female,Hyderabad,Regular,2023-08-16,No
35066,Varun Rao,member35066@example.com,9826350185,26,Female,Anantapur,Regular,2022-07-24,Yes
38939,Vikram Yadav,member38939@example.com,9732715721,33,Female,Tirupati,Regular,2022-04-09,Yes
23358,Sahil Babu,member23358@example.com,9711752373,29,Male,Kurnool,Regular,2023-02-19,Yes
9190,Divya Sharma,member9190@example.com,9725871190,28,Male,Kadapa,Gold,2025-01-18,Yes
27955,Aditya Verma,member27955@example.com,9209288934,31,Female,Anantapur,Regular,2022-10-11,Yes
30046,Sahil Mishra,member30046@example.com,9465265619,18,Female,Tirupati,Regular,2023-02-15,Yes
3830,Sahil Das,member3830@example.com,9818100828,61,Male,Tirupati,Regular,2023-01-10,Yes
44451,Aditya Das,member44451@example.com,9736609367,59,Female,Anantapur,Regular,2022-03-31,Yes
7123,Neha Das,member7123@example.com,9398558622,26,Female,Vijayawada,Silver,2025-06-04,Yes
1867,Neha Patel,member1867@example.com,9507079541,49,Female,Kadapa,Gold,2024-03-06,Yes
849,Ayesha Gupta,member849@example.com,9170569441,54,Female,Hyderabad,Regular,2026-05-11,No
11209,Rahul Verma,member11209@example.com,9662970566,56,Female,Chennai,Regular,2020-06-16,Yes
5267,Ayesha Reddy,member5267@example.com,9232475599,31,Female,Tirupati,Regular,2021-01-25,Yes
777,Divya Naidu,member777@example.com,9947727998,67,Female,Anantapur,Regular,2020-07-13,Yes
11798,Neha Verma,member11798@example.com,9529363628,64,Female,Guntur,Regular,2024-06-06,No
8666,Ayesha Gupta,member8666@example.com,9397380017,19,Female,Guntur,Regular,2026-06-05,Yes
7837,Neha Reddy,member7837@example.com,9928263911,62,Male,Vijayawada,Gold,2018-06-23,Yes
19222,Ananya Verma,member19222@example.com,9745632243,20,Female,Tirupati,Regular,2023-01-04,Yes
6101,Ravi Singh,member6101@example.com,9515720440,67,Male,Kurnool,Regular,2018-08-24,Yes
2056,Sneha Singh,member2056@example.com,9732209037,30,Female,Anantapur,Platinum,2024-12-19,Yes
37559,John Rao,member37559@example.com,9795534612,39,Male,Kadapa,Regular,2020-12-26,Yes
3037,Divya Yadav,member3037@example.com,9492496025,64,Male,Vijayawada,Regular,2025-12-06,Yes
7461,Divya Reddy,member7461@example.com,9925235181,29,Male,Kadapa,Regular,2025-06-14,Yes
1683,Pooja Patel,member1683@example.com,9139082650,68,Male,Tirupati,Regular,2022-05-19,No
11973,Rahul Naidu,member11973@example.com,9666065833,53,Male,Kadapa,Gold,2020-11-25,Yes
41758,Vikram Sharma,member41758@example.com,9296128822,38,Female,Tirupati,Silver,2023-10-02,No
20490,Priya Yadav,member20490@example.com,9970164163,23,Male,Kurnool,Regular,2019-07-12,No
1001,Arjun Gupta,member1001@example.com,9396434486,56,Male,Kurnool,Regular,2023-07-14,Yes
13476,Pooja Babu,member13476@example.com,9745044281,50,Female,Guntur,Regular,2024-08-17,No
10593,Neha Khan,member10593@example.com,9316141269,67,Male,Bengaluru,Silver,2020-10-18,Yes
11661,Neha Kumar,member11661@example.com,9187331903,56,Male,Anantapur,Silver,2021-02-06,Yes
4708,Aditya Khan,member4708@example.com,9495351792,40,Female,Nellore,Regular,2020-04-04,Yes
21908,Varun Reddy,member21908@example.com,9907596780,28,Female,Kadapa,Regular,2018-07-02,Yes
3932,John Babu,member3932@example.com,9620338621,37,Male,Nellore,Regular,2020-04-23,Yes
13269,Varun Mishra,member13269@example.com,9939758041,52,Male,Nellore,Platinum,2020-05-12,Yes
28188,Kiran Patel,member28188@example.com,9390743036,55,Male,Tirupati,Silver,2024-12-21,Yes
6523,Vikram Naidu,member6523@example.com,9978161142,25,Female,Kurnool,Gold,2026-01-19,No
29244,Divya Babu,member29244@example.com,9600776575,35,Female,Kadapa,Regular,2026-08-22,Yes
39809,Vikram Rao,member39809@example.com,9758010699,64,Male,Hyderabad,Gold,2023-05-22,Yes
7668,Kiran Sharma,member7668@example.com,9595872953,27,Female,Chennai,Regular,2026-06-07,Yes
7687,Divya Kumar,member7687@example.com,9454062365,33,Female,Vijayawada,Regular,2023-05-14,No
9932,Vikram Gupta,member9932@example.com,9158979498,35,Male,Hyderabad,Gold,2024-03-29,Yes
13376,Ayesha Gupta,member13376@example.com,9406877358,64,Other,Chennai,Gold,2022-01-13,Yes
7818,Pooja Patel,member7818@example.com,9401989247,66,Male,Guntur,Platinum,2018-05-31,Yes
1378,Meena Singh,member1378@example.com,9923366281,41,Male,Kurnool,Gold,2023-05-12,No
20758,Vikram Khan,member20758@example.com,9844461682,39,Female,Hyderabad,Regular,2021-07-16,Yes
8221,Manoj Yadav,member8221@example.com,9222448811,60,Male,Guntur,Regular,2019-04-19,Yes
40961,Aditya Patel,member40961@example.com,9866180199,31,Female,Kurnool,Regular,2021-06-05,Yes
4741,Priya Singh,member4741@example.com,9965059930,42,Female,Chennai,Silver,2023-12-22,Yes
34418,Ananya Patel,member34418@example.com,9859494663,23,Female,Vijayawada,Regular,2023-01-05,No
6014,Pooja Gupta,member6014@example.com,9589167646,30,Female,Kurnool,Regular,2026-08-19,Yes
217,Arjun Babu,member217@example.com,9908961915,34,Female,Anantapur,Regular,2023-08-27,Yes
7894,Vikram Reddy,member7894@example.com,9925966251,54,Male,Kurnool,Platinum,2025-07-04,Yes
5909,Arjun Khan,member5909@example.com,9430480842,48,Male,Chennai,Gold,2024-10-09,Yes
4505,Imran Gupta,member4505@example.com,9710308580,22,Male,Kadapa,Silver,2022-01-19,Yes
5712,Ananya Singh,member5712@example.com,9888388051,66,Male,Vijayawada,Regular,2020-02-01,Yes
32130,Sahil Sharma,member32130@example.com,9461960160,32,Male,Chennai,Regular,2024-01-14,Yes
22106,Priya Yadav,member22106@example.com,9713585452,46,Female,Guntur,Regular,2023-12-02,Yes
21660,Ananya Gupta,member21660@example.com,9630395177,43,Male,Tirupati,Regular,2021-12-17,Yes
5505,Divya Khan,member5505@example.com,9590362392,51,Male,Nellore,Regular,2024-10-02,Yes
39510,Pooja Yadav,member39510@example.com,9318843172,65,Female,Kurnool,Regular,2022-01-10,Yes
37460,John Gupta,member37460@example.com,9171077286,26,Male,Bengaluru,Regular,2022-10-17,No
16177,Aditya Rao,member16177@example.com,9352529532,64,Male,Kurnool,Regular,2026-05-08,Yes
7818,Pooja Patel,member7818@example.com,9401989247,66,Male,Guntur,Platinum,2018-05-31,Yes
45872,Vikram Naidu,member45872@example.com,9829318332,29,Female,Guntur,Gold,2023-12-04,Yes
17397,Sahil Yadav,member17397@example.com,9216142104,53,Female,Vijayawada,Platinum,2022-03-29,Yes
41187,Rahul Yadav,member41187@example.com,9446133141,57,Female,Kadapa,Silver,2020-01-05,Yes
1537,Imran Gupta,member1537@example.com,9450986954,27,Female,Chennai,Regular,2024-09-08,Yes
5011,Vikram Naidu,member5011@example.com,9891912470,33,Male,Chennai,Regular,2022-02-24,Yes
18149,Varun Babu,member18149@example.com,9916002082,43,Male,Tirupati,Platinum,2020-10-04,Yes
10593,Neha Khan,member10593@example.com,9316141269,67,Male,Bengaluru,Silver,2020-10-18,Yes
2555,Sahil Reddy,member2555@example.com,9901784306,52,Female,Kadapa,Regular,2026-06-27,Yes
3715,Kiran Reddy,member3715@example.com,9418194318,34,Female,Nellore,Regular,2023-02-14,Yes
10010,John Patel,member10010@example.com,9842343493,56,Male,Guntur,Regular,2026-05-22,Yes
19137,Ali Kumar,member19137@example.com,9853109435,56,Female,Chennai,Regular,2022-01-18,Yes
8275,Vikram Sharma,member8275@example.com,9905415471,29,Female,Anantapur,Regular,2020-04-29,Yes
9267,Meena Sharma,member9267@example.com,9214727228,20,Male,Guntur,Gold,2022-10-01,Yes
27675,Ayesha Patel,member27675@example.com,9747249941,42,Female,Anantapur,Gold,2026-03-08,Yes
29619,Meena Gupta,member29619@example.com,9325352370,36,Male,Vijayawada,Regular,2025-01-13,Yes
19435,Priya Gupta,member19435@example.com,9139915600,28,Female,Chennai,Regular,2023-01-28,Yes
22923,Ayesha Babu,member22923@example.com,9965861592,29,Male,Kadapa,Regular,2023-12-14,No
2515,Pooja Das,member2515@example.com,9601881310,21,Female,Guntur,Gold,2020-10-02,Yes
19719,Ravi Gupta,member19719@example.com,9140216935,62,Male,Kadapa,Gold,2020-02-27,Yes
17142,Arjun Babu,member17142@example.com,9939933894,34,Female,Guntur,Gold,2020-05-16,Yes
7678,Varun Mishra,member7678@example.com,9820950896,32,Female,Kurnool,Regular,2019-06-24,No
11033,Neha Gupta,member11033@example.com,9599081545,43,Male,Chennai,Regular,2026-02-16,Yes
34617,Ananya Reddy,member34617@example.com,9914737994,46,Male,Hyderabad,Regular,2021-11-05,Yes
43503,Ananya Babu,member43503@example.com,9756882737,33,Male,Bengaluru,Regular,2018-10-24,Yes
8618,Manoj Mishra,member8618@example.com,9103974259,34,Female,Tirupati,Silver,2020-03-26,Yes
4249,Ayesha Naidu,member4249@example.com,9933806198,53,Female,Kadapa,Gold,2019-11-10,Yes
1669,Imran Verma,member1669@example.com,9141173449,58,Male,Kurnool,Regular,2025-04-07,Yes
21074,Neha Kumar,member21074@example.com,9266532547,31,Male,Kurnool,Gold,2023-08-13,Yes
4705,Ananya Kumar,member4705@example.com,9327397947,30,Male,Kurnool,Regular,2025-12-18,Yes
937,John Gupta,member937@example.com,9315205359,55,Male,Nellore,Regular,2026-03-31,No
21974,Sneha Naidu,member21974@example.com,9311223563,21,Male,Nellore,Silver,2023-11-26,Yes
38935,Imran Babu,member38935@example.com,9352227228,56,Female,Guntur,Silver,2018-02-12,Yes
582,Aditya Gupta,member582@example.com,9160842577,70,Male,Anantapur,Regular,2023-09-03,Yes
6362,Priya Das,member6362@example.com,9672593053,58,Female,Kadapa,Silver,2020-04-22,No
771,Rahul Babu,member771@example.com,9970583891,21,Male,Kadapa,Regular,2025-04-16,Yes
15556,Meena Das,member15556@example.com,9903182182,43,Male,Kurnool,Gold,2019-04-09,No
24453,Arjun Yadav,member24453@example.com,9727347474,53,Male,Nellore,Gold,2024-01-06,Yes
16314,Sneha Singh,member16314@example.com,9121659864,28,Male,Tirupati,Regular,2022-05-04,Yes
298,Ali Mishra,member298@example.com,9346234038,21,Female,Bengaluru,Silver,2020-06-24,Yes
20223,Imran Das,member20223@example.com,9492915398,63,Female,Hyderabad,Gold,2023-05-09,Yes
28122,Ravi Patel,member28122@example.com,9384054435,22,Female,Kadapa,Silver,2019-03-12,Yes
3309,Ravi Rao,member3309@example.com,9708126334,48,Female,Chennai,Regular,2021-05-02,Yes
17682,Imran Sharma,member17682@example.com,9935726080,60,Female,Kurnool,Gold,2020-09-11,Yes
29103,Pooja Singh,member29103@example.com,9147959258,62,Male,Hyderabad,Gold,2020-11-29,Yes
12105,Aditya Patel,member12105@example.com,9200058878,68,Female,Vijayawada,Silver,2025-11-06,Yes
14062,Imran Das,member14062@example.com,9553389499,38,Female,Hyderabad,Regular,2025-04-26,Yes
3402,Sneha Naidu,member3402@example.com,9568950887,66,Male,Kadapa,Regular,2022-11-10,Yes
15297,John Verma,member15297@example.com,9652131151,36,Female,Vijayawada,Regular,2019-10-08,Yes
45745,Ravi Verma,member45745@example.com,9666859463,43,Female,Hyderabad,Regular,2022-04-26,Yes
23615,Imran Singh,member23615@example.com,9151823517,62,Male,Anantapur,Silver,2022-12-13,Yes
37637,Neha Khan,member37637@example.com,9550597939,57,Female,Bengaluru,Regular,2020-08-06,Yes
27562,Ananya Mishra,member27562@example.com,9155567923,68,Female,Nellore,Regular,2020-05-29,No
5408,John Yadav,member5408@example.com,9899023371,63,Female,Bengaluru,Regular,2020-10-26,No
6294,Varun Verma,member6294@example.com,9765160421,47,Male,Nellore,Gold,2021-12-02,Yes
3426,Meena Gupta,member3426@example.com,9792324549,66,Female,Kurnool,Gold,2025-11-18,Yes
17363,Divya Rao,member17363@example.com,9256544879,19,Female,Nellore,Regular,2022-11-09,Yes
26073,Ayesha Sharma,member26073@example.com,9301249083,32,Male,Bengaluru,Regular,2020-04-23,Yes
23803,John Babu,member23803@example.com,9867710129,51,Female,Vijayawada,Regular,2025-05-09,No
21245,Varun Kumar,member21245@example.com,9693439839,53,Female,Tirupati,Regular,2022-09-27,Yes
22698,Ananya Sharma,member22698@example.com,9873404518,28,Male,Chennai,Gold,2025-08-04,Yes
8323,Manoj Patel,member8323@example.com,9778103705,44,Male,Kadapa,Regular,2018-06-27,No
22202,Meena Singh,member22202@example.com,9996548874,43,Female,Guntur,Silver,2018-11-03,Yes
11712,Varun Babu,member11712@example.com,9634665516,35,Female,Guntur,Regular,2025-05-16,Yes
43423,Neha Mishra,member43423@example.com,9845031522,45,Male,Hyderabad,Regular,2019-06-19,Yes
5309,Vikram Gupta,member5309@example.com,9777706667,29,Female,Chennai,Regular,2025-11-07,Yes
24989,Priya Gupta,member24989@example.com,9363926207,18,Male,Kadapa,Regular,2018-10-12,Yes
2418,Ayesha Verma,member2418@example.com,9304592334,34,Female,Anantapur,Regular,2024-02-11,Yes
6986,Ali Khan,member6986@example.com,9268251189,67,Male,Tirupati,Gold,2026-07-02,Yes
31215,Ravi Rao,member31215@example.com,9618723229,41,Male,Kadapa,Gold,2018-12-01,Yes
37520,Ali Singh,member37520@example.com,9434769791,61,Male,Nellore,Regular,2019-06-17,Yes
2706,Manoj Verma,member2706@example.com,9609492671,33,Female,Vijayawada,Regular,2021-12-24,Yes
42390,Varun Mishra,member42390@example.com,9628610393,46,Female,Hyderabad,Gold,2023-08-01,Yes
32668,Rahul Babu,member32668@example.com,9397962994,63,Female,Hyderabad,Regular,2025-08-10,No
16915,Divya Kumar,member16915@example.com,9523419928,38,Male,Guntur,Silver,2021-03-24,Yes
44156,Sahil Mishra,member44156@example.com,9532547471,59,Male,Kadapa,Platinum,2025-07-19,Yes
29602,Ravi Reddy,member29602@example.com,9454955980,66,Male,Vijayawada,Regular,2019-01-15,Yes
1471,Sahil Reddy,member1471@example.com,9277949267,28,Male,Chennai,Regular,2026-01-01,Yes
43322,Sneha Khan,member43322@example.com,9194693791,70,Male,Anantapur,Regular,2024-11-28,Yes
6393,Aditya Naidu,member6393@example.com,9690908985,68,Male,Tirupati,Regular,2026-04-15,Yes
18917,John Verma,member18917@example.com,9826333816,25,Male,Bengaluru,Regular,2025-05-24,Yes
579,Kiran Patel,member579@example.com,9286511046,24,Female,Hyderabad,Regular,2023-08-08,Yes
3859,Sahil Singh,member3859@example.com,9211682851,26,Male,Hyderabad,Regular,2021-05-14,Yes
9791,Sneha Verma,member9791@example.com,9155254387,19,Other,Vijayawada,Regular,2025-02-13,Yes
21536,Arjun Patel,member21536@example.com,9729575803,30,Female,Anantapur,Regular,2023-11-16,Yes
777,Divya Naidu,member777@example.com,9947727998,67,Female,Anantapur,Regular,2020-07-13,Yes
2741,John Reddy,member2741@example.com,9546744951,57,Female,Bengaluru,Gold,2018-09-20,Yes
1641,Divya Naidu,member1641@example.com,9290383700,67,Male,Hyderabad,Regular,2025-11-02,Yes
11576,Pooja Naidu,member11576@example.com,9594689966,70,Male,Kurnool,Gold,2019-05-05,Yes
20413,Neha Sharma,member20413@example.com,9125749114,60,Other,Guntur,Regular,2023-09-08,Yes
28582,Manoj Kumar,member28582@example.com,9400317416,55,Female,Kadapa,Regular,2019-02-21,Yes
2082,Aditya Das,member2082@example.com,9484995068,51,Female,Anantapur,Silver,2026-03-31,Yes
41682,Sahil Babu,member41682@example.com,9610188110,56,Female,Vijayawada,Gold,2022-05-01,Yes
6851,Arjun Reddy,member6851@example.com,9510600450,56,Female,Tirupati,Regular,2021-04-17,Yes
524,Manoj Das,member524@example.com,9545232951,40,Male,Guntur,Regular,2020-01-21,Yes
38004,John Singh,member38004@example.com,9450868911,52,Female,Bengaluru,Silver,2023-04-08,Yes
30694,Ravi Yadav,member30694@example.com,9737205072,26,Female,Nellore,Regular,2024-08-25,Yes
3069,Ananya Babu,member3069@example.com,9323302024,41,Male,Hyderabad,Regular,2020-01-28,Yes
33422,Neha Naidu,member33422@example.com,9849826654,64,Male,Vijayawada,Gold,2021-07-20,Yes
23937,Arjun Yadav,member23937@example.com,9957263488,55,Female,Nellore,Regular,2024-05-25,Yes
46032,Ali Khan,member46032@example.com,9962784341,24,Female,Chennai,Silver,2018-12-14,Yes
22549,Divya Khan,member22549@example.com,9822580241,53,Male,Kurnool,Regular,2026-01-23,Yes
10743,Priya Babu,member10743@example.com,9463725530,63,Female,Nellore,Silver,2022-11-15,Yes
32739,Aditya Naidu,member32739@example.com,9763924837,66,Female,Hyderabad,Gold,2020-10-01,No
47356,Neha Yadav,member47356@example.com,9549601227,35,Female,Anantapur,Regular,2018-09-29,Yes
17096,Aditya Kumar,member17096@example.com,9709249000,35,Male,Nellore,Regular,2026-04-20,Yes
5712,Ananya Singh,member5712@example.com,9888388051,66,Male,Vijayawada,Regular,2020-02-01,Yes
6917,Kiran Babu,member6917@example.com,9491762428,42,Female,Kadapa,Silver,2021-11-16,Yes
2528,Rahul Patel,member2528@example.com,9914934454,56,Male,Kurnool,Regular,2018-07-07,Yes
1485,Ravi Patel,member1485@example.com,9498590762,60,Male,Nellore,Gold,2019-11-11,Yes
29709,Varun Sharma,member29709@example.com,9374900799,47,Male,Hyderabad,Gold,2026-03-14,Yes
24067,Ravi Gupta,member24067@example.com,9662297964,23,Male,Hyderabad,Regular,2020-01-21,Yes
2465,Varun Kumar,member2465@example.com,9572505070,39,Female,Anantapur,Regular,2022-08-11,Yes
41058,Kiran Mishra,member41058@example.com,9249299374,48,Male,Vijayawada,Silver,2018-08-15,Yes
429,Meena Rao,member429@example.com,9543175959,47,Female,Chennai,Gold,2019-01-26,No
23503,Imran Gupta,member23503@example.com,9204052439,67,Female,Kurnool,Regular,2021-03-02,Yes
37795,Meena Gupta,member37795@example.com,9772011865,44,Female,Kurnool,Regular,2021-01-28,Yes
5565,Aditya Rao,member5565@example.com,9958364773,45,Female,Anantapur,Silver,2022-07-30,Yes
5908,Pooja Khan,member5908@example.com,9126800966,43,Male,Chennai,Gold,2021-12-25,Yes
7475,Sahil Rao,member7475@example.com,9214827789,66,Female,Bengaluru,Regular,2024-04-06,Yes
21299,Pooja Singh,member21299@example.com,9626723717,49,Female,Anantapur,Silver,2023-03-14,Yes
2876,John Sharma,member2876@example.com,9342317117,40,Male,Chennai,Regular,2026-05-17,Yes
10599,Imran Das,member10599@example.com,9720433961,23,Female,Vijayawada,Gold,2021-06-22,Yes
4525,Divya Babu,member4525@example.com,9459074390,28,Other,Anantapur,Gold,2025-01-24,Yes
46201,Kiran Patel,member46201@example.com,9483744338,52,Male,Vijayawada,Regular,2018-09-21,No
21724,Divya Patel,member21724@example.com,9501325833,68,Female,Hyderabad,Gold,2020-06-22,Yes
27601,Rahul Rao,member27601@example.com,9600530855,70,Male,Vijayawada,Regular,2021-10-10,Yes
18876,Ananya Rao,member18876@example.com,9225090825,44,Male,Anantapur,Silver,2019-03-08,No
737,Rahul Babu,member737@example.com,9516273156,52,Male,Anantapur,Gold,2026-02-05,Yes
17458,Meena Babu,member17458@example.com,9540971910,34,Female,Kurnool,Silver,2018-08-01,Yes
30479,Vikram Patel,member30479@example.com,9823581944,20,Female,Tirupati,Regular,2023-02-10,Yes
2625,Manoj Sharma,member2625@example.com,9510217224,51,Male,Kurnool,Regular,2020-12-28,No
30170,Priya Mishra,member30170@example.com,9988599633,55,Female,Tirupati,Platinum,2018-09-28,Yes
2212,Ravi Kumar,member2212@example.com,9774156996,23,Female,Kadapa,Platinum,2022-08-25,Yes
38742,Vikram Reddy,member38742@example.com,9858104677,65,Male,Chennai,Regular,2023-02-15,Yes
31409,Priya Sharma,member31409@example.com,9164542791,59,Female,Hyderabad,Regular,2025-04-30,No
8231,Priya Gupta,member8231@example.com,9219127073,64,Male,Tirupati,Regular,2023-03-19,Yes
33090,Imran Das,member33090@example.com,9341914389,42,Female,Nellore,Gold,2019-07-06,Yes
2916,Neha Mishra,member2916@example.com,9409996231,55,Male,Tirupati,Gold,2026-01-27,Yes
22473,Priya Das,member22473@example.com,9289954647,64,Male,Tirupati,Regular,2025-02-10,Yes
33604,Ali Yadav,member33604@example.com,9931282762,69,Male,Anantapur,Silver,2019-01-15,Yes
31946,Ravi Kumar,member31946@example.com,9543670200,35,Female,Bengaluru,Platinum,2023-11-16,Yes
22809,Arjun Khan,member22809@example.com,9119279642,56,Other,Tirupati,Silver,2019-05-27,Yes
7238,Priya Das,member7238@example.com,9553787133,45,Female,Tirupati,Regular,2021-06-11,Yes
6109,John Naidu,member6109@example.com,9224053847,27,Male,Hyderabad,Silver,2022-10-03,Yes
1049,Sahil Singh,member1049@example.com,9198201321,60,Female,Kurnool,Silver,2018-04-02,Yes
45950,Ali Patel,member45950@example.com,9773478202,22,Other,Tirupati,Silver,2026-04-05,Yes
15971,Ali Babu,member15971@example.com,9301736215,53,Male,Guntur,Silver,2024-10-17,Yes
17875,John Mishra,member17875@example.com,9608009890,35,Female,Guntur,Gold,2019-02-14,Yes
46664,Sneha Patel,member46664@example.com,9579509715,61,Male,Kurnool,Silver,2018-05-03,Yes
1132,Aditya Yadav,member1132@example.com,9786944145,66,Female,Chennai,Gold,2025-06-04,Yes
9402,Kiran Patel,member9402@example.com,9140623643,44,Male,Kurnool,Regular,2020-07-25,Yes
14807,Vikram Reddy,member14807@example.com,9105073827,53,Female,Guntur,Regular,2019-11-08,No
27525,Manoj Patel,member27525@example.com,9780447750,40,Female,Anantapur,Regular,2024-10-23,Yes
39671,Rahul Gupta,member39671@example.com,9325246173,69,Female,Guntur,Regular,2024-10-27,Yes
39894,John Mishra,member39894@example.com,9412436305,51,Male,Kurnool,Silver,2019-12-23,Yes
2743,Kiran Verma,member2743@example.com,9394095176,30,Male,Kurnool,Gold,2021-03-25,Yes
3050,Ravi Singh,member3050@example.com,9778240401,46,Male,Nellore,Gold,2022-10-25,Yes
50,Aditya Das,member50@example.com,9376407098,29,Female,Guntur,Silver,2025-11-14,Yes
7614,Ravi Naidu,member7614@example.com,9728891166,66,Female,Guntur,Silver,2018-01-10,Yes
15171,Ananya Reddy,member15171@example.com,9432224162,52,Male,Nellore,Regular,2025-02-07,Yes
17973,Divya Patel,member17973@example.com,9326369096,65,Female,Chennai,Regular,2018-12-02,Yes
28355,Aditya Gupta,member28355@example.com,9272221142,22,Female,Nellore,Regular,2025-06-08,No
174,Rahul Mishra,member174@example.com,9205935387,39,Male,Bengaluru,Silver,2022-03-01,Yes
19902,Meena Kumar,member19902@example.com,9134240220,59,Male,Anantapur,Regular,2022-06-19,No
15801,Sneha Khan,member15801@example.com,9369229822,36,Female,Bengaluru,Regular,2019-07-18,Yes
420,Priya Rao,member420@example.com,9143941773,37,Male,Anantapur,Gold,2019-06-06,Yes
5837,Aditya Rao,member5837@example.com,9956968081,36,Male,Chennai,Regular,2019-03-09,Yes
39625,Sahil Singh,member39625@example.com,9236235249,33,Female,Chennai,Gold,2025-05-22,No
3244,Neha Gupta,member3244@example.com,9292088256,38,Female,Guntur,Regular,2023-06-17,Yes
801,Manoj Mishra,member801@example.com,9371183764,31,Female,Kadapa,Regular,2023-10-17,Yes
10414,Ananya Mishra,member10414@example.com,9406220494,57,Female,Hyderabad,Regular,2021-05-27,Yes
7561,Aditya Reddy,member7561@example.com,9444813451,35,Female,Kadapa,Regular,2018-05-14,No
3708,Aditya Das,member3708@example.com,9627581735,19,Male,Chennai,Regular,2020-07-01,Yes
3556,Meena Babu,member3556@example.com,9863059808,29,Female,Bengaluru,Silver,2026-02-22,No
31179,Kiran Naidu,member31179@example.com,9353382959,59,Female,Chennai,Regular,2021-07-18,Yes
21610,Sneha Kumar,member21610@example.com,9910727523,39,Female,Guntur,Silver,2022-12-30,Yes
44738,Sneha Patel,member44738@example.com,9625348724,35,Female,Kurnool,Platinum,2018-12-18,Yes
21908,Varun Reddy,member21908@example.com,9907596780,28,Female,Kadapa,Regular,2018-07-02,Yes
44512,Imran Babu,member44512@example.com,9256554157,67,Female,Tirupati,Regular,2018-11-28,Yes
13848,Sneha Mishra,member13848@example.com,9206611440,47,Male,Vijayawada,Regular,2022-01-03,Yes
19416,Ananya Rao,member19416@example.com,9365364642,46,Female,Anantapur,Gold,2026-06-02,No
2800,Ananya Babu,member2800@example.com,9156523696,26,Male,Chennai,Gold,2018-02-12,Yes
5276,Aditya Reddy,member5276@example.com,9464286574,66,Male,Vijayawada,Silver,2021-02-01,Yes
31366,Ayesha Rao,member31366@example.com,9315743421,36,Male,Kadapa,Gold,2025-12-02,Yes
44597,Arjun Sharma,member44597@example.com,9388313845,53,Male,Hyderabad,Regular,2022-04-14,No
12478,Priya Reddy,member12478@example.com,9826435194,51,Male,Bengaluru,Regular,2021-05-06,No
45452,Divya Singh,member45452@example.com,9304621291,54,Male,Kurnool,Silver,2026-05-01,No
29834,Neha Verma,member29834@example.com,9682180107,63,Male,Chennai,Silver,2022-06-19,Yes
1669,Imran Verma,member1669@example.com,9141173449,58,Male,Kurnool,Regular,2025-04-07,Yes
21044,Ali Naidu,member21044@example.com,9434519075,27,Male,Guntur,Regular,2020-05-18,Yes
29168,Rahul Sharma,member29168@example.com,9908243600,63,Male,Bengaluru,Regular,2026-08-16,Yes
17543,Vikram Yadav,member17543@example.com,9461746220,54,Female,Anantapur,Regular,2023-08-15,Yes
4514,Neha Rao,member4514@example.com,9720006155,38,Male,Tirupati,Regular,2023-07-24,Yes
14500,Ravi Sharma,member14500@example.com,9858795490,54,Male,Anantapur,Regular,2019-03-29,Yes
4017,Meena Singh,member4017@example.com,9538683362,29,Male,Chennai,Gold,2018-09-09,Yes
7366,Priya Babu,member7366@example.com,9684676855,28,Female,Vijayawada,Regular,2018-10-30,Yes
355,Kiran Babu,member355@example.com,9724843662,51,Female,Anantapur,Regular,2020-01-03,Yes
7853,Pooja Das,member7853@example.com,9355925326,57,Male,Tirupati,Regular,2024-09-29,Yes
40566,Pooja Yadav,member40566@example.com,9816534967,25,Female,Nellore,Regular,2019-05-04,Yes
10477,Sneha Kumar,member10477@example.com,9193428327,30,Male,Guntur,Regular,2024-04-30,Yes
39589,Neha Reddy,member39589@example.com,9498481397,30,Male,Vijayawada,Gold,2025-03-04,Yes
25504,Varun Das,member25504@example.com,9736821540,59,Male,Guntur,Platinum,2023-02-07,Yes
466,Pooja Mishra,member466@example.com,9919336678,22,Male,Tirupati,Regular,2025-10-06,Yes
2653,Aditya Reddy,member2653@example.com,9348382875,32,Male,Chennai,Regular,2021-08-22,Yes
32130,Sahil Sharma,member32130@example.com,9461960160,32,Male,Chennai,Regular,2024-01-14,Yes
5046,Imran Rao,member5046@example.com,9871347527,35,Male,Guntur,Regular,2022-07-20,No
2001,Manoj Sharma,member2001@example.com,9471415253,64,Female,Tirupati,Regular,2026-08-20,Yes
15076,Sahil Reddy,member15076@example.com,9849777252,44,Male,Hyderabad,Regular,2024-04-18,Yes
26331,Arjun Khan,member26331@example.com,9679544975,30,Male,Nellore,Regular,2021-08-01,Yes
18773,Ali Singh,member18773@example.com,9766585483,61,Female,Tirupati,Regular,2020-09-07,Yes
6568,Ayesha Mishra,member6568@example.com,9562640315,59,Male,Nellore,Regular,2025-06-19,Yes
19806,Ananya Rao,member19806@example.com,9405070911,66,Female,Kadapa,Regular,2025-02-08,Yes
22017,Meena Mishra,member22017@example.com,9543699981,33,Male,Bengaluru,Regular,2019-05-13,Yes
15287,Priya Gupta,member15287@example.com,9911261991,65,Male,Guntur,Regular,2025-07-28,Yes
14404,Neha Das,member14404@example.com,9387267185,18,Male,Kurnool,Regular,2020-06-02,Yes
33493,Priya Verma,member33493@example.com,9153292732,36,Female,Chennai,Silver,2022-12-12,No
29046,Arjun Rao,member29046@example.com,9353093107,54,Male,Chennai,Regular,2020-01-03,Yes
4337,Priya Khan,member4337@example.com,9837352069,19,Female,Anantapur,Silver,2020-02-28,Yes
47219,Priya Rao,member47219@example.com,9859775307,36,Female,Kadapa,Gold,2021-05-18,Yes
29157,Ali Gupta,member29157@example.com,9251899814,57,Male,Guntur,Silver,2025-02-23,Yes
15530,Vikram Das,member15530@example.com,9344360716,57,Female,Vijayawada,Platinum,2019-03-29,Yes
29289,Priya Naidu,member29289@example.com,9151255150,61,Female,Tirupati,Silver,2019-03-16,No
17639,Kiran Babu,member17639@example.com,9389582287,28,Male,Nellore,Silver,2023-09-06,Yes
2762,Ali Singh,member2762@example.com,9629392547,67,Female,Tirupati,Regular,2024-04-20,Yes
4539,Ananya Reddy,member4539@example.com,9537382289,22,Female,Vijayawada,Silver,2019-12-14,No
29267,Varun Kumar,member29267@example.com,9793517240,70,Female,Hyderabad,Gold,2021-08-14,Yes
21657,Vikram Verma,member21657@example.com,9607312809,43,Female,Tirupati,Silver,2021-07-02,Yes
41799,Arjun Singh,member41799@example.com,9659353022,51,Female,Kadapa,Regular,2023-02-27,Yes
14837,Priya Kumar,member14837@example.com,9261410116,31,Female,Bengaluru,Platinum,2025-05-07,Yes
23970,Sneha Sharma,member23970@example.com,9273325490,19,Male,Kadapa,Gold,2024-03-10,Yes
16031,Sneha Rao,member16031@example.com,9849991408,51,Male,Vijayawada,Silver,2025-12-30,Yes
27675,Ayesha Patel,member27675@example.com,9747249941,42,Female,Anantapur,Gold,2026-03-08,Yes
39770,Pooja Verma,member39770@example.com,9141095677,29,Male,Guntur,Regular,2020-03-28,Yes
23059,Ananya Naidu,member23059@example.com,9506766153,31,Male,Bengaluru,Silver,2025-05-06,Yes
32513,John Yadav,member32513@example.com,9512925532,20,Female,Bengaluru,Regular,2024-06-18,No
30797,Rahul Rao,member30797@example.com,9937179231,68,Male,Bengaluru,Gold,2022-03-22,Yes
17567,Arjun Naidu,member17567@example.com,9274780164,18,Male,Anantapur,Regular,2024-02-08,Yes
14837,Priya Kumar,member14837@example.com,9261410116,31,Female,Bengaluru,Platinum,2025-05-07,Yes
5212,Neha Sharma,member5212@example.com,9368684217,47,Male,Hyderabad,Platinum,2022-08-08,Yes
23946,Priya Naidu,member23946@example.com,9789694780,42,Female,Nellore,Platinum,2021-09-08,Yes
6688,Priya Khan,member6688@example.com,9655218642,28,Male,Vijayawada,Silver,2024-03-10,Yes
3706,Imran Khan,member3706@example.com,9171094993,65,Male,Hyderabad,Regular,2024-06-10,Yes
11030,Priya Gupta,member11030@example.com,9216714122,23,Female,Nellore,Platinum,2018-05-23,Yes
6073,Ali Gupta,member6073@example.com,9552651561,31,Female,Tirupati,Regular,2019-12-29,Yes
38261,Ravi Kumar,member38261@example.com,9463788824,26,Male,Anantapur,Regular,2024-03-13,Yes
5217,Ayesha Mishra,member5217@example.com,9376354223,18,Male,Anantapur,Regular,2025-10-19,Yes
15944,Ravi Das,member15944@example.com,9820675935,38,Female,Bengaluru,Regular,2023-01-07,No
1864,Sneha Naidu,member1864@example.com,9344858632,55,Female,Guntur,Regular,2020-04-21,Yes
15626,Varun Singh,member15626@example.com,9995291668,23,Male,Bengaluru,Silver,2020-06-19,Yes
5877,Vikram Kumar,member5877@example.com,9777274781,22,Female,Hyderabad,Silver,2021-07-19,Yes
9793,Sahil Kumar,member9793@example.com,9470448249,62,Female,Bengaluru,Gold,2024-02-24,Yes
23358,Sahil Babu,member23358@example.com,9711752373,29,Male,Kurnool,Regular,2023-02-19,Yes
45883,Neha Babu,member45883@example.com,9746341854,64,Male,Vijayawada,Regular,2021-03-13,Yes
17299,Pooja Naidu,member17299@example.com,9689084829,19,Male,Guntur,Silver,2019-01-18,Yes
5541,Manoj Das,member5541@example.com,9190700100,20,Male,Vijayawada,Silver,2020-06-21,Yes
23013,Pooja Mishra,member23013@example.com,9808307682,62,Male,Bengaluru,Platinum,2018-12-26,Yes
20980,Kiran Babu,member20980@example.com,9185837425,62,Female,Vijayawada,Regular,2025-12-25,Yes
3003,John Babu,member3003@example.com,9371022153,27,Male,Vijayawada,Gold,2025-06-13,Yes
31444,Imran Kumar,member31444@example.com,9368699960,50,Male,Hyderabad,Regular,2025-02-23,Yes
29309,Ayesha Singh,member29309@example.com,9487010314,20,Female,Guntur,Gold,2023-10-26,Yes
14175,Arjun Sharma,member14175@example.com,9347233293,62,Female,Bengaluru,Gold,2023-06-12,Yes
40382,Arjun Verma,member40382@example.com,9248321065,58,Female,Kurnool,Regular,2021-01-31,No
32309,Divya Yadav,member32309@example.com,9786804812,50,Female,Kurnool,Gold,2021-12-23,Yes
15444,Aditya Kumar,member15444@example.com,9571291388,25,Female,Kurnool,Silver,2025-11-02,Yes
18829,Ravi Naidu,member18829@example.com,9727517032,42,Female,Kadapa,Regular,2022-07-23,Yes
36410,Ayesha Reddy,member36410@example.com,9977396347,56,Male,Kadapa,Silver,2025-05-30,Yes
5246,Pooja Naidu,member5246@example.com,9764249324,64,Female,Hyderabad,Regular,2021-11-13,Yes
6408,Imran Yadav,member6408@example.com,9436647078,55,Female,Tirupati,Silver,2026-03-28,Yes
31343,Varun Sharma,member31343@example.com,9175157846,25,Male,Vijayawada,Regular,2018-08-15,Yes
23035,Sneha Naidu,member23035@example.com,9968347693,38,Male,Kadapa,Regular,2025-06-15,No
45862,Kiran Kumar,member45862@example.com,9607099665,50,Female,Guntur,Regular,2026-01-23,Yes
26890,Divya Naidu,member26890@example.com,9667754416,24,Female,Bengaluru,Gold,2024-04-28,Yes
45282,Sneha Singh,member45282@example.com,9839729527,36,Female,Anantapur,Regular,2023-09-23,Yes
3029,Rahul Yadav,member3029@example.com,9849755900,58,Male,Tirupati,Gold,2025-08-05,Yes
16298,Meena Kumar,member16298@example.com,9266439574,61,Male,Tirupati,Regular,2022-12-04,No
32722,Manoj Reddy,member32722@example.com,9561728125,38,Male,Chennai,Regular,2018-09-17,Yes
25685,Aditya Patel,member25685@example.com,9480666894,48,Male,Hyderabad,Gold,2025-09-24,Yes
6162,Neha Mishra,member6162@example.com,9107919185,38,Male,Anantapur,Silver,2020-11-09,Yes
33808,Sahil Khan,member33808@example.com,9600317069,69,Other,Anantapur,Regular,2021-09-22,Yes
3832,Sneha Sharma,member3832@example.com,9855748300,67,Male,Kurnool,Regular,2025-01-20,No
3435,Pooja Kumar,member3435@example.com,9848107714,61,Male,Tirupati,Regular,2026-01-08,Yes
3078,Imran Singh,member3078@example.com,9118672667,58,Male,Kadapa,Regular,2024-11-23,Yes
18146,Ali Kumar,member18146@example.com,9395546366,60,Male,Kurnool,Regular,2025-07-19,Yes
13040,Ananya Khan,member13040@example.com,9581004869,21,Female,Kadapa,Platinum,2019-05-04,Yes
34038,Sneha Babu,member34038@example.com,9242240508,37,Male,Nellore,Regular,2023-03-14,Yes
36291,Sahil Mishra,member36291@example.com,9825647901,35,Male,Chennai,Regular,2021-09-09,Yes
4708,Aditya Khan,member4708@example.com,9495351792,40,Female,Nellore,Regular,2020-04-04,Yes
28118,Ananya Patel,member28118@example.com,9502479193,59,Male,Vijayawada,Regular,2024-10-03,Yes
7787,Sneha Reddy,member7787@example.com,9516602701,20,Male,Anantapur,Platinum,2023-07-04,Yes
13964,Neha Das,member13964@example.com,9342658159,67,Male,Guntur,Platinum,2022-03-02,Yes
35105,Rahul Naidu,member35105@example.com,9225346024,68,Male,Bengaluru,Regular,2019-11-04,Yes
40077,Vikram Reddy,member40077@example.com,9179125219,42,Female,Chennai,Gold,2020-06-01,Yes
5554,Varun Singh,member5554@example.com,9669001431,64,Male,Hyderabad,Regular,2026-07-26,Yes
41064,Kiran Rao,member41064@example.com,9432560008,41,Female,Tirupati,Regular,2018-10-29,Yes
5043,Manoj Yadav,member5043@example.com,9319341212,62,Female,Chennai,Regular,2021-01-01,Yes
28625,Ananya Rao,member28625@example.com,9627382139,52,Female,Guntur,Gold,2018-09-17,Yes
23714,Priya Khan,member23714@example.com,9283231711,65,Female,Hyderabad,Regular,2022-03-23,Yes
8318,Pooja Khan,member8318@example.com,9916084325,54,Male,Nellore,Regular,2021-06-28,Yes
26942,Kiran Verma,member26942@example.com,9610973950,69,Female,Kurnool,Gold,2024-05-03,Yes
8678,Divya Naidu,member8678@example.com,9894532111,28,Male,Kadapa,Gold,2019-02-19,No
21724,Divya Patel,member21724@example.com,9501325833,68,Female,Hyderabad,Gold,2020-06-22,Yes
8490,Neha Kumar,member8490@example.com,9569058986,69,Female,Tirupati,Regular,2023-04-22,Yes
11811,Vikram Babu,member11811@example.com,9495073977,70,Other,Vijayawada,Regular,2023-11-25,Yes
22751,Divya Yadav,member22751@example.com,9686055587,52,Female,Chennai,Regular,2021-01-15,Yes
4223,Neha Rao,member4223@example.com,9670471354,18,Male,Bengaluru,Gold,2020-07-11,Yes
10640,Sneha Mishra,member10640@example.com,9755051525,27,Male,Hyderabad,Silver,2024-03-27,Yes
18479,Meena Mishra,member18479@example.com,9744164180,25,Female,Anantapur,Silver,2020-01-03,Yes
43062,Neha Yadav,member43062@example.com,9563168775,51,Male,Tirupati,Regular,2020-02-05,Yes
36005,Ayesha Mishra,member36005@example.com,9626656745,53,Male,Kurnool,Regular,2022-02-24,Yes
46574,Imran Patel,member46574@example.com,9389391464,55,Male,Chennai,Regular,2025-04-10,Yes
7230,Ali Gupta,member7230@example.com,9998047981,38,Male,Bengaluru,Gold,2020-04-08,Yes
38492,Sahil Patel,member38492@example.com,9456366591,53,Female,Vijayawada,Silver,2018-10-06,Yes
7442,Vikram Sharma,member7442@example.com,9156442569,49,Female,Nellore,Regular,2022-04-22,No
14626,Varun Gupta,member14626@example.com,9851829185,35,Female,Anantapur,Silver,2024-02-26,Yes
16455,Ananya Reddy,member16455@example.com,9733237366,27,Female,Anantapur,Regular,2018-07-15,Yes
46028,Varun Reddy,member46028@example.com,9894588563,33,Female,Vijayawada,Silver,2026-02-13,No
10167,Ravi Sharma,member10167@example.com,9142826943,41,Male,Anantapur,Regular,2019-03-17,Yes
12059,Neha Rao,member12059@example.com,9491675865,22,Female,Vijayawada,Regular,2021-01-06,Yes
15459,Manoj Naidu,member15459@example.com,9598142690,38,Female,Bengaluru,Gold,2024-08-06,Yes
46410,Imran Rao,member46410@example.com,9160487395,52,Female,Kadapa,Gold,2023-10-27,Yes
5505,Divya Khan,member5505@example.com,9590362392,51,Male,Nellore,Regular,2024-10-02,Yes
7706,Manoj Singh,member7706@example.com,9703564752,23,Female,Vijayawada,Silver,2026-04-28,Yes
6109,John Naidu,member6109@example.com,9224053847,27,Male,Hyderabad,Silver,2022-10-03,Yes
26608,Ravi Babu,member26608@example.com,9747069408,26,Male,Bengaluru,Gold,2022-08-17,Yes
11476,Varun Gupta,member11476@example.com,9883104647,38,Male,Nellore,Gold,2026-05-12,Yes
8280,Pooja Khan,member8280@example.com,9616107548,46,Male,Kadapa,Silver,2024-02-14,Yes
21061,Sneha Rao,member21061@example.com,9152453979,24,Female,Chennai,Regular,2025-11-07,Yes
10736,Neha Sharma,member10736@example.com,9813909162,21,Female,Guntur,Gold,2025-08-26,Yes
5734,Varun Khan,member5734@example.com,9698476922,22,Female,Nellore,Regular,2020-02-02,Yes
20218,Kiran Babu,member20218@example.com,9608212312,57,Female,Hyderabad,Gold,2022-03-22,No
12595,Pooja Naidu,member12595@example.com,9300560700,37,Male,Anantapur,Regular,2023-02-02,Yes
7030,Manoj Mishra,member7030@example.com,9808993685,26,Male,Vijayawada,Regular,2021-01-22,Yes
16373,Rahul Gupta,member16373@example.com,9881123359,58,Female,Vijayawada,Gold,2026-02-02,Yes
15665,Ayesha Patel,member15665@example.com,9737318166,42,Female,Tirupati,Gold,2021-04-17,Yes
13589,Imran Kumar,member13589@example.com,9568570866,36,Female,Bengaluru,Gold,2023-02-15,No
17307,Vikram Verma,member17307@example.com,9262536235,28,Female,Anantapur,Gold,2021-10-03,Yes
20138,Kiran Das,member20138@example.com,9666245580,43,Other,Chennai,Platinum,2023-10-11,Yes
12154,Aditya Yadav,member12154@example.com,9114938072,44,Male,Kurnool,Silver,2021-04-15,Yes
43331,Divya Reddy,member43331@example.com,9288737143,66,Female,Chennai,Silver,2021-08-12,Yes
8871,Manoj Sharma,member8871@example.com,9700037271,42,Male,Anantapur,Gold,2024-01-28,No
40489,Manoj Reddy,member40489@example.com,9638504495,49,Male,Hyderabad,Silver,2018-07-23,Yes
13161,Priya Gupta,member13161@example.com,9321237405,47,Male,Chennai,Regular,2020-10-25,No
29142,Ali Verma,member29142@example.com,9722572240,66,Female,Anantapur,Regular,2025-05-17,Yes
40066,Varun Khan,member40066@example.com,9117726090,68,Female,Kadapa,Regular,2021-02-28,Yes
10425,Kiran Babu,member10425@example.com,9687368299,18,Male,Hyderabad,Platinum,2018-03-20,Yes
8421,Vikram Gupta,member8421@example.com,9435298146,36,Female,Vijayawada,Platinum,2018-03-02,Yes
45941,Priya Rao,member45941@example.com,9643732915,40,Female,Vijayawada,Silver,2018-02-26,Yes
6659,Ravi Patel,member6659@example.com,9944033601,40,Female,Kadapa,Regular,2021-10-29,Yes
849,Ayesha Gupta,member849@example.com,9170569441,54,Female,Hyderabad,Regular,2026-05-11,No
42005,Varun Mishra,member42005@example.com,9580547230,19,Female,Chennai,Regular,2019-07-04,Yes
11105,Ravi Babu,member11105@example.com,9999846833,61,Female,Chennai,Silver,2020-11-15,Yes
6833,Sneha Singh,member6833@example.com,9716447170,33,Female,Anantapur,Regular,2026-06-27,Yes
11307,Vikram Sharma,member11307@example.com,9861047473,33,Male,Nellore,Regular,2020-12-05,Yes
31459,Varun Gupta,member31459@example.com,9116527761,37,Female,Tirupati,Regular,2026-04-19,Yes
30056,Ananya Khan,member30056@example.com,9938544053,68,Female,Hyderabad,Silver,2022-01-02,Yes
18555,Vikram Mishra,member18555@example.com,9421166663,49,Female,Guntur,Regular,2021-07-22,Yes
35928,Divya Babu,member35928@example.com,9112202077,52,Female,Kurnool,Regular,2021-12-20,No
4679,Pooja Rao,member4679@example.com,9965136508,33,Male,Guntur,Silver,2019-08-21,Yes
21392,Manoj Das,member21392@example.com,9696660822,49,Male,Guntur,Regular,2023-02-22,Yes
3930,Priya Singh,member3930@example.com,9620682088,37,Male,Kurnool,Platinum,2023-04-09,Yes
20917,Imran Khan,member20917@example.com,9720742223,27,Male,Kurnool,Silver,2026-08-11,No
3169,Sneha Singh,member3169@example.com,9729568492,38,Male,Vijayawada,Gold,2022-03-18,Yes
45663,Imran Babu,member45663@example.com,9732216377,39,Female,Bengaluru,Regular,2021-10-08,Yes
33904,Sahil Khan,member33904@example.com,9924107673,48,Male,Guntur,Regular,2025-08-22,Yes
6706,Ananya Rao,member6706@example.com,9405908763,49,Male,Anantapur,Regular,2024-02-19,Yes
3790,Ayesha Kumar,member3790@example.com,9939357647,37,Male,Nellore,Silver,2019-04-22,Yes
44111,Meena Gupta,member44111@example.com,9146896489,24,Female,Kadapa,Regular,2021-07-23,Yes
35215,Manoj Mishra,member35215@example.com,9749774864,45,Female,Hyderabad,Regular,2023-05-22,Yes
15732,Arjun Khan,member15732@example.com,9239894089,68,Male,Chennai,Regular,2019-12-28,Yes
6975,Ali Kumar,member6975@example.com,9936225417,62,Female,Chennai,Silver,2023-03-26,Yes
8239,John Patel,member8239@example.com,9143112536,47,Female,Nellore,Silver,2023-01-09,Yes
36286,Rahul Das,member36286@example.com,9410994835,70,Male,Chennai,Regular,2021-01-08,Yes
8962,Sahil Gupta,member8962@example.com,9411477132,34,Male,Anantapur,Regular,2018-11-21,Yes
5330,Ali Rao,member5330@example.com,9727103681,47,Male,Kurnool,Gold,2022-05-29,Yes
6661,Vikram Verma,member6661@example.com,9705991931,23,Female,Anantapur,Regular,2020-10-01,Yes
42284,Vikram Naidu,member42284@example.com,9975372019,52,Male,Tirupati,Gold,2025-08-18,Yes
16158,Manoj Patel,member16158@example.com,9586374061,52,Male,Tirupati,Silver,2025-08-28,Yes
44712,Meena Reddy,member44712@example.com,9158122891,53,Male,Bengaluru,Silver,2020-11-03,Yes
29142,Ali Verma,member29142@example.com,9722572240,66,Female,Anantapur,Regular,2025-05-17,Yes
8782,Meena Patel,member8782@example.com,9808710033,64,Female,Kadapa,Silver,2025-09-09,Yes
34177,Sahil Naidu,member34177@example.com,9871095715,53,Male,Vijayawada,Regular,2023-09-12,Yes
19102,Rahul Khan,member19102@example.com,9986102176,58,Female,Vijayawada,Regular,2023-02-22,Yes
8762,Rahul Yadav,member8762@example.com,9178283902,67,Male,Kurnool,Silver,2025-06-07,Yes
9268,Ali Mishra,member9268@example.com,9181946797,66,Male,Anantapur,Gold,2021-01-28,Yes
28192,Sahil Rao,member28192@example.com,9856548521,45,Male,Hyderabad,Gold,2023-07-11,No
30225,Neha Sharma,member30225@example.com,9727916721,26,Female,Guntur,Silver,2024-11-21,No
46703,Sahil Khan,member46703@example.com,9643954511,50,Female,Bengaluru,Regular,2020-01-16,Yes
5004,Ananya Sharma,member5004@example.com,9689877434,34,Male,Vijayawada,Regular,2018-01-12,Yes
29763,John Singh,member29763@example.com,9890853828,55,Male,Nellore,Gold,2024-03-13,Yes
20648,Arjun Sharma,member20648@example.com,9652161145,29,Male,Hyderabad,Silver,2022-06-14,Yes
45998,Aditya Gupta,member45998@example.com,9631214160,62,Male,Kadapa,Silver,2018-12-04,No
40357,Manoj Kumar,member40357@example.com,9715899903,52,Male,Guntur,Regular,2024-07-08,Yes
8058,Pooja Verma,member8058@example.com,9270692504,38,Male,Kurnool,Regular,2026-07-17,No
5056,John Das,member5056@example.com,9126219978,52,Male,Nellore,Regular,2023-03-20,Yes
46057,Vikram Rao,member46057@example.com,9513765360,39,Female,Nellore,Regular,2020-02-12,Yes
7626,Divya Patel,member7626@example.com,9789595170,27,Female,Anantapur,Regular,2021-07-01,Yes
18093,Manoj Naidu,member18093@example.com,9941723915,62,Female,Kadapa,Regular,2021-08-15,Yes
20392,Rahul Reddy,member20392@example.com,9898278944,53,Female,Vijayawada,Regular,2018-11-09,Yes
10312,Meena Kumar,member10312@example.com,9283171397,28,Male,Tirupati,Silver,2018-01-26,Yes
16431,Pooja Sharma,member16431@example.com,9205795387,39,Male,Hyderabad,Silver,2024-11-26,Yes
29265,Ali Gupta,member29265@example.com,9776016881,50,Male,Kadapa,Gold,2022-12-11,Yes
4083,Kiran Rao,member4083@example.com,9218296258,50,Male,Hyderabad,Regular,2019-02-11,Yes
14544,Ali Kumar,member14544@example.com,9669969396,63,Female,Bengaluru,Regular,2022-07-06,No
13485,Varun Mishra,member13485@example.com,9973909848,63,Other,Nellore,Regular,2024-08-22,Yes
19486,Vikram Kumar,member19486@example.com,9831837438,59,Male,Hyderabad,Regular,2024-07-23,Yes
10531,Priya Babu,member10531@example.com,9725032624,25,Male,Kurnool,Silver,2024-02-03,Yes
4200,Neha Mishra,member4200@example.com,9559412394,40,Male,Kadapa,Regular,2021-05-04,Yes
17395,Sneha Patel,member17395@example.com,9504691443,47,Male,Nellore,Regular,2018-11-17,Yes
9729,Neha Sharma,member9729@example.com,9412465923,60,Female,Kadapa,Regular,2024-08-01,Yes
35433,Varun Verma,member35433@example.com,9426303697,42,Male,Kurnool,Regular,2020-11-21,Yes
18150,John Gupta,member18150@example.com,9630252011,62,Female,Kurnool,Platinum,2026-01-07,Yes
7639,Ravi Naidu,member7639@example.com,9597050753,21,Male,Guntur,Regular,2021-02-01,Yes
6434,John Sharma,member6434@example.com,9609252155,38,Female,Anantapur,Gold,2018-06-13,Yes
6030,Aditya Kumar,member6030@example.com,9892068468,20,Female,Tirupati,Regular,2019-10-24,Yes
6995,Sneha Singh,member6995@example.com,9872690097,50,Female,Nellore,Regular,2026-03-13,Yes
14936,Arjun Naidu,member14936@example.com,9496468227,34,Male,Anantapur,Regular,2025-05-14,No
1867,Neha Patel,member1867@example.com,9507079541,49,Female,Kadapa,Gold,2024-03-06,Yes
35543,Ananya Naidu,member35543@example.com,9909372012,18,Female,Vijayawada,Regular,2023-07-23,Yes
7545,John Babu,member7545@example.com,9425871515,28,Male,Bengaluru,Regular,2020-04-20,Yes
5378,Varun Reddy,member5378@example.com,9299540161,51,Female,Vijayawada,Gold,2023-05-18,Yes
43610,Neha Singh,member43610@example.com,9983129373,32,Male,Nellore,Regular,2019-10-29,Yes
37223,Vikram Singh,member37223@example.com,9793316374,25,Male,Kadapa,Regular,2020-08-26,Yes
40120,Pooja Patel,member40120@example.com,9432542703,57,Male,Kadapa,Regular,2021-12-15,Yes
34036,Ali Khan,member34036@example.com,9310372189,52,Male,Kurnool,Silver,2022-12-22,No
14957,Imran Das,member14957@example.com,9506781432,51,Female,Guntur,Gold,2018-12-14,Yes
2894,Divya Singh,member2894@example.com,9736644299,46,Male,Kurnool,Regular,2026-03-03,Yes
15508,Manoj Gupta,member15508@example.com,9740898765,57,Male,Nellore,Regular,2022-01-24,Yes
6355,Varun Verma,member6355@example.com,9525982994,69,Female,Vijayawada,Regular,2018-10-20,Yes
34328,Aditya Verma,member34328@example.com,9576118071,44,Female,Chennai,Regular,2023-07-12,Yes
5408,John Yadav,member5408@example.com,9899023371,63,Female,Bengaluru,Regular,2020-10-26,No
16508,Pooja Kumar,member16508@example.com,9120171495,32,Female,Kadapa,Gold,2020-01-25,Yes
9556,Varun Mishra,member9556@example.com,9195069693,24,Male,Anantapur,Regular,2020-04-04,Yes
33646,Manoj Reddy,member33646@example.com,9386636872,63,Male,Hyderabad,Gold,2024-02-04,Yes
6736,Ayesha Verma,member6736@example.com,9967144489,62,Male,Kurnool,Regular,2023-02-10,Yes
19022,Divya Khan,member19022@example.com,9983499777,23,Female,Bengaluru,Regular,2022-03-23,No
12031,Divya Yadav,member12031@example.com,9690876183,27,Male,Anantapur,Gold,2021-11-03,Yes
32823,Divya Gupta,member32823@example.com,9343089352,33,Female,Anantapur,Gold,2021-07-24,Yes
11576,Pooja Naidu,member11576@example.com,9594689966,70,Male,Kurnool,Gold,2019-05-05,Yes
34233,Kiran Reddy,member34233@example.com,9907210916,61,Male,Tirupati,Regular,2022-03-10,Yes
14274,Imran Patel,member14274@example.com,9118960404,44,Male,Kadapa,Gold,2021-04-25,Yes
13572,Ali Verma,member13572@example.com,9336641291,51,Female,Nellore,Regular,2019-12-18,Yes
15143,Priya Kumar,member15143@example.com,9218872071,65,Female,Vijayawada,Gold,2025-12-11,Yes
8756,Varun Yadav,member8756@example.com,9723008405,21,Female,Hyderabad,Regular,2018-04-03,Yes
10596,Ayesha Rao,member10596@example.com,9236279404,25,Male,Kurnool,Regular,2021-03-21,Yes
34928,Ananya Reddy,member34928@example.com,9499622821,60,Male,Hyderabad,Regular,2023-05-24,Yes
34635,Ananya Khan,member34635@example.com,9353262683,44,Female,Anantapur,Regular,2022-06-25,Yes
44478,Ali Rao,member44478@example.com,9245841276,29,Male,Kadapa,Regular,2025-10-18,Yes
17100,Divya Das,member17100@example.com,9863255132,60,Female,Vijayawada,Silver,2022-04-02,Yes
39983,Sneha Das,member39983@example.com,9728257743,42,Male,Guntur,Regular,2024-03-09,Yes
9804,Varun Kumar,member9804@example.com,9806946820,33,Female,Anantapur,Gold,2023-06-18,Yes
44317,Pooja Rao,member44317@example.com,9845094104,22,Male,Tirupati,Platinum,2024-12-27,No
29721,Imran Patel,member29721@example.com,9524717672,58,Female,Tirupati,Regular,2023-07-16,Yes
10942,Aditya Babu,member10942@example.com,9976682285,66,Male,Kadapa,Regular,2022-05-07,Yes
37977,Imran Sharma,member37977@example.com,9708419524,21,Male,Anantapur,Regular,2023-11-06,No
46338,Imran Sharma,member46338@example.com,9286338476,51,Female,Hyderabad,Regular,2023-04-03,Yes
9268,Ali Mishra,member9268@example.com,9181946797,66,Male,Anantapur,Gold,2021-01-28,Yes
5538,Divya Khan,member5538@example.com,9456738756,55,Male,Hyderabad,Platinum,2018-07-26,No
7564,Neha Reddy,member7564@example.com,9459033646,20,Male,Chennai,Silver,2025-02-18,Yes
18036,Ali Naidu,member18036@example.com,9575794369,38,Female,Tirupati,Regular,2024-05-02,Yes
39590,Manoj Verma,member39590@example.com,9696689667,59,Male,Guntur,Regular,2021-10-19,No
45345,Rahul Khan,member45345@example.com,9961695423,56,Male,Tirupati,Regular,2023-08-14,Yes
28944,Sneha Naidu,member28944@example.com,9461322919,66,Female,Kadapa,Silver,2021-04-28,Yes
29696,John Sharma,member29696@example.com,9347543162,24,Female,Kurnool,Silver,2021-04-08,No
11906,Divya Verma,member11906@example.com,9430821286,43,Male,Hyderabad,Regular,2019-01-28,Yes
20291,Arjun Babu,member20291@example.com,9504418249,62,Female,Hyderabad,Regular,2022-11-20,Yes
13942,Ali Verma,member13942@example.com,9757394464,55,Female,Bengaluru,Silver,2026-08-05,Yes
20398,Manoj Mishra,member20398@example.com,9104086489,67,Male,Vijayawada,Regular,2026-07-09,Yes
9605,Ali Reddy,member9605@example.com,9981788843,65,Female,Guntur,Regular,2020-12-20,Yes
9680,Rahul Gupta,member9680@example.com,9307338191,65,Female,Anantapur,Regular,2020-04-23,Yes
4538,Pooja Babu,member4538@example.com,9363064909,34,Male,Vijayawada,Regular,2025-04-09,Yes
45407,Sneha Khan,member45407@example.com,9803294134,30,Male,Kurnool,Regular,2021-06-13,Yes
25860,Kiran Sharma,member25860@example.com,9451412092,46,Male,Kurnool,Gold,2021-03-13,Yes
24580,Neha Reddy,member24580@example.com,9396583443,40,Male,Kurnool,Regular,2021-08-27,Yes
15045,Neha Mishra,member15045@example.com,9114068616,24,Female,Kurnool,Regular,2022-03-24,Yes
7150,Vikram Verma,member7150@example.com,9602197378,53,Female,Bengaluru,Gold,2024-05-25,No
14970,Aditya Kumar,member14970@example.com,9820766394,26,Male,Chennai,Regular,2021-05-11,Yes
27906,Ali Babu,member27906@example.com,9772542285,21,Female,Kadapa,Silver,2021-12-23,Yes
43952,Manoj Mishra,member43952@example.com,9994468866,62,Male,Vijayawada,Regular,2023-01-05,Yes
12605,Meena Sharma,member12605@example.com,9807068703,33,Male,Chennai,Gold,2019-11-23,Yes
8043,Neha Singh,member8043@example.com,9995332596,43,Female,Tirupati,Regular,2025-06-13,Yes
38373,Pooja Sharma,member38373@example.com,9504042791,20,Female,Nellore,Silver,2023-05-18,Yes
4036,Neha Verma,member4036@example.com,9722453214,63,Male,Kurnool,Regular,2025-04-11,Yes
8046,Arjun Reddy,member8046@example.com,9218499175,68,Male,Kurnool,Silver,2020-05-08,No
4786,Sneha Verma,member4786@example.com,9210141348,43,Male,Kadapa,Regular,2025-04-15,No
14494,Ayesha Khan,member14494@example.com,9435849968,57,Male,Chennai,Silver,2019-01-25,Yes
6179,Sahil Mishra,member6179@example.com,9441365094,64,Male,Tirupati,Gold,2023-10-15,Yes
5327,Ravi Naidu,member5327@example.com,9406983991,59,Male,Anantapur,Silver,2021-02-26,Yes
24868,Sneha Kumar,member24868@example.com,9578219908,22,Male,Guntur,Silver,2021-02-17,Yes
4742,Varun Yadav,member4742@example.com,9431518934,38,Female,Kadapa,Regular,2023-10-02,Yes
24130,Varun Reddy,member24130@example.com,9619785326,47,Male,Kurnool,Regular,2020-06-05,Yes
11874,Meena Das,member11874@example.com,9888374093,18,Male,Guntur,Silver,2020-01-03,Yes
41537,Sneha Kumar,member41537@example.com,9356388605,21,Female,Tirupati,Regular,2019-10-26,Yes
20729,Ayesha Yadav,member20729@example.com,9270943045,63,Male,Guntur,Regular,2024-01-25,Yes
19383,Manoj Reddy,member19383@example.com,9433484784,67,Male,Tirupati,Regular,2022-11-16,Yes
21212,Aditya Rao,member21212@example.com,9321216731,61,Male,Chennai,Gold,2023-06-01,Yes
35354,Imran Yadav,member35354@example.com,9853160772,19,Female,Tirupati,Silver,2018-02-13,No
20444,Ananya Mishra,member20444@example.com,9577390382,43,Female,Guntur,Silver,2019-07-24,No
10736,Neha Sharma,member10736@example.com,9813909162,21,Female,Guntur,Gold,2025-08-26,Yes
41534,John Sharma,member41534@example.com,9723101559,69,Female,Chennai,Silver,2024-10-08,Yes
41550,Ananya Patel,member41550@example.com,9578896452,37,Male,Kadapa,Regular,2026-03-12,Yes
14506,Ayesha Gupta,member14506@example.com,9798666243,18,Male,Vijayawada,Regular,2018-02-15,Yes
13626,Divya Yadav,member13626@example.com,9164759985,64,Male,Kadapa,Regular,2018-06-05,Yes
26995,Ravi Rao,member26995@example.com,9375409889,38,Female,Bengaluru,Regular,2024-08-12,No
32429,Vikram Sharma,member32429@example.com,9641872399,27,Female,Kadapa,Gold,2021-05-25,Yes
7265,Ayesha Gupta,member7265@example.com,9582793921,70,Male,Guntur,Silver,2018-02-24,Yes
168,Pooja Sharma,member168@example.com,9493210482,46,Female,Chennai,Regular,2020-08-20,No
34379,Varun Kumar,member34379@example.com,9518456815,35,Male,Bengaluru,Silver,2023-03-16,Yes
21071,Ravi Yadav,member21071@example.com,9362563318,33,Male,Bengaluru,Regular,2019-01-25,Yes
12419,Varun Rao,member12419@example.com,9148534648,45,Female,Nellore,Regular,2023-09-30,Yes
17162,Priya Khan,member17162@example.com,9130043645,62,Male,Anantapur,Gold,2020-09-25,Yes
7322,John Naidu,member7322@example.com,9866959575,38,Female,Kurnool,Silver,2019-12-18,Yes
19102,Rahul Khan,member19102@example.com,9986102176,58,Female,Vijayawada,Regular,2023-02-22,Yes
8511,Ayesha Rao,member8511@example.com,9439151575,67,Male,Tirupati,Regular,2023-05-14,Yes
7340,Sahil Khan,member7340@example.com,9567528389,33,Male,Vijayawada,Regular,2026-05-20,Yes
30380,Aditya Sharma,member30380@example.com,9116337227,58,Female,Kadapa,Silver,2021-11-12,Yes
43834,Manoj Sharma,member43834@example.com,9924722029,34,Male,Vijayawada,Regular,2022-06-14,Yes
38302,Divya Rao,member38302@example.com,9405813813,34,Male,Anantapur,Regular,2026-07-29,No
22199,John Khan,member22199@example.com,9603951633,31,Female,Hyderabad,Silver,2023-05-13,Yes
6537,Ali Kumar,member6537@example.com,9371947201,51,Female,Kurnool,Regular,2021-01-20,Yes
5698,Varun Khan,member5698@example.com,9374214574,36,Male,Kurnool,Gold,2025-11-30,Yes
12478,Priya Reddy,member12478@example.com,9826435194,51,Male,Bengaluru,Regular,2021-05-06,No
24665,John Das,member24665@example.com,9968290535,60,Female,Kadapa,Silver,2021-07-17,Yes
32596,Ayesha Yadav,member32596@example.com,9660081360,19,Female,Bengaluru,Regular,2019-06-23,Yes
22497,Neha Patel,member22497@example.com,9848052573,23,Male,Anantapur,Regular,2021-07-12,Yes
9793,Sahil Kumar,member9793@example.com,9470448249,62,Female,Bengaluru,Gold,2024-02-24,Yes
8322,Sneha Singh,member8322@example.com,9158178749,53,Male,Bengaluru,Silver,2023-12-15,Yes
7162,Meena Das,member7162@example.com,9819458151,61,Male,Kurnool,Regular,2026-07-18,No
40335,Sneha Yadav,member40335@example.com,9742053170,46,Male,Vijayawada,Silver,2020-05-29,No
33918,Imran Patel,member33918@example.com,9892992836,64,Male,Tirupati,Regular,2021-06-23,Yes
9193,Pooja Verma,member9193@example.com,9870507040,26,Male,Tirupati,Regular,2019-02-24,Yes
23243,Sneha Gupta,member23243@example.com,9388226195,37,Female,Hyderabad,Regular,2026-02-04,No
41243,Arjun Kumar,member41243@example.com,9497734035,34,Male,Hyderabad,Regular,2025-05-03,Yes
34573,Sneha Khan,member34573@example.com,9298920785,48,Female,Bengaluru,Regular,2024-02-13,Yes
14541,Manoj Naidu,member14541@example.com,9992160147,37,Male,Anantapur,Silver,2019-05-11,Yes
5081,Imran Naidu,member5081@example.com,9925978460,50,Female,Anantapur,Gold,2024-06-03,No
23767,Pooja Patel,member23767@example.com,9403630414,48,Female,Vijayawada,Regular,2018-02-26,No
18903,Divya Singh,member18903@example.com,9909788585,24,Female,Anantapur,Regular,2022-03-10,No
14604,Sneha Khan,member14604@example.com,9612848582,33,Female,Hyderabad,Gold,2026-05-27,Yes
16578,Imran Kumar,member16578@example.com,9459298720,43,Female,Vijayawada,Gold,2023-08-17,Yes
41800,Manoj Rao,member41800@example.com,9367304960,38,Male,Kadapa,Regular,2019-10-04,Yes
17096,Aditya Kumar,member17096@example.com,9709249000,35,Male,Nellore,Regular,2026-04-20,Yes
5412,Priya Das,member5412@example.com,9753731399,31,Male,Vijayawada,Gold,2022-08-27,Yes
37121,Meena Rao,member37121@example.com,9845819479,52,Female,Kadapa,Silver,2023-04-19,Yes
41983,John Verma,member41983@example.com,9727128785,47,Male,Anantapur,Silver,2019-12-18,Yes
18599,Meena Sharma,member18599@example.com,9470800389,60,Male,Hyderabad,Regular,2022-01-19,No
7150,Vikram Verma,member7150@example.com,9602197378,53,Female,Bengaluru,Gold,2024-05-25,No
12946,Arjun Patel,member12946@example.com,9578080920,63,Female,Chennai,Regular,2022-09-20,Yes
9061,Manoj Rao,member9061@example.com,9922766734,48,Male,Kadapa,Regular,2019-09-01,Yes
18573,Manoj Verma,member18573@example.com,9711678690,28,Female,Bengaluru,Platinum,2018-06-17,Yes
42125,Varun Babu,member42125@example.com,9699495212,69,Male,Tirupati,Regular,2023-04-28,Yes
8977,Ali Yadav,member8977@example.com,9347180919,67,Male,Nellore,Silver,2020-10-02,Yes
39125,Neha Reddy,member39125@example.com,9530401619,28,Male,Chennai,Regular,2020-05-28,Yes
15554,Vikram Babu,member15554@example.com,9575773307,55,Male,Bengaluru,Regular,2021-05-08,Yes
39348,Pooja Kumar,member39348@example.com,9849245425,62,Female,Nellore,Regular,2020-12-26,Yes
17973,Divya Patel,member17973@example.com,9326369096,65,Female,Chennai,Regular,2018-12-02,Yes
46448,Arjun Gupta,member46448@example.com,9687223903,65,Male,Nellore,Regular,2026-04-12,Yes
26790,Ananya Reddy,member26790@example.com,9284080095,18,Female,Nellore,Gold,2021-02-25,No
7357,Sahil Khan,member7357@example.com,9243507634,50,Male,Kurnool,Regular,2023-02-14,Yes
43322,Sneha Khan,member43322@example.com,9194693791,70,Male,Anantapur,Regular,2024-11-28,Yes
12419,Varun Rao,member12419@example.com,9148534648,45,Female,Nellore,Regular,2023-09-30,Yes
13153,Imran Naidu,member13153@example.com,9924519239,20,Male,Kurnool,Regular,2025-06-20,Yes
44233,Imran Naidu,member44233@example.com,9208602298,62,Male,Kadapa,Silver,2025-03-21,Yes
16431,Pooja Sharma,member16431@example.com,9205795387,39,Male,Hyderabad,Silver,2024-11-26,Yes
31965,Varun Sharma,member31965@example.com,9366176595,39,Female,Nellore,Regular,2020-12-16,Yes
31805,Neha Gupta,member31805@example.com,9899745268,34,Female,Bengaluru,Gold,2018-01-17,Yes
43569,Kiran Patel,member43569@example.com,9734121292,41,Female,Hyderabad,Silver,2018-12-27,Yes
41427,Ravi Kumar,member41427@example.com,9841013711,46,Female,Nellore,Gold,2019-11-12,Yes
28102,John Babu,member28102@example.com,9779506815,21,Female,Kadapa,Regular,2024-07-24,Yes
5876,Ayesha Patel,member5876@example.com,9304431482,28,Male,Vijayawada,Gold,2023-11-16,Yes
5116,Ravi Mishra,member5116@example.com,9740719335,49,Female,Hyderabad,Regular,2024-01-11,Yes
27429,Neha Mishra,member27429@example.com,9916183510,43,Male,Guntur,Silver,2023-12-04,Yes
33579,Varun Verma,member33579@example.com,9845358833,36,Female,Hyderabad,Silver,2024-06-14,No
15143,Priya Kumar,member15143@example.com,9218872071,65,Female,Vijayawada,Gold,2025-12-11,Yes
29227,Ravi Sharma,member29227@example.com,9458649568,31,Male,Nellore,Gold,2018-08-22,Yes
9581,Rahul Naidu,member9581@example.com,9867773290,58,Male,Guntur,Regular,2026-06-06,Yes
2985,Sneha Verma,member2985@example.com,9576392774,52,Female,Bengaluru,Platinum,2023-09-02,Yes
11912,Kiran Verma,member11912@example.com,9623486178,21,Female,Chennai,Silver,2025-10-08,Yes
9196,Vikram Gupta,member9196@example.com,9537707627,67,Female,Chennai,Regular,2025-12-02,Yes
38712,Sneha Gupta,member38712@example.com,9691033802,21,Male,Chennai,Regular,2022-01-12,Yes
5217,Ayesha Mishra,member5217@example.com,9376354223,18,Male,Anantapur,Regular,2025-10-19,Yes
20713,Vikram Yadav,member20713@example.com,9967437969,35,Female,Vijayawada,Platinum,2025-10-23,Yes
15335,Vikram Yadav,member15335@example.com,9293319467,63,Male,Chennai,Regular,2024-07-05,Yes
12893,Ali Singh,member12893@example.com,9711826508,25,Female,Guntur,Regular,2024-01-10,Yes
26055,Divya Sharma,member26055@example.com,9471759873,59,Female,Hyderabad,Regular,2025-09-08,Yes
18970,Manoj Gupta,member18970@example.com,9648286856,65,Male,Kadapa,Regular,2022-01-05,Yes
32806,Aditya Babu,member32806@example.com,9898018578,66,Male,Kurnool,Regular,2020-06-06,Yes
21489,Ravi Naidu,member21489@example.com,9442773724,68,Male,Kadapa,Regular,2024-09-18,Yes
41672,Ali Babu,member41672@example.com,9771772067,53,Male,Chennai,Regular,2025-08-24,Yes
5206,Priya Khan,member5206@example.com,9780469887,69,Female,Kadapa,Gold,2018-05-09,Yes
26806,Meena Gupta,member26806@example.com,9122674316,55,Male,Nellore,Silver,2019-06-12,Yes
14422,Arjun Naidu,member14422@example.com,9353393705,21,Female,Kadapa,Silver,2024-08-06,Yes
31006,Pooja Verma,member31006@example.com,9519352391,47,Male,Tirupati,Silver,2020-01-31,Yes
15237,Ananya Verma,member15237@example.com,9431645502,44,Male,Guntur,Regular,2025-03-20,Yes
29529,Sahil Gupta,member29529@example.com,9332673309,70,Female,Hyderabad,Regular,2018-11-13,No
45976,Ali Gupta,member45976@example.com,9236368108,51,Male,Chennai,Silver,2020-04-22,Yes
21392,Manoj Das,member21392@example.com,9696660822,49,Male,Guntur,Regular,2023-02-22,Yes
31421,Ravi Mishra,member31421@example.com,9472747804,55,Female,Kurnool,Regular,2020-01-22,Yes
43832,Divya Babu,member43832@example.com,9265536835,55,Female,Tirupati,Platinum,2019-09-17,Yes
23652,Meena Kumar,member23652@example.com,9554400118,41,Female,Bengaluru,Silver,2021-04-09,No
41944,John Sharma,member41944@example.com,9135048483,24,Female,Hyderabad,Gold,2021-03-15,Yes
6185,Vikram Verma,member6185@example.com,9816841019,52,Male,Anantapur,Regular,2022-04-12,Yes
16085,Rahul Patel,member16085@example.com,9986360235,49,Male,Anantapur,Regular,2022-02-25,Yes
31343,Varun Sharma,member31343@example.com,9175157846,25,Male,Vijayawada,Regular,2018-08-15,Yes
45979,Rahul Yadav,member45979@example.com,9144019051,41,Male,Guntur,Silver,2019-07-06,Yes
9537,Meena Naidu,member9537@example.com,9841904457,67,Female,Chennai,Regular,2023-05-22,Yes
5140,Ravi Verma,member5140@example.com,9395950629,36,Male,Bengaluru,Silver,2025-11-02,Yes
145,Manoj Patel,member145@example.com,9412736383,23,Female,Kurnool,Silver,2021-09-06,Yes
47101,Ali Khan,member47101@example.com,9422986227,58,Female,Guntur,Platinum,2019-01-08,Yes
8962,Sahil Gupta,member8962@example.com,9411477132,34,Male,Anantapur,Regular,2018-11-21,Yes
43811,Ayesha Mishra,member43811@example.com,9188098386,49,Female,Bengaluru,Gold,2025-03-17,Yes
6979,Sneha Gupta,member6979@example.com,9431001318,24,Male,Tirupati,Silver,2023-12-31,No
5004,Ananya Sharma,member5004@example.com,9689877434,34,Male,Vijayawada,Regular,2018-01-12,Yes
10509,Varun Patel,member10509@example.com,9110946089,18,Other,Nellore,Gold,2024-10-31,Yes
45269,Kiran Babu,member45269@example.com,9913786631,55,Female,Chennai,Gold,2025-06-16,Yes
27215,Pooja Sharma,member27215@example.com,9411547376,58,Female,Nellore,Silver,2018-09-22,Yes
35737,Aditya Rao,member35737@example.com,9681469686,58,Female,Chennai,Regular,2020-12-24,Yes
16042,Manoj Babu,member16042@example.com,9400514184,25,Male,Kadapa,Platinum,2020-01-07,Yes
11122,Ravi Patel,member11122@example.com,9199751509,20,Female,Kadapa,Gold,2019-07-15,Yes
36073,Sneha Rao,member36073@example.com,9306586102,26,Male,Kadapa,Regular,2021-02-04,Yes
16251,Sneha Das,member16251@example.com,9580043368,37,Male,Nellore,Regular,2023-12-10,Yes
43193,Sneha Yadav,member43193@example.com,9450668211,56,Male,Bengaluru,Regular,2025-09-03,Yes
13206,Sneha Khan,member13206@example.com,9815394259,68,Female,Kurnool,Platinum,2025-05-28,Yes
15665,Ayesha Patel,member15665@example.com,9737318166,42,Female,Tirupati,Gold,2021-04-17,Yes
42018,Divya Babu,member42018@example.com,9879991093,28,Other,Kurnool,Silver,2025-01-03,Yes
5479,Varun Naidu,member5479@example.com,9163322306,44,Female,Bengaluru,Platinum,2024-10-26,No
20547,Arjun Kumar,member20547@example.com,9840608569,18,Male,Kurnool,Gold,2024-01-31,No
19201,Arjun Patel,member19201@example.com,9368005621,61,Female,Tirupati,Gold,2025-05-12,Yes
22531,Priya Reddy,member22531@example.com,9951511280,47,Male,Chennai,Regular,2023-07-23,Yes
7268,Pooja Naidu,member7268@example.com,9671486919,25,Female,Nellore,Regular,2023-06-07,No
46306,John Das,member46306@example.com,9290509592,26,Male,Kurnool,Platinum,2025-05-01,Yes
38810,Ravi Gupta,member38810@example.com,9391606525,64,Male,Guntur,Regular,2019-06-17,Yes
13130,Ananya Khan,member13130@example.com,9986199834,31,Female,Kurnool,Regular,2019-12-12,Yes
10491,Ravi Gupta,member10491@example.com,9883895212,55,Male,Kurnool,Gold,2024-01-03,Yes
45162,Ravi Babu,member45162@example.com,9110418898,44,Male,Kurnool,Regular,2025-01-18,Yes
3556,Meena Babu,member3556@example.com,9863059808,29,Female,Bengaluru,Silver,2026-02-22,No
27689,Rahul Yadav,member27689@example.com,9512374100,42,Other,Nellore,Regular,2025-06-09,Yes
32177,Manoj Naidu,member32177@example.com,9600451644,68,Male,Anantapur,Gold,2025-09-02,Yes
38792,Imran Mishra,member38792@example.com,9574497742,40,Male,Tirupati,Silver,2019-08-21,Yes
26790,Ananya Reddy,member26790@example.com,9284080095,18,Female,Nellore,Gold,2021-02-25,No
41006,Priya Reddy,member41006@example.com,9865998721,20,Male,Kadapa,Silver,2025-08-05,No
29208,Imran Yadav,member29208@example.com,9613354425,31,Male,Kurnool,Silver,2025-04-17,Yes
6542,Sahil Verma,member6542@example.com,9933119847,31,Female,Nellore,Gold,2026-08-24,Yes
22002,Ananya Reddy,member22002@example.com,9714105021,43,Female,Anantapur,Gold,2021-01-07,Yes
43878,Ayesha Khan,member43878@example.com,9679613879,44,Female,Chennai,Regular,2020-10-24,Yes
11122,Ravi Patel,member11122@example.com,9199751509,20,Female,Kadapa,Gold,2019-07-15,Yes
34733,Ravi Reddy,member34733@example.com,9504972306,54,Female,Vijayawada,Regular,2021-08-16,Yes
15461,John Sharma,member15461@example.com,9402997927,61,Male,Anantapur,Regular,2024-10-02,Yes
36431,Sneha Reddy,member36431@example.com,9452588717,49,Female,Kurnool,Silver,2023-03-27,Yes
14807,Vikram Reddy,member14807@example.com,9105073827,53,Female,Guntur,Regular,2019-11-08,No
17417,Ananya Reddy,member17417@example.com,9992714992,40,Female,Guntur,Regular,2023-05-17,Yes
8859,Divya Sharma,member8859@example.com,9859407192,64,Male,Hyderabad,Regular,2025-12-14,Yes
33633,Ananya Sharma,member33633@example.com,9942474625,64,Male,Chennai,Platinum,2021-01-16,No
13657,Divya Yadav,member13657@example.com,9186475837,22,Male,Kadapa,Silver,2021-09-16,Yes
28658,Ayesha Reddy,member28658@example.com,9814823542,65,Female,Hyderabad,Gold,2020-02-21,Yes
30480,Ananya Khan,member30480@example.com,9840137540,25,Female,Kurnool,Silver,2024-06-10,Yes
12038,Meena Patel,member12038@example.com,9579210142,22,Male,Vijayawada,Silver,2018-01-02,Yes
34380,Kiran Khan,member34380@example.com,9826859821,70,Female,Anantapur,Silver,2025-07-14,Yes
11635,Ravi Patel,member11635@example.com,9373565571,43,Male,Tirupati,Gold,2018-07-27,Yes
40751,Ravi Das,member40751@example.com,9205194170,28,Female,Tirupati,Regular,2022-11-05,Yes
29583,Ravi Kumar,member29583@example.com,9157400816,59,Male,Guntur,Regular,2024-09-07,Yes
46533,Pooja Naidu,member46533@example.com,9211905881,54,Female,Kurnool,Gold,2024-08-28,No
9448,Imran Khan,member9448@example.com,9832417676,52,Male,Tirupati,Silver,2021-10-14,Yes
9791,Sneha Verma,member9791@example.com,9155254387,19,Other,Vijayawada,Regular,2025-02-13,Yes
6970,Varun Babu,member6970@example.com,9987939162,18,Male,Hyderabad,Regular,2019-12-28,Yes
10521,Ravi Patel,member10521@example.com,9444636023,40,Female,Vijayawada,Gold,2018-02-06,Yes
7365,Neha Sharma,member7365@example.com,9133005205,58,Female,Hyderabad,Regular,2026-08-21,Yes
8808,Ayesha Das,member8808@example.com,9459969259,31,Male,Kadapa,Regular,2018-10-16,Yes
16265,Imran Yadav,member16265@example.com,9842046937,65,Female,Bengaluru,Regular,2019-01-24,Yes
8808,Ayesha Das,member8808@example.com,9459969259,31,Male,Kadapa,Regular,2018-10-16,Yes
11360,Priya Sharma,member11360@example.com,9415733544,46,Female,Guntur,Silver,2019-05-16,Yes
8648,Kiran Khan,member8648@example.com,9878486786,58,Female,Chennai,Silver,2023-09-21,Yes
30380,Aditya Sharma,member30380@example.com,9116337227,58,Female,Kadapa,Silver,2021-11-12,Yes
22194,Pooja Singh,member22194@example.com,9124229439,48,Male,Kadapa,Regular,2019-09-03,Yes
35737,Aditya Rao,member35737@example.com,9681469686,58,Female,Chennai,Regular,2020-12-24,Yes
42018,Divya Babu,member42018@example.com,9879991093,28,Other,Kurnool,Silver,2025-01-03,Yes
43331,Divya Reddy,member43331@example.com,9288737143,66,Female,Chennai,Silver,2021-08-12,Yes
13626,Divya Yadav,member13626@example.com,9164759985,64,Male,Kadapa,Regular,2018-06-05,Yes
35105,Rahul Naidu,member35105@example.com,9225346024,68,Male,Bengaluru,Regular,2019-11-04,Yes
46057,Vikram Rao,member46057@example.com,9513765360,39,Female,Nellore,Regular,2020-02-12,Yes
14748,Ali Patel,member14748@example.com,9626613496,58,Female,Chennai,Regular,2025-03-31,Yes
37122,Aditya Gupta,member37122@example.com,9744388330,60,Male,Bengaluru,Gold,2023-03-06,Yes
11270,Ananya Mishra,member11270@example.com,9631466522,19,Female,Guntur,Regular,2026-06-23,Yes
29265,Ali Gupta,member29265@example.com,9776016881,50,Male,Kadapa,Gold,2022-12-11,Yes
16404,Rahul Mishra,member16404@example.com,9842369722,19,Male,Chennai,Regular,2024-04-27,No
35817,Varun Sharma,member35817@example.com,9430495314,66,Male,Hyderabad,Silver,2024-03-03,Yes
35230,John Singh,member35230@example.com,9465365327,32,Female,Guntur,Regular,2023-04-07,Yes
22312,Imran Mishra,member22312@example.com,9840758773,22,Male,Anantapur,Regular,2026-04-12,No
4265,Manoj Kumar,member4265@example.com,9945658790,62,Female,Kurnool,Regular,2023-08-23,Yes
40105,Divya Patel,member40105@example.com,9755903317,55,Male,Kurnool,Regular,2019-06-23,Yes
24013,Imran Kumar,member24013@example.com,9779323692,40,Male,Vijayawada,Platinum,2020-05-25,Yes
10037,Arjun Patel,member10037@example.com,9325047051,34,Male,Tirupati,Regular,2024-05-19,Yes
15171,Ananya Reddy,member15171@example.com,9432224162,52,Male,Nellore,Regular,2025-02-07,Yes
5081,Imran Naidu,member5081@example.com,9925978460,50,Female,Anantapur,Gold,2024-06-03,No
47016,Ayesha Gupta,member47016@example.com,9425985091,21,Female,Kurnool,Regular,2020-04-29,Yes
6408,Imran Yadav,member6408@example.com,9436647078,55,Female,Tirupati,Silver,2026-03-28,Yes
11973,Rahul Naidu,member11973@example.com,9666065833,53,Male,Kadapa,Gold,2020-11-25,Yes
9208,Ali Singh,member9208@example.com,9593904666,46,Female,Tirupati,Gold,2025-10-03,Yes
17639,Kiran Babu,member17639@example.com,9389582287,28,Male,Nellore,Silver,2023-09-06,Yes
25195,Priya Rao,member25195@example.com,9295649995,56,Female,Hyderabad,Regular,2020-11-17,Yes
14360,Vikram Gupta,member14360@example.com,9320633940,58,Male,Bengaluru,Silver,2024-09-14,Yes
8845,Arjun Singh,member8845@example.com,9153499621,60,Female,Anantapur,Regular,2021-12-18,No
11082,Ananya Khan,member11082@example.com,9206721479,41,Female,Tirupati,Regular,2020-06-21,Yes
20637,Arjun Patel,member20637@example.com,9465187030,69,Female,Chennai,Regular,2024-11-07,Yes
27881,Divya Mishra,member27881@example.com,9543592000,27,Male,Anantapur,Regular,2020-07-13,Yes
7626,Divya Patel,member7626@example.com,9789595170,27,Female,Anantapur,Regular,2021-07-01,Yes
43218,Ali Mishra,member43218@example.com,9188588536,47,Female,Guntur,Regular,2018-07-14,Yes
2515,Pooja Das,member2515@example.com,9601881310,21,Female,Guntur,Gold,2020-10-02,Yes
11082,Ananya Khan,member11082@example.com,9206721479,41,Female,Tirupati,Regular,2020-06-21,Yes
12052,Sahil Gupta,member12052@example.com,9387554777,69,Male,Chennai,Gold,2018-10-02,Yes
20758,Vikram Khan,member20758@example.com,9844461682,39,Female,Hyderabad,Regular,2021-07-16,Yes
24167,Ayesha Yadav,member24167@example.com,9285895844,68,Male,Nellore,Regular,2020-06-16,Yes
9805,Neha Babu,member9805@example.com,9391330789,65,Male,Hyderabad,Gold,2022-06-24,Yes
39679,Aditya Singh,member39679@example.com,9512496913,21,Male,Tirupati,Regular,2025-01-25,Yes
21610,Sneha Kumar,member21610@example.com,9910727523,39,Female,Guntur,Silver,2022-12-30,Yes
42747,Aditya Rao,member42747@example.com,9732681887,60,Male,Hyderabad,Silver,2018-09-23,Yes
47211,Varun Sharma,member47211@example.com,9730882840,45,Male,Bengaluru,Regular,2023-07-11,Yes
22331,Imran Patel,member22331@example.com,9390692549,31,Female,Nellore,Regular,2026-05-16,Yes
45979,Rahul Yadav,member45979@example.com,9144019051,41,Male,Guntur,Silver,2019-07-06,Yes
33579,Varun Verma,member33579@example.com,9845358833,36,Female,Hyderabad,Silver,2024-06-14,No
24966,Rahul Kumar,member24966@example.com,9973560823,22,Female,Chennai,Regular,2019-01-27,Yes
25608,John Das,member25608@example.com,9398147586,25,Female,Tirupati,Silver,2020-11-13,No
13990,Arjun Mishra,member13990@example.com,9997878486,38,Male,Anantapur,Regular,2023-12-10,No
8277,Ali Singh,member8277@example.com,9772868245,57,Male,Kurnool,Regular,2024-09-11,Yes
36119,Neha Verma,member36119@example.com,9189991326,36,Male,Kadapa,Platinum,2024-01-14,Yes
46384,Priya Reddy,member46384@example.com,9842743423,63,Male,Guntur,Regular,2018-12-03,Yes
19859,Sahil Singh,member19859@example.com,9740813716,41,Female,Kurnool,Regular,2021-04-28,Yes
16240,Rahul Verma,member16240@example.com,9747998955,68,Female,Hyderabad,Platinum,2018-09-30,Yes
18518,Vikram Das,member18518@example.com,9887272937,54,Male,Kurnool,Gold,2020-06-09,Yes
14223,John Gupta,member14223@example.com,9881312259,47,Female,Guntur,Regular,2022-03-17,No
5116,Ravi Mishra,member5116@example.com,9740719335,49,Female,Hyderabad,Regular,2024-01-11,Yes
29977,Kiran Babu,member29977@example.com,9635339563,47,Male,Kurnool,Regular,2024-11-19,Yes
7403,Sahil Singh,member7403@example.com,9382452308,23,Male,Guntur,Gold,2026-04-09,No
37962,Ananya Babu,member37962@example.com,9647543827,54,Female,Hyderabad,Regular,2024-02-27,Yes
7564,Neha Reddy,member7564@example.com,9459033646,20,Male,Chennai,Silver,2025-02-18,Yes
36670,Ravi Khan,member36670@example.com,9259683772,20,Male,Guntur,Regular,2020-08-22,No
43205,Ananya Patel,member43205@example.com,9182527739,50,Female,Guntur,Silver,2019-07-31,Yes
44189,Neha Babu,member44189@example.com,9126818037,30,Male,Kurnool,Regular,2026-06-11,No
31215,Ravi Rao,member31215@example.com,9618723229,41,Male,Kadapa,Gold,2018-12-01,Yes
39677,Aditya Gupta,member39677@example.com,9397992928,58,Female,Guntur,Gold,2024-08-28,Yes
38351,Meena Patel,member38351@example.com,9828739526,64,Male,Hyderabad,Regular,2021-03-11,Yes
12587,Ayesha Singh,member12587@example.com,9931956820,48,Male,Kurnool,Silver,2018-10-21,Yes
38037,Manoj Naidu,member38037@example.com,9758059512,24,Female,Kurnool,Regular,2023-02-02,No
19241,Ananya Khan,member19241@example.com,9646451981,61,Female,Nellore,Regular,2020-07-25,Yes
22908,Ravi Gupta,member22908@example.com,9781971683,38,Male,Hyderabad,Regular,2025-01-28,Yes
44379,Ali Gupta,member44379@example.com,9667429316,36,Male,Tirupati,Regular,2023-04-09,Yes
20826,Vikram Babu,member20826@example.com,9250272737,50,Female,Kurnool,Gold,2025-03-20,No
36335,Aditya Verma,member36335@example.com,9512157153,25,Male,Kurnool,Gold,2020-03-26,No
15028,Ali Mishra,member15028@example.com,9640050017,61,Male,Tirupati,Gold,2026-04-13,No
22833,Priya Babu,member22833@example.com,9109544029,47,Female,Anantapur,Regular,2023-04-06,Yes
12038,Meena Patel,member12038@example.com,9579210142,22,Male,Vijayawada,Silver,2018-01-02,Yes
7948,Divya Naidu,member7948@example.com,9451788481,62,Male,Guntur,Regular,2020-02-12,Yes
36999,Imran Verma,member36999@example.com,9334645351,68,Female,Nellore,Regular,2024-01-18,Yes
2133,Arjun Verma,member2133@example.com,9736529753,64,Male,Nellore,Regular,2023-09-07,Yes
10124,Divya Naidu,member10124@example.com,9931065953,55,Female,Vijayawada,Silver,2025-02-18,Yes
22980,Divya Patel,member22980@example.com,9560238722,66,Male,Anantapur,Platinum,2022-01-20,No
7194,John Verma,member7194@example.com,9269058957,40,Female,Vijayawada,Silver,2024-12-29,Yes
31838,Divya Gupta,member31838@example.com,9597789858,25,Female,Guntur,Regular,2022-09-22,Yes
12972,Imran Verma,member12972@example.com,9229327801,25,Male,Anantapur,Regular,2024-11-28,Yes
8221,Manoj Yadav,member8221@example.com,9222448811,60,Male,Guntur,Regular,2019-04-19,Yes
21230,Vikram Rao,member21230@example.com,9837053640,70,Female,Chennai,Gold,2020-08-19,Yes
17583,Ananya Gupta,member17583@example.com,9142924462,47,Male,Guntur,Regular,2023-03-19,Yes
32679,Rahul Kumar,member32679@example.com,9798233808,41,Male,Tirupati,Regular,2025-01-07,No
42724,Varun Naidu,member42724@example.com,9640854207,67,Female,Bengaluru,Silver,2019-06-25,Yes
37972,Kiran Yadav,member37972@example.com,9872454227,33,Female,Kurnool,Silver,2022-03-20,Yes
6083,Varun Verma,member6083@example.com,9719695872,32,Female,Bengaluru,Regular,2019-10-27,Yes
13957,Meena Babu,member13957@example.com,9720118364,22,Female,Kurnool,Silver,2022-10-21,No
28621,John Kumar,member28621@example.com,9219014183,48,Male,Kadapa,Silver,2025-11-30,Yes
14846,Pooja Patel,member14846@example.com,9170856477,64,Male,Nellore,Regular,2024-09-27,Yes
5865,Kiran Khan,member5865@example.com,9548917596,31,Female,Nellore,Regular,2023-05-29,No
46443,Kiran Khan,member46443@example.com,9705879948,43,Female,Kurnool,Gold,2025-08-08,Yes
3708,Aditya Das,member3708@example.com,9627581735,19,Male,Chennai,Regular,2020-07-01,Yes
6921,Imran Kumar,member6921@example.com,9409508974,24,Female,Chennai,Gold,2025-01-21,Yes
10997,Manoj Khan,member10997@example.com,9518906291,56,Male,Kurnool,Platinum,2020-04-07,No
1220,Aditya Kumar,member1220@example.com,9127067772,61,Female,Guntur,Gold,2026-05-01,Yes
18619,Ravi Babu,member18619@example.com,9616920553,18,Female,Guntur,Regular,2020-08-29,Yes
41188,Manoj Babu,member41188@example.com,9802605081,41,Male,Kurnool,Platinum,2021-03-21,No
20034,Ali Sharma,member20034@example.com,9164798721,30,Male,Kurnool,Regular,2019-02-23,Yes
8900,Pooja Khan,member8900@example.com,9867569189,49,Female,Guntur,Gold,2022-12-10,Yes
7957,Ravi Rao,member7957@example.com,9918172497,63,Female,Anantapur,Silver,2021-11-10,No
16343,Priya Yadav,member16343@example.com,9145892030,65,Male,Vijayawada,Silver,2020-05-16,Yes
7948,Divya Naidu,member7948@example.com,9451788481,62,Male,Guntur,Regular,2020-02-12,Yes
28430,Arjun Mishra,member28430@example.com,9778536453,48,Female,Kadapa,Regular,2022-05-27,Yes
32758,Manoj Mishra,member32758@example.com,9221533581,66,Female,Kadapa,Silver,2020-01-17,No
40077,Vikram Reddy,member40077@example.com,9179125219,42,Female,Chennai,Gold,2020-06-01,Yes
13279,Aditya Das,member13279@example.com,9579333484,55,Female,Guntur,Regular,2026-05-20,Yes
23086,Rahul Reddy,member23086@example.com,9170633998,68,Female,Bengaluru,Gold,2026-04-06,Yes
24634,Ananya Yadav,member24634@example.com,9232194784,45,Male,Nellore,Regular,2024-03-01,Yes
20207,Ravi Rao,member20207@example.com,9705801213,36,Female,Nellore,Silver,2018-04-02,Yes
30773,Imran Khan,member30773@example.com,9335405606,51,Female,Nellore,Gold,2024-04-13,No
28944,Sneha Naidu,member28944@example.com,9461322919,66,Female,Kadapa,Silver,2021-04-28,Yes
41094,Manoj Gupta,member41094@example.com,9843721710,43,Female,Vijayawada,Regular,2021-11-10,Yes
19834,Imran Naidu,member19834@example.com,9530996895,62,Male,Kadapa,Regular,2018-12-03,Yes
6601,Sahil Sharma,member6601@example.com,9670837236,34,Female,Kadapa,Gold,2018-08-10,Yes
9585,Kiran Das,member9585@example.com,9225154291,68,Female,Kadapa,Regular,2024-06-06,Yes
8593,Pooja Reddy,member8593@example.com,9599512758,52,Female,Bengaluru,Platinum,2025-04-13,Yes
43228,Arjun Rao,member43228@example.com,9769894001,67,Male,Tirupati,Silver,2018-03-01,Yes
24425,Ali Rao,member24425@example.com,9460133037,51,Female,Nellore,Silver,2019-03-17,Yes
25685,Aditya Patel,member25685@example.com,9480666894,48,Male,Hyderabad,Gold,2025-09-24,Yes
19392,Meena Naidu,member19392@example.com,9760630539,18,Male,Chennai,Regular,2021-04-03,No
47190,John Gupta,member47190@example.com,9517678709,19,Female,Anantapur,Silver,2022-11-27,Yes
22625,John Kumar,member22625@example.com,9232086306,36,Female,Bengaluru,Gold,2022-07-19,Yes
18265,John Das,member18265@example.com,9154788255,50,Female,Hyderabad,Gold,2018-07-10,Yes
11994,Sahil Babu,member11994@example.com,9126645921,42,Female,Nellore,Regular,2021-11-18,Yes
10114,Kiran Gupta,member10114@example.com,9935985655,44,Male,Bengaluru,Platinum,2018-09-01,Yes
4087,Neha Babu,member4087@example.com,9748149116,61,Female,Chennai,Regular,2023-09-23,No
19851,Ali Yadav,member19851@example.com,9274739902,53,Male,Vijayawada,Silver,2025-07-15,No
8306,Varun Kumar,member8306@example.com,9929467369,31,Female,Bengaluru,Silver,2023-11-07,Yes
13260,Ravi Rao,member13260@example.com,9301916257,54,Male,Chennai,Regular,2021-05-08,Yes
27678,Sneha Patel,member27678@example.com,9609488812,40,Male,Chennai,Silver,2023-01-20,Yes
26822,Arjun Patel,member26822@example.com,9422343334,61,Female,Kurnool,Silver,2023-01-07,Yes
15369,Pooja Yadav,member15369@example.com,9843317174,60,Female,Kurnool,Silver,2023-02-18,Yes
8940,Priya Sharma,member8940@example.com,9983948945,36,Female,Hyderabad,Regular,2026-07-07,Yes
8279,Rahul Sharma,member8279@example.com,9615610800,60,Male,Bengaluru,Regular,2018-10-29,Yes
4614,Ananya Singh,member4614@example.com,9348769606,42,Male,Nellore,Silver,2022-02-18,Yes
6593,Priya Singh,member6593@example.com,9521073809,32,Male,Tirupati,Regular,2021-06-12,No
35551,Sneha Kumar,member35551@example.com,9193075305,55,Male,Chennai,Gold,2025-12-06,Yes
41318,Aditya Yadav,member41318@example.com,9503347969,35,Other,Bengaluru,Regular,2021-06-05,Yes
39589,Neha Reddy,member39589@example.com,9498481397,30,Male,Vijayawada,Gold,2025-03-04,Yes
33034,Ayesha Gupta,member33034@example.com,9556489796,58,Female,Guntur,Regular,2024-01-28,Yes
19806,Ananya Rao,member19806@example.com,9405070911,66,Female,Kadapa,Regular,2025-02-08,Yes
7746,Ali Babu,member7746@example.com,9522992441,24,Male,Bengaluru,Regular,2025-03-07,Yes
7706,Manoj Singh,member7706@example.com,9703564752,23,Female,Vijayawada,Silver,2026-04-28,Yes
47206,Ayesha Naidu,member47206@example.com,9557952429,36,Female,Bengaluru,Regular,2024-07-11,Yes
33722,Ayesha Patel,member33722@example.com,9127283541,21,Male,Kadapa,Silver,2023-06-20,Yes
8583,Ravi Patel,member8583@example.com,9920247972,39,Female,Kurnool,Silver,2025-03-03,Yes
8909,John Sharma,member8909@example.com,9244614835,66,Female,Tirupati,Regular,2022-12-09,Yes
24689,Ayesha Gupta,member24689@example.com,9549862430,46,Female,Kurnool,Platinum,2019-04-29,No
9267,Meena Sharma,member9267@example.com,9214727228,20,Male,Guntur,Gold,2022-10-01,Yes
27992,Pooja Singh,member27992@example.com,9477663764,38,Female,Vijayawada,Regular,2023-06-22,Yes
20146,Aditya Naidu,member20146@example.com,9507652367,47,Female,Tirupati,Regular,2022-07-23,Yes
37122,Aditya Gupta,member37122@example.com,9744388330,60,Male,Bengaluru,Gold,2023-03-06,Yes
20407,Pooja Mishra,member20407@example.com,9975620062,23,Male,Kurnool,Regular,2019-11-24,No
46056,Ananya Verma,member46056@example.com,9106753102,39,Other,Kadapa,Regular,2021-09-14,Yes
8277,Ali Singh,member8277@example.com,9772868245,57,Male,Kurnool,Regular,2024-09-11,Yes
10010,John Patel,member10010@example.com,9842343493,56,Male,Guntur,Regular,2026-05-22,Yes
29587,Meena Khan,member29587@example.com,9567286660,44,Female,Anantapur,Silver,2020-12-28,Yes
32594,Sahil Rao,member32594@example.com,9567436437,69,Male,Kurnool,Regular,2020-01-19,Yes
12201,Ayesha Gupta,member12201@example.com,9292696765,44,Male,Kurnool,Silver,2018-10-14,Yes
36050,Ali Patel,member36050@example.com,9583051803,67,Female,Tirupati,Regular,2020-03-02,Yes
41245,Priya Rao,member41245@example.com,9867606810,43,Female,Anantapur,Regular,2020-05-22,Yes
25688,Divya Kumar,member25688@example.com,9923701707,25,Male,Kadapa,Regular,2020-09-11,Yes
34635,Ananya Khan,member34635@example.com,9353262683,44,Female,Anantapur,Regular,2022-06-25,Yes
13206,Sneha Khan,member13206@example.com,9815394259,68,Female,Kurnool,Platinum,2025-05-28,Yes
29024,Ravi Sharma,member29024@example.com,9895844945,29,Male,Hyderabad,Regular,2024-05-06,No
47016,Ayesha Gupta,member47016@example.com,9425985091,21,Female,Kurnool,Regular,2020-04-29,Yes
10850,Varun Babu,member10850@example.com,9284650311,28,Male,Chennai,Platinum,2026-07-31,No
12693,Sahil Verma,member12693@example.com,9587556901,32,Female,Bengaluru,Gold,2020-05-31,Yes
42072,Rahul Verma,member42072@example.com,9915968974,38,Male,Kadapa,Silver,2026-05-25,Yes
9027,Priya Reddy,member9027@example.com,9508018964,66,Female,Kadapa,Regular,2019-08-06,Yes
31366,Ayesha Rao,member31366@example.com,9315743421,36,Male,Kadapa,Gold,2025-12-02,Yes
18296,Divya Naidu,member18296@example.com,9117821645,34,Female,Vijayawada,Regular,2024-10-28,Yes
26995,Ravi Rao,member26995@example.com,9375409889,38,Female,Bengaluru,Regular,2024-08-12,No
21123,Pooja Naidu,member21123@example.com,9203412911,27,Male,Tirupati,Regular,2018-06-11,Yes
1407,Meena Yadav,member1407@example.com,9733491140,34,Female,Anantapur,Regular,2022-06-24,Yes
19812,Varun Rao,member19812@example.com,9496021270,45,Female,Kadapa,Regular,2024-08-19,No
34892,Pooja Rao,member34892@example.com,9158335440,61,Male,Nellore,Silver,2023-09-03,Yes
37248,Pooja Reddy,member37248@example.com,9258525893,58,Female,Kadapa,Regular,2021-12-12,Yes
10677,Neha Rao,member10677@example.com,9883211200,57,Male,Nellore,Silver,2021-11-07,Yes
18674,Sahil Mishra,member18674@example.com,9276454093,23,Female,Hyderabad,Regular,2018-08-04,Yes
16421,Manoj Verma,member16421@example.com,9420800679,21,Male,Guntur,Silver,2025-03-14,Yes
22202,Meena Singh,member22202@example.com,9996548874,43,Female,Guntur,Silver,2018-11-03,Yes
20413,Neha Sharma,member20413@example.com,9125749114,60,Other,Guntur,Regular,2023-09-08,Yes
7816,Vikram Gupta,member7816@example.com,9572810499,63,Male,Nellore,Regular,2020-07-09,Yes
6873,Priya Das,member6873@example.com,9682028737,60,Male,Anantapur,Gold,2021-06-22,Yes
7398,Meena Mishra,member7398@example.com,9971967955,58,Female,Guntur,Regular,2020-07-28,Yes
41672,Ali Babu,member41672@example.com,9771772067,53,Male,Chennai,Regular,2025-08-24,Yes
20583,Manoj Kumar,member20583@example.com,9705122727,60,Female,Kadapa,Silver,2021-05-14,No
11824,Manoj Rao,member11824@example.com,9863286590,61,Male,Kurnool,Regular,2020-05-13,Yes
33750,Ananya Mishra,member33750@example.com,9547973062,20,Female,Nellore,Platinum,2025-11-04,Yes
40071,Manoj Yadav,member40071@example.com,9804802925,62,Female,Nellore,Regular,2022-04-20,Yes
33151,Manoj Sharma,member33151@example.com,9211823967,27,Male,Vijayawada,Gold,2022-10-23,Yes
44757,Imran Das,member44757@example.com,9427463776,63,Male,Kurnool,Silver,2026-02-28,No
12348,Priya Rao,member12348@example.com,9485877189,27,Female,Vijayawada,Gold,2022-09-18,Yes
37503,Divya Yadav,member37503@example.com,9167382171,22,Female,Chennai,Silver,2025-06-20,Yes
28580,Ananya Babu,member28580@example.com,9491374519,26,Female,Anantapur,Regular,2023-10-22,Yes
6677,Ananya Patel,member6677@example.com,9916506746,52,Male,Nellore,Gold,2023-09-14,Yes
31121,Ananya Mishra,member31121@example.com,9517298646,69,Male,Bengaluru,Platinum,2019-04-12,Yes
25661,Vikram Patel,member25661@example.com,9915256078,48,Male,Bengaluru,Regular,2025-08-14,Yes
37092,Manoj Singh,member37092@example.com,9372262045,54,Male,Kurnool,Regular,2025-02-26,Yes
9399,Aditya Rao,member9399@example.com,9306276417,42,Male,Kurnool,Regular,2020-04-26,Yes
29624,Ravi Kumar,member29624@example.com,9376916146,58,Male,Nellore,Gold,2021-07-24,Yes
36735,Neha Khan,member36735@example.com,9766353357,19,Female,Hyderabad,Regular,2020-03-07,No
5412,Priya Das,member5412@example.com,9753731399,31,Male,Vijayawada,Gold,2022-08-27,Yes
42099,Meena Das,member42099@example.com,9771066569,62,Male,Hyderabad,Regular,2023-01-03,No
43709,Ravi Rao,member43709@example.com,9484047454,23,Female,Chennai,Regular,2020-11-10,Yes
34403,Neha Patel,member34403@example.com,9961425595,30,Female,Anantapur,Silver,2019-11-13,Yes
20437,John Sharma,member20437@example.com,9986979397,55,Female,Nellore,Silver,2023-04-30,Yes
21222,Neha Gupta,member21222@example.com,9349214623,40,Female,Hyderabad,Regular,2023-06-26,Yes
25714,Manoj Sharma,member25714@example.com,9316921463,58,Female,Tirupati,Regular,2026-04-02,Yes
20092,Ali Singh,member20092@example.com,9833214228,43,Male,Bengaluru,Platinum,2024-12-11,Yes
36906,Varun Patel,member36906@example.com,9545987924,22,Male,Tirupati,Regular,2021-09-23,Yes
12996,Ali Gupta,member12996@example.com,9395028938,67,Male,Tirupati,Regular,2020-09-01,No
36315,Aditya Khan,member36315@example.com,9373210295,28,Female,Bengaluru,Silver,2026-02-03,Yes
8872,Rahul Naidu,member8872@example.com,9425185349,56,Female,Kurnool,Regular,2023-07-03,Yes
29250,Ayesha Singh,member29250@example.com,9509734759,26,Female,Kurnool,Regular,2026-05-17,No
24097,Manoj Sharma,member24097@example.com,9741316733,30,Male,Kadapa,Regular,2021-01-30,No
12053,Ravi Sharma,member12053@example.com,9840489099,53,Male,Guntur,Platinum,2023-11-10,Yes
44304,John Mishra,member44304@example.com,9765418987,19,Male,Bengaluru,Gold,2022-05-14,Yes
30830,Kiran Rao,member30830@example.com,9157386450,61,Male,Kurnool,Regular,2023-02-11,Yes
24552,Sneha Kumar,member24552@example.com,9605993992,25,Male,Anantapur,Platinum,2018-11-10,Yes
9581,Rahul Naidu,member9581@example.com,9867773290,58,Male,Guntur,Regular,2026-06-06,Yes
42434,John Rao,member42434@example.com,9296523711,29,Female,Anantapur,Gold,2024-09-05,Yes
9846,Vikram Rao,member9846@example.com,9493116063,50,Male,Guntur,Regular,2022-05-28,No
21071,Ravi Yadav,member21071@example.com,9362563318,33,Male,Bengaluru,Regular,2019-01-25,Yes
8880,Neha Kumar,member8880@example.com,9927786761,34,Male,Tirupati,Silver,2021-09-11,Yes
10408,Ayesha Khan,member10408@example.com,9847680791,48,Female,Anantapur,Regular,2018-01-08,Yes
18686,Sahil Patel,member18686@example.com,9631949512,30,Female,Tirupati,Regular,2020-06-05,Yes
26384,Varun Singh,member26384@example.com,9841524087,58,Female,Hyderabad,Regular,2021-10-12,Yes
22809,Arjun Khan,member22809@example.com,9119279642,56,Other,Tirupati,Silver,2019-05-27,Yes
7202,Manoj Gupta,member7202@example.com,9644585034,40,Female,Chennai,Regular,2020-06-28,Yes
9124,Kiran Singh,member9124@example.com,9784311391,60,Male,Chennai,Platinum,2025-12-09,Yes
34455,Sneha Verma,member34455@example.com,9853826924,26,Female,Chennai,Regular,2020-01-08,Yes
10566,Imran Babu,member10566@example.com,9236501866,23,Female,Tirupati,Platinum,2022-05-25,Yes
17816,John Verma,member17816@example.com,9435468082,34,Male,Vijayawada,Regular,2019-03-27,No
19870,Ananya Sharma,member19870@example.com,9762695574,59,Female,Kurnool,Regular,2022-03-30,Yes
2916,Neha Mishra,member2916@example.com,9409996231,55,Male,Tirupati,Gold,2026-01-27,Yes
26004,John Mishra,member26004@example.com,9100735504,39,Male,Chennai,Regular,2018-02-14,Yes
41007,John Khan,member41007@example.com,9552740825,49,Female,Guntur,Silver,2023-11-10,Yes
8762,Rahul Yadav,member8762@example.com,9178283902,67,Male,Kurnool,Silver,2025-06-07,Yes
32792,Divya Patel,member32792@example.com,9728529547,40,Female,Bengaluru,Regular,2021-02-19,Yes
36533,Sneha Gupta,member36533@example.com,9532261202,70,Female,Guntur,Regular,2018-01-21,No
44156,Sahil Mishra,member44156@example.com,9532547471,59,Male,Kadapa,Platinum,2025-07-19,Yes
10080,Divya Das,member10080@example.com,9746799806,22,Female,Anantapur,Regular,2022-09-23,Yes
11169,Varun Sharma,member11169@example.com,9421231277,62,Female,Hyderabad,Regular,2025-04-05,Yes
22110,Sneha Sharma,member22110@example.com,9525014382,32,Female,Anantapur,Regular,2020-09-19,No
8154,Pooja Verma,member8154@example.com,9597391218,68,Female,Tirupati,Regular,2026-03-24,Yes
20842,Ravi Yadav,member20842@example.com,9778949916,22,Female,Guntur,Silver,2025-04-26,No
47415,John Patel,member47415@example.com,9925405322,29,Male,Guntur,Regular,2020-09-17,No
6921,Imran Kumar,member6921@example.com,9409508974,24,Female,Chennai,Gold,2025-01-21,Yes
6050,Aditya Rao,member6050@example.com,9641886645,19,Female,Guntur,Regular,2018-10-19,Yes
19365,Arjun Das,member19365@example.com,9685665261,42,Female,Chennai,Gold,2025-07-11,Yes
22879,Vikram Singh,member22879@example.com,9479025608,35,Male,Chennai,Regular,2025-10-31,Yes
32322,Priya Sharma,member32322@example.com,9540775857,39,Male,Anantapur,Regular,2018-11-27,No
32309,Divya Yadav,member32309@example.com,9786804812,50,Female,Kurnool,Gold,2021-12-23,Yes
8933,Meena Reddy,member8933@example.com,9239149062,46,Male,Kurnool,Regular,2025-06-06,No
36182,Divya Singh,member36182@example.com,9914985424,69,Female,Tirupati,Regular,2025-09-27,Yes
45032,Priya Verma,member45032@example.com,9360033113,19,Female,Anantapur,Regular,2021-01-11,Yes
43188,Kiran Mishra,member43188@example.com,9254667399,46,Male,Kadapa,Gold,2020-07-05,Yes
13610,Imran Babu,member13610@example.com,9536273432,19,Female,Tirupati,Regular,2025-09-21,Yes
5526,Ananya Reddy,member5526@example.com,9340234846,64,Other,Nellore,Gold,2020-05-01,Yes
32460,Rahul Khan,member32460@example.com,9735976678,52,Male,Kadapa,Gold,2022-07-24,No
8414,Imran Khan,member8414@example.com,9416332038,20,Male,Guntur,Gold,2019-05-30,Yes
11197,Arjun Patel,member11197@example.com,9621508774,44,Female,Hyderabad,Gold,2026-07-10,Yes
25984,Vikram Das,member25984@example.com,9993682763,29,Male,Hyderabad,Gold,2026-01-26,Yes
4409,Pooja Singh,member4409@example.com,9617454951,25,Female,Vijayawada,Regular,2019-03-20,Yes
40352,Ali Reddy,member40352@example.com,9709312736,67,Female,Nellore,Platinum,2022-05-24,Yes
10124,Divya Naidu,member10124@example.com,9931065953,55,Female,Vijayawada,Silver,2025-02-18,Yes
16324,Ananya Khan,member16324@example.com,9214614579,55,Female,Vijayawada,Regular,2024-10-31,Yes
35543,Ananya Naidu,member35543@example.com,9909372012,18,Female,Vijayawada,Regular,2023-07-23,Yes
24390,Meena Gupta,member24390@example.com,9988384561,60,Female,Guntur,Regular,2018-11-24,Yes
35980,Rahul Das,member35980@example.com,9864028706,56,Female,Kurnool,Silver,2019-01-16,No
12946,Arjun Patel,member12946@example.com,9578080920,63,Female,Chennai,Regular,2022-09-20,Yes
23826,Pooja Yadav,member23826@example.com,9974284412,31,Female,Hyderabad,Regular,2026-05-24,Yes
20042,Kiran Kumar,member20042@example.com,9453981208,45,Male,Bengaluru,Gold,2019-04-11,Yes
20293,Divya Sharma,member20293@example.com,9798452121,24,Female,Nellore,Regular,2021-09-21,No
12784,Ravi Khan,member12784@example.com,9479932691,58,Male,Bengaluru,Regular,2025-12-08,Yes
21128,Sahil Verma,member21128@example.com,9241232430,65,Female,Anantapur,Regular,2018-12-22,Yes
8892,John Kumar,member8892@example.com,9854118314,58,Male,Hyderabad,Regular,2019-06-25,Yes
6185,Vikram Verma,member6185@example.com,9816841019,52,Male,Anantapur,Regular,2022-04-12,Yes
11542,Arjun Singh,member11542@example.com,9915527329,20,Female,Nellore,Regular,2023-06-11,Yes
31592,Divya Rao,member31592@example.com,9533051168,18,Male,Anantapur,Regular,2022-05-22,Yes
30418,Priya Mishra,member30418@example.com,9826065152,47,Female,Hyderabad,Gold,2019-05-30,Yes
29168,Rahul Sharma,member29168@example.com,9908243600,63,Male,Bengaluru,Regular,2026-08-16,Yes
21536,Arjun Patel,member21536@example.com,9729575803,30,Female,Anantapur,Regular,2023-11-16,Yes
32351,Divya Singh,member32351@example.com,9722899908,36,Male,Tirupati,Regular,2018-07-19,Yes
21974,Sneha Naidu,member21974@example.com,9311223563,21,Male,Nellore,Silver,2023-11-26,Yes
23797,Ravi Babu,member23797@example.com,9249237918,47,Male,Tirupati,Gold,2018-01-29,Yes
2955,Sahil Rao,member2955@example.com,9659319101,64,Female,Nellore,Regular,2022-01-02,Yes
32722,Manoj Reddy,member32722@example.com,9561728125,38,Male,Chennai,Regular,2018-09-17,Yes
25375,Rahul Rao,member25375@example.com,9472741330,70,Male,Kurnool,Regular,2020-07-19,No
31121,Ananya Mishra,member31121@example.com,9517298646,69,Male,Bengaluru,Platinum,2019-04-12,Yes
6721,Sahil Reddy,member6721@example.com,9262236407,18,Female,Vijayawada,Regular,2019-06-19,Yes
17203,Divya Babu,member17203@example.com,9679966702,50,Female,Guntur,Regular,2024-09-26,Yes
40111,Ali Patel,member40111@example.com,9717780759,46,Male,Bengaluru,Regular,2021-07-21,Yes
36320,Arjun Khan,member36320@example.com,9213227897,33,Female,Chennai,Gold,2025-12-17,Yes
28172,Sahil Khan,member28172@example.com,9953860285,23,Female,Guntur,Regular,2025-10-18,Yes
23966,Vikram Singh,member23966@example.com,9466699976,60,Male,Anantapur,Regular,2020-03-06,Yes
15362,Sneha Babu,member15362@example.com,9501214635,59,Female,Nellore,Regular,2020-02-20,Yes
17583,Ananya Gupta,member17583@example.com,9142924462,47,Male,Guntur,Regular,2023-03-19,Yes
16308,Varun Mishra,member16308@example.com,9668335737,35,Female,Bengaluru,Regular,2022-02-02,Yes
9164,Ravi Yadav,member9164@example.com,9749559026,37,Female,Kadapa,Gold,2023-03-26,Yes
20628,Divya Mishra,member20628@example.com,9987708163,67,Female,Guntur,Regular,2020-08-05,Yes
10475,Ali Patel,member10475@example.com,9112237803,21,Female,Guntur,Silver,2025-08-03,Yes
26827,Imran Babu,member26827@example.com,9481495281,62,Male,Anantapur,Gold,2024-01-19,Yes
16073,Vikram Reddy,member16073@example.com,9335032783,31,Female,Tirupati,Regular,2018-03-01,Yes
42724,Varun Naidu,member42724@example.com,9640854207,67,Female,Bengaluru,Silver,2019-06-25,Yes
31660,Pooja Gupta,member31660@example.com,9720450262,32,Male,Chennai,Regular,2018-12-08,No
1471,Sahil Reddy,member1471@example.com,9277949267,28,Male,Chennai,Regular,2026-01-01,Yes
12489,Ali Patel,member12489@example.com,9580631785,23,Female,Hyderabad,Regular,2021-11-26,Yes
37668,Meena Patel,member37668@example.com,9476280247,18,Female,Bengaluru,Silver,2025-05-08,Yes
10521,Ravi Patel,member10521@example.com,9444636023,40,Female,Vijayawada,Gold,2018-02-06,Yes
33237,Kiran Mishra,member33237@example.com,9480185318,20,Female,Vijayawada,Gold,2023-09-22,No
36416,Neha Verma,member36416@example.com,9767315703,43,Female,Kurnool,Silver,2024-11-18,Yes
21750,Neha Khan,member21750@example.com,9459526834,67,Other,Guntur,Regular,2023-10-22,Yes
46578,Kiran Babu,member46578@example.com,9492869886,34,Female,Kadapa,Gold,2026-03-29,Yes
15648,Vikram Yadav,member15648@example.com,9356433933,25,Female,Chennai,Regular,2024-01-13,Yes
37821,Divya Das,member37821@example.com,9687133131,46,Male,Anantapur,Regular,2024-11-29,No
21480,Ali Mishra,member21480@example.com,9681125305,59,Female,Kurnool,Platinum,2023-07-23,Yes
11098,Ayesha Patel,member11098@example.com,9783367845,67,Other,Vijayawada,Regular,2020-12-10,No
28487,Pooja Mishra,member28487@example.com,9695460676,68,Female,Bengaluru,Regular,2019-06-19,Yes
30924,Ali Das,member30924@example.com,9393660604,56,Male,Hyderabad,Regular,2026-04-15,Yes
16285,Arjun Khan,member16285@example.com,9628479734,39,Female,Kurnool,Gold,2019-07-15,No
14774,Divya Patel,member14774@example.com,9951526752,54,Male,Kurnool,Regular,2022-02-02,Yes
28347,Imran Patel,member28347@example.com,9404093927,65,Male,Vijayawada,Regular,2018-09-04,Yes
22017,Meena Mishra,member22017@example.com,9543699981,33,Male,Bengaluru,Regular,2019-05-13,Yes
15113,Aditya Patel,member15113@example.com,9790647362,53,Female,Chennai,Regular,2018-07-27,Yes
45123,Sneha Gupta,member45123@example.com,9300523957,22,Female,Chennai,Gold,2024-07-19,Yes
24900,Sahil Patel,member24900@example.com,9285746339,22,Female,Nellore,Gold,2023-09-09,Yes
31905,Rahul Rao,member31905@example.com,9748451821,45,Female,Tirupati,Regular,2021-06-12,Yes
22782,Aditya Das,member22782@example.com,9947806722,50,Female,Chennai,Regular,2021-07-07,Yes
34827,Kiran Sharma,member34827@example.com,9299076027,35,Male,Kurnool,Silver,2020-10-04,Yes
13625,Neha Singh,member13625@example.com,9183961208,39,Male,Vijayawada,Regular,2025-02-12,Yes
30376,Meena Babu,member30376@example.com,9341226080,49,Male,Bengaluru,Silver,2021-02-26,Yes
17835,Imran Naidu,member17835@example.com,9308881467,40,Female,Nellore,Regular,2021-09-15,Yes
39036,Ananya Patel,member39036@example.com,9203809279,37,Female,Bengaluru,Silver,2026-05-15,No
15382,Ayesha Rao,member15382@example.com,9743527169,55,Female,Kadapa,Regular,2025-06-05,Yes
37223,Vikram Singh,member37223@example.com,9793316374,25,Male,Kadapa,Regular,2020-08-26,Yes
12972,Imran Verma,member12972@example.com,9229327801,25,Male,Anantapur,Regular,2024-11-28,Yes
16791,Rahul Yadav,member16791@example.com,9532878320,44,Male,Bengaluru,Platinum,2025-03-27,Yes
4145,Sahil Verma,member4145@example.com,9563149876,58,Male,Bengaluru,Regular,2023-12-16,Yes
17463,Sneha Gupta,member17463@example.com,9834350404,19,Female,Chennai,Silver,2020-06-21,Yes
34019,Imran Patel,member34019@example.com,9147232620,35,Female,Tirupati,Regular,2023-02-01,Yes
31208,Neha Verma,member31208@example.com,9538931988,29,Male,Kadapa,Regular,2023-08-17,No
11403,Ananya Yadav,member11403@example.com,9785838409,57,Female,Guntur,Silver,2024-08-12,Yes
14882,Arjun Verma,member14882@example.com,9968379755,26,Female,Chennai,Gold,2026-02-20,Yes
7221,Divya Patel,member7221@example.com,9534603998,46,Female,Nellore,Gold,2021-10-09,Yes
40357,Manoj Kumar,member40357@example.com,9715899903,52,Male,Guntur,Regular,2024-07-08,Yes
5305,Aditya Sharma,member5305@example.com,9497053089,20,Male,Nellore,Regular,2019-06-18,Yes
15275,Rahul Khan,member15275@example.com,9581163871,44,Female,Bengaluru,Gold,2022-07-07,No
41308,John Yadav,member41308@example.com,9465498643,50,Male,Tirupati,Regular,2019-08-15,No
8905,Ali Mishra,member8905@example.com,9877578280,33,Female,Anantapur,Regular,2018-02-25,Yes
17019,Vikram Rao,member17019@example.com,9649677573,34,Female,Kurnool,Gold,2020-08-08,Yes
33442,Sahil Verma,member33442@example.com,9956027443,43,Male,Vijayawada,Regular,2020-08-18,Yes
13927,Varun Sharma,member13927@example.com,9759862231,46,Male,Kadapa,Regular,2021-12-22,No
43738,Vikram Khan,member43738@example.com,9460800565,29,Male,Kadapa,Regular,2019-06-28,Yes
8914,Kiran Khan,member8914@example.com,9714046309,62,Male,Kadapa,Regular,2022-09-29,Yes
10073,Priya Khan,member10073@example.com,9429825941,18,Female,Hyderabad,Regular,2023-03-12,No
36492,Manoj Babu,member36492@example.com,9948364838,39,Male,Anantapur,Regular,2024-06-30,Yes
19486,Vikram Kumar,member19486@example.com,9831837438,59,Male,Hyderabad,Regular,2024-07-23,Yes
20022,Sneha Babu,member20022@example.com,9440468730,30,Male,Chennai,Regular,2025-03-28,Yes
46034,John Patel,member46034@example.com,9154433492,68,Male,Vijayawada,Regular,2025-02-24,Yes
29538,Sahil Yadav,member29538@example.com,9204801055,24,Male,Tirupati,Regular,2018-03-11,No
34576,Sahil Singh,member34576@example.com,9737015292,60,Female,Anantapur,Gold,2024-08-20,No
2212,Ravi Kumar,member2212@example.com,9774156996,23,Female,Kadapa,Platinum,2022-08-25,Yes
5771,Priya Gupta,member5771@example.com,9626088765,30,Male,Anantapur,Silver,2018-12-11,No
36700,John Rao,member36700@example.com,9220691155,46,Female,Hyderabad,Gold,2019-07-03,No
43874,Imran Reddy,member43874@example.com,9742146058,59,Female,Hyderabad,Platinum,2024-08-17,No
4460,Imran Mishra,member4460@example.com,9292001646,53,Male,Hyderabad,Regular,2025-05-01,Yes
32623,Sneha Gupta,member32623@example.com,9390621846,36,Female,Bengaluru,Regular,2020-12-29,Yes
26626,Varun Gupta,member26626@example.com,9862603531,69,Male,Kurnool,Regular,2018-12-06,Yes
16578,Imran Kumar,member16578@example.com,9459298720,43,Female,Vijayawada,Gold,2023-08-17,Yes
19470,Meena Singh,member19470@example.com,9955997840,23,Male,Anantapur,Regular,2023-12-23,No
32271,Priya Yadav,member32271@example.com,9764817037,70,Female,Kurnool,Silver,2024-04-18,No
37559,John Rao,member37559@example.com,9795534612,39,Male,Kadapa,Regular,2020-12-26,Yes
37577,John Gupta,member37577@example.com,9315184648,67,Male,Tirupati,Regular,2021-01-21,Yes
38787,Ananya Reddy,member38787@example.com,9479710107,65,Male,Hyderabad,Gold,2020-03-31,Yes
47156,Sneha Patel,member47156@example.com,9652771900,56,Male,Nellore,Silver,2026-07-20,Yes
11154,Vikram Patel,member11154@example.com,9275599014,25,Female,Bengaluru,Regular,2020-09-11,Yes
31375,Kiran Rao,member31375@example.com,9603748578,21,Female,Anantapur,Regular,2022-04-20,Yes
28518,Varun Rao,member28518@example.com,9988308194,63,Female,Anantapur,Regular,2021-02-04,No
27588,Sneha Yadav,member27588@example.com,9768358123,56,Female,Tirupati,Gold,2024-08-08,Yes
23455,Priya Gupta,member23455@example.com,9939482187,35,Male,Chennai,Silver,2025-03-15,Yes
38492,Sahil Patel,member38492@example.com,9456366591,53,Female,Vijayawada,Silver,2018-10-06,Yes
47190,John Gupta,member47190@example.com,9517678709,19,Female,Anantapur,Silver,2022-11-27,Yes
14066,Sahil Babu,member14066@example.com,9647835784,26,Male,Nellore,Regular,2018-09-08,Yes
9399,Aditya Rao,member9399@example.com,9306276417,42,Male,Kurnool,Regular,2020-04-26,Yes
20880,Vikram Verma,member20880@example.com,9321856163,44,Male,Tirupati,Silver,2019-06-11,Yes
24067,Ravi Gupta,member24067@example.com,9662297964,23,Male,Hyderabad,Regular,2020-01-21,Yes
36275,Vikram Patel,member36275@example.com,9983893694,50,Male,Kadapa,Regular,2018-03-09,Yes
36092,Arjun Singh,member36092@example.com,9904018180,26,Female,Hyderabad,Regular,2019-05-23,No
10952,Kiran Kumar,member10952@example.com,9495471162,29,Female,Bengaluru,Platinum,2019-08-05,Yes
10008,Ayesha Rao,member10008@example.com,9713904701,37,Male,Kurnool,Regular,2024-08-30,Yes
10803,Manoj Rao,member10803@example.com,9190524688,40,Male,Kurnool,Regular,2019-05-08,No
11661,Neha Kumar,member11661@example.com,9187331903,56,Male,Anantapur,Silver,2021-02-06,Yes
27689,Rahul Yadav,member27689@example.com,9512374100,42,Other,Nellore,Regular,2025-06-09,Yes
25661,Vikram Patel,member25661@example.com,9915256078,48,Male,Bengaluru,Regular,2025-08-14,Yes
35165,Vikram Reddy,member35165@example.com,9159138893,21,Male,Chennai,Gold,2026-06-27,Yes
38778,Neha Gupta,member38778@example.com,9444792139,61,Male,Bengaluru,Regular,2019-10-13,Yes
22465,Ayesha Patel,member22465@example.com,9525975894,36,Female,Hyderabad,Regular,2026-04-17,Yes
30926,Divya Yadav,member30926@example.com,9374933067,50,Male,Anantapur,Regular,2019-06-12,Yes
33736,Meena Khan,member33736@example.com,9564574159,37,Female,Hyderabad,Regular,2025-08-07,Yes
46013,Pooja Das,member46013@example.com,9612302096,34,Male,Vijayawada,Regular,2019-05-12,Yes
14626,Varun Gupta,member14626@example.com,9851829185,35,Female,Anantapur,Silver,2024-02-26,Yes
25589,Priya Babu,member25589@example.com,9491361744,42,Male,Kadapa,Regular,2021-09-20,Yes
29046,Arjun Rao,member29046@example.com,9353093107,54,Male,Chennai,Regular,2020-01-03,Yes
12803,Arjun Singh,member12803@example.com,9853906918,52,Female,Tirupati,Regular,2019-04-03,Yes
39194,Varun Khan,member39194@example.com,9108007587,52,Male,Nellore,Gold,2024-12-07,No
12371,Sahil Kumar,member12371@example.com,9123390156,46,Female,Vijayawada,Platinum,2023-10-22,Yes
19650,Sahil Gupta,member19650@example.com,9664114720,54,Male,Tirupati,Regular,2021-10-09,Yes
42556,Ravi Reddy,member42556@example.com,9476398016,18,Male,Chennai,Silver,2018-08-10,Yes
33250,John Gupta,member33250@example.com,9391618683,48,Male,Chennai,Silver,2021-04-05,Yes
22312,Imran Mishra,member22312@example.com,9840758773,22,Male,Anantapur,Regular,2026-04-12,No
39202,Ananya Rao,member39202@example.com,9543767014,48,Female,Chennai,Regular,2023-12-22,Yes
33051,Varun Naidu,member33051@example.com,9146534317,26,Male,Hyderabad,Platinum,2022-02-01,Yes
29622,Sneha Naidu,member29622@example.com,9433468274,45,Male,Tirupati,Regular,2019-06-26,Yes
44405,Rahul Singh,member44405@example.com,9207363111,35,Male,Bengaluru,Regular,2024-02-03,Yes
29862,Varun Kumar,member29862@example.com,9393713877,30,Female,Kurnool,Regular,2025-12-23,Yes
21750,Neha Khan,member21750@example.com,9459526834,67,Other,Guntur,Regular,2023-10-22,Yes
43389,Sneha Rao,member43389@example.com,9457996563,66,Male,Guntur,Regular,2018-11-17,Yes
20732,Meena Kumar,member20732@example.com,9282577599,38,Female,Chennai,Regular,2019-10-04,No
32565,Priya Khan,member32565@example.com,9368990795,61,Female,Tirupati,Platinum,2021-07-23,Yes
10710,Divya Yadav,member10710@example.com,9710846896,63,Female,Kadapa,Silver,2023-01-09,Yes
15508,Manoj Gupta,member15508@example.com,9740898765,57,Male,Nellore,Regular,2022-01-24,Yes
10773,Priya Naidu,member10773@example.com,9649935235,25,Male,Anantapur,Silver,2026-04-27,No
29977,Kiran Babu,member29977@example.com,9635339563,47,Male,Kurnool,Regular,2024-11-19,Yes
42699,Priya Mishra,member42699@example.com,9503663610,41,Male,Vijayawada,Regular,2026-06-30,No
20175,Ananya Babu,member20175@example.com,9219405834,67,Male,Nellore,Regular,2024-07-29,Yes
12031,Divya Yadav,member12031@example.com,9690876183,27,Male,Anantapur,Gold,2021-11-03,Yes
39910,Ravi Mishra,member39910@example.com,9725778973,38,Male,Chennai,Regular,2024-02-10,Yes
39549,Pooja Yadav,member39549@example.com,9533089776,53,Male,Vijayawada,Regular,2018-09-22,Yes
15727,Kiran Gupta,member15727@example.com,9397601404,54,Female,Vijayawada,Regular,2023-01-09,No
32177,Manoj Naidu,member32177@example.com,9600451644,68,Male,Anantapur,Gold,2025-09-02,Yes
217,Arjun Babu,member217@example.com,9908961915,34,Female,Anantapur,Regular,2023-08-27,Yes
21397,Ananya Kumar,member21397@example.com,9629545708,69,Male,Hyderabad,Platinum,2022-04-14,No
42408,Ravi Babu,member42408@example.com,9633819982,64,Male,Tirupati,Regular,2018-08-10,Yes
15166,Aditya Mishra,member15166@example.com,9780295762,48,Male,Kadapa,Silver,2018-08-23,Yes
21582,Ravi Verma,member21582@example.com,9954905241,45,Male,Chennai,Gold,2018-07-13,Yes
15613,Kiran Singh,member15613@example.com,9988442770,70,Female,Hyderabad,Gold,2024-06-04,Yes
28737,Ananya Rao,member28737@example.com,9729439182,31,Female,Vijayawada,Regular,2021-08-09,Yes
13815,Divya Gupta,member13815@example.com,9178971956,22,Female,Nellore,Silver,2023-07-06,No
23211,Arjun Das,member23211@example.com,9436309701,46,Female,Kurnool,Regular,2019-12-31,Yes
46571,Manoj Reddy,member46571@example.com,9874832369,35,Male,Nellore,Silver,2021-12-07,No
20917,Imran Khan,member20917@example.com,9720742223,27,Male,Kurnool,Silver,2026-08-11,No
14813,Manoj Babu,member14813@example.com,9479854685,65,Male,Tirupati,Silver,2022-08-29,Yes
37248,Pooja Reddy,member37248@example.com,9258525893,58,Female,Kadapa,Regular,2021-12-12,Yes
851,Ayesha Babu,member851@example.com,9787151791,35,Male,Guntur,Silver,2018-05-14,No
9546,Manoj Patel,member9546@example.com,9895683622,40,Female,Hyderabad,Gold,2020-06-03,Yes
44512,Imran Babu,member44512@example.com,9256554157,67,Female,Tirupati,Regular,2018-11-28,Yes
3264,Ayesha Mishra,member3264@example.com,9877388654,42,Female,Anantapur,Regular,2023-09-20,Yes
9932,Vikram Gupta,member9932@example.com,9158979498,35,Male,Hyderabad,Gold,2024-03-29,Yes
10114,Kiran Gupta,member10114@example.com,9935985655,44,Male,Bengaluru,Platinum,2018-09-01,Yes
18336,Rahul Kumar,member18336@example.com,9113910351,53,Male,Chennai,Silver,2023-10-28,Yes
41063,Meena Verma,member41063@example.com,9518847754,64,Male,Hyderabad,Gold,2024-11-27,Yes
9566,Kiran Rao,member9566@example.com,9294971725,41,Other,Anantapur,Gold,2023-11-10,Yes
15743,Vikram Verma,member15743@example.com,9102493729,33,Female,Vijayawada,Regular,2019-03-22,Yes
46802,Ravi Rao,member46802@example.com,9763384832,26,Male,Nellore,Regular,2025-08-27,Yes
21273,Neha Babu,member21273@example.com,9991757078,65,Male,Tirupati,Regular,2018-06-25,Yes
27059,Priya Yadav,member27059@example.com,9113520997,40,Female,Kadapa,Gold,2020-02-06,Yes
19261,Ayesha Mishra,member19261@example.com,9403747517,51,Female,Tirupati,Platinum,2020-10-28,Yes
6362,Priya Das,member6362@example.com,9672593053,58,Female,Kadapa,Silver,2020-04-22,No
45534,John Singh,member45534@example.com,9612485110,45,Female,Chennai,Silver,2018-03-26,No
17299,Pooja Naidu,member17299@example.com,9689084829,19,Male,Guntur,Silver,2019-01-18,Yes
21583,Manoj Das,member21583@example.com,9152918417,20,Male,Tirupati,Silver,2021-05-10,Yes
12124,Ayesha Reddy,member12124@example.com,9143225864,27,Female,Guntur,Regular,2026-07-09,No
42147,Varun Patel,member42147@example.com,9535632924,24,Male,Nellore,Gold,2024-04-28,No
36760,Sahil Naidu,member36760@example.com,9539167468,58,Female,Tirupati,Silver,2026-08-09,Yes
32469,Sahil Rao,member32469@example.com,9689953713,55,Male,Kadapa,Regular,2024-09-21,Yes
44359,Vikram Rao,member44359@example.com,9278107326,36,Female,Vijayawada,Silver,2021-01-09,Yes
39736,Arjun Rao,member39736@example.com,9486044576,25,Male,Anantapur,Regular,2023-08-03,Yes
19661,Sahil Das,member19661@example.com,9573679844,60,Male,Bengaluru,Silver,2024-11-27,Yes
15383,Arjun Mishra,member15383@example.com,9369333706,39,Female,Kadapa,Silver,2022-07-31,Yes
10399,John Patel,member10399@example.com,9426320561,30,Male,Bengaluru,Platinum,2018-04-30,Yes
20732,Meena Kumar,member20732@example.com,9282577599,38,Female,Chennai,Regular,2019-10-04,No
9982,Priya Naidu,member9982@example.com,9882151918,30,Male,Kadapa,Regular,2025-10-04,Yes
35757,Ayesha Kumar,member35757@example.com,9160070690,33,Male,Kadapa,Gold,2023-10-02,No
30428,Imran Reddy,member30428@example.com,9304708202,42,Male,Kadapa,Regular,2026-05-22,Yes
10963,Kiran Babu,member10963@example.com,9744073494,30,Male,Vijayawada,Regular,2019-05-08,No
14355,Ayesha Rao,member14355@example.com,9548521293,46,Male,Bengaluru,Silver,2024-02-24,Yes
38746,Vikram Mishra,member38746@example.com,9717462390,32,Female,Hyderabad,Regular,2024-05-02,Yes
44917,Imran Mishra,member44917@example.com,9892507218,37,Female,Kadapa,Regular,2021-10-20,Yes
45153,Sahil Khan,member45153@example.com,9614526816,67,Male,Hyderabad,Regular,2025-05-06,Yes
25457,Priya Reddy,member25457@example.com,9816947826,42,Male,Anantapur,Regular,2024-01-27,Yes
30168,Meena Das,member30168@example.com,9634631967,19,Male,Nellore,Regular,2022-09-18,Yes
46842,Ali Kumar,member46842@example.com,9308236992,61,Female,Nellore,Regular,2020-07-11,Yes
38687,Varun Babu,member38687@example.com,9121428877,34,Female,Tirupati,Gold,2020-04-03,Yes
20437,John Sharma,member20437@example.com,9986979397,55,Female,Nellore,Silver,2023-04-30,Yes
24591,Pooja Rao,member24591@example.com,9384780521,36,Male,Chennai,Silver,2024-07-05,Yes
46523,Sahil Naidu,member46523@example.com,9742744500,62,Female,Kadapa,Regular,2023-02-11,Yes
41006,Priya Reddy,member41006@example.com,9865998721,20,Male,Kadapa,Silver,2025-08-05,No
32812,Meena Reddy,member32812@example.com,9122331733,33,Female,Hyderabad,Regular,2020-06-07,Yes
15126,Pooja Khan,member15126@example.com,9265333081,54,Female,Vijayawada,Regular,2020-06-05,Yes
26355,Pooja Babu,member26355@example.com,9271055739,21,Male,Anantapur,Regular,2024-01-12,Yes
29910,Aditya Gupta,member29910@example.com,9819925324,51,Female,Chennai,Platinum,2025-01-01,Yes
4525,Divya Babu,member4525@example.com,9459074390,28,Other,Anantapur,Gold,2025-01-24,Yes
45067,Varun Das,member45067@example.com,9962724284,28,Male,Bengaluru,Gold,2018-10-18,Yes
42254,Ananya Gupta,member42254@example.com,9488821230,33,Female,Nellore,Regular,2020-02-06,Yes
15166,Aditya Mishra,member15166@example.com,9780295762,48,Male,Kadapa,Silver,2018-08-23,Yes
30994,Pooja Kumar,member30994@example.com,9230465682,68,Female,Anantapur,Regular,2023-04-12,Yes
10647,Rahul Singh,member10647@example.com,9824879999,34,Male,Hyderabad,Silver,2025-01-30,Yes
11119,Priya Verma,member11119@example.com,9144370722,44,Male,Anantapur,Silver,2025-01-05,No
14091,Vikram Yadav,member14091@example.com,9659532692,21,Male,Kadapa,Silver,2021-10-02,Yes
4505,Imran Gupta,member4505@example.com,9710308580,22,Male,Kadapa,Silver,2022-01-19,Yes
30260,Varun Khan,member30260@example.com,9360936619,31,Male,Kurnool,Silver,2026-07-01,Yes
37303,Sahil Naidu,member37303@example.com,9738187729,57,Male,Kurnool,Regular,2025-09-10,No
12493,Sneha Babu,member12493@example.com,9618516389,52,Male,Kadapa,Regular,2022-09-06,Yes
23967,Sneha Das,member23967@example.com,9465941962,37,Female,Bengaluru,Regular,2022-11-03,Yes
20219,Vikram Gupta,member20219@example.com,9161284851,61,Male,Vijayawada,Regular,2022-03-11,Yes
2609,Divya Babu,member2609@example.com,9922550660,23,Other,Guntur,Silver,2021-06-25,No
23201,Manoj Singh,member23201@example.com,9425916343,42,Female,Kadapa,Regular,2019-07-08,Yes
1591,Kiran Khan,member1591@example.com,9620526703,41,Female,Vijayawada,Regular,2022-02-27,Yes
23819,Priya Rao,member23819@example.com,9226468219,23,Male,Bengaluru,Regular,2020-05-12,Yes
16697,Priya Verma,member16697@example.com,9730579084,62,Female,Guntur,Regular,2018-09-14,Yes
27777,Divya Patel,member27777@example.com,9958498759,28,Female,Kurnool,Silver,2019-04-04,Yes
23572,Divya Khan,member23572@example.com,9118213984,50,Female,Nellore,Regular,2022-08-31,Yes
35230,John Singh,member35230@example.com,9465365327,32,Female,Guntur,Regular,2023-04-07,Yes
40005,Ali Sharma,member40005@example.com,9306182026,33,Male,Hyderabad,Gold,2019-12-01,Yes
32461,Ali Khan,member32461@example.com,9218889725,21,Male,Guntur,Silver,2023-05-26,No
34896,Manoj Yadav,member34896@example.com,9831807859,59,Male,Bengaluru,Silver,2020-11-03,Yes
1912,Sneha Rao,member1912@example.com,9679358763,44,Female,Anantapur,Regular,2018-09-17,No
46217,Vikram Patel,member46217@example.com,9500801248,44,Male,Vijayawada,Regular,2024-06-14,Yes
30312,Sahil Kumar,member30312@example.com,9829301947,31,Female,Kadapa,Regular,2023-12-25,Yes
10931,Ayesha Gupta,member10931@example.com,9229856753,52,Male,Anantapur,Silver,2024-04-23,Yes
40830,Priya Naidu,member40830@example.com,9108518340,54,Female,Nellore,Regular,2024-12-10,Yes
42681,Kiran Sharma,member42681@example.com,9694363802,30,Male,Bengaluru,Regular,2024-04-17,Yes
42924,Divya Yadav,member42924@example.com,9224285797,42,Male,Guntur,Regular,2018-04-25,Yes
44228,Divya Patel,member44228@example.com,9511488494,43,Female,Tirupati,Silver,2022-03-28,Yes
6568,Ayesha Mishra,member6568@example.com,9562640315,59,Male,Nellore,Regular,2025-06-19,Yes
27024,Meena Singh,member27024@example.com,9443114377,38,Male,Hyderabad,Gold,2020-11-27,Yes
39882,Ayesha Naidu,member39882@example.com,9145731617,50,Female,Kurnool,Regular,2023-02-25,Yes
18274,Vikram Gupta,member18274@example.com,9422324432,45,Male,Guntur,Regular,2019-09-07,Yes
7123,Neha Das,member7123@example.com,9398558622,26,Female,Vijayawada,Silver,2025-06-04,Yes
10773,Priya Naidu,member10773@example.com,9649935235,25,Male,Anantapur,Silver,2026-04-27,No
23701,Vikram Mishra,member23701@example.com,9147117975,52,Male,Kurnool,Regular,2018-06-21,Yes
22911,Ananya Patel,member22911@example.com,9375820158,28,Male,Tirupati,Regular,2026-01-21,Yes
801,Manoj Mishra,member801@example.com,9371183764,31,Female,Kadapa,Regular,2023-10-17,Yes
46013,Pooja Das,member46013@example.com,9612302096,34,Male,Vijayawada,Regular,2019-05-12,Yes
14604,Sneha Khan,member14604@example.com,9612848582,33,Female,Hyderabad,Gold,2026-05-27,Yes
27792,Ananya Singh,member27792@example.com,9545035421,33,Male,Tirupati,Regular,2022-04-21,Yes
12960,Arjun Patel,member12960@example.com,9918903671,23,Female,Kadapa,Gold,2024-09-29,Yes
15018,Aditya Das,member15018@example.com,9294061184,47,Male,Guntur,Regular,2024-10-17,No
46754,Ravi Babu,member46754@example.com,9348235545,48,Other,Bengaluru,Regular,2025-02-10,Yes
45082,Neha Gupta,member45082@example.com,9300918762,60,Male,Anantapur,Silver,2022-03-30,Yes
34222,Pooja Singh,member34222@example.com,9731325351,31,Female,Vijayawada,Regular,2026-08-28,Yes
39508,Vikram Naidu,member39508@example.com,9381699464,33,Male,Anantapur,Regular,2023-02-08,No
12624,Kiran Das,member12624@example.com,9319023171,30,Male,Bengaluru,Regular,2018-06-18,Yes
16759,Ayesha Rao,member16759@example.com,9837356030,57,Male,Anantapur,Silver,2019-04-22,Yes
47011,Ravi Yadav,member47011@example.com,9162897668,68,Male,Tirupati,Regular,2021-11-25,Yes
32574,Aditya Babu,member32574@example.com,9199261700,26,Female,Vijayawada,Gold,2022-01-31,No
22699,Meena Gupta,member22699@example.com,9866814906,37,Female,Vijayawada,Platinum,2020-02-23,Yes
42603,Aditya Gupta,member42603@example.com,9466294847,54,Male,Bengaluru,Regular,2026-06-19,Yes
10963,Kiran Babu,member10963@example.com,9744073494,30,Male,Vijayawada,Regular,2019-05-08,No
12316,Manoj Gupta,member12316@example.com,9919085722,40,Female,Bengaluru,Regular,2024-10-18,Yes
10576,Vikram Babu,member10576@example.com,9633841683,29,Female,Kurnool,Silver,2018-08-20,Yes
15726,Imran Reddy,member15726@example.com,9646994651,43,Male,Anantapur,Silver,2023-01-03,Yes
41986,Neha Sharma,member41986@example.com,9198179229,53,Male,Anantapur,Regular,2021-11-26,Yes
42246,Sneha Naidu,member42246@example.com,9228493113,49,Female,Hyderabad,Gold,2026-06-01,Yes
46410,Imran Rao,member46410@example.com,9160487395,52,Female,Kadapa,Gold,2023-10-27,Yes
24529,Kiran Rao,member24529@example.com,9156242144,66,Female,Tirupati,Silver,2024-04-02,Yes
43600,John Babu,member43600@example.com,9535978824,29,Female,Anantapur,Regular,2026-06-06,No
19569,Ananya Naidu,member19569@example.com,9204820024,60,Female,Guntur,Regular,2022-07-31,Yes
31584,Ayesha Das,member31584@example.com,9921751821,44,Male,Bengaluru,Gold,2023-04-24,Yes
35805,Sneha Rao,member35805@example.com,9161146644,44,Female,Chennai,Regular,2020-02-06,Yes
40520,Ananya Singh,member40520@example.com,9478652100,39,Female,Tirupati,Gold,2021-11-26,Yes
24529,Kiran Rao,member24529@example.com,9156242144,66,Female,Tirupati,Silver,2024-04-02,Yes
27903,Priya Gupta,member27903@example.com,9423686158,24,Male,Kadapa,Regular,2023-05-31,No
36435,Priya Verma,member36435@example.com,9395951291,52,Female,Anantapur,Platinum,2020-12-18,No
40071,Manoj Yadav,member40071@example.com,9804802925,62,Female,Nellore,Regular,2022-04-20,Yes
17397,Sahil Yadav,member17397@example.com,9216142104,53,Female,Vijayawada,Platinum,2022-03-29,Yes
15103,Ravi Mishra,member15103@example.com,9472084768,54,Female,Anantapur,Regular,2025-03-07,Yes
14899,Sneha Rao,member14899@example.com,9964358165,42,Female,Guntur,Silver,2019-10-05,Yes
15136,Pooja Sharma,member15136@example.com,9883728123,43,Female,Guntur,Regular,2018-08-02,Yes
14659,Manoj Mishra,member14659@example.com,9667540916,18,Female,Kurnool,Regular,2021-04-04,No
15190,Pooja Das,member15190@example.com,9748777043,26,Male,Chennai,Regular,2020-05-08,No
28079,Neha Babu,member28079@example.com,9415279302,37,Male,Kadapa,Regular,2019-02-08,No
24319,Varun Rao,member24319@example.com,9102521347,48,Female,Bengaluru,Regular,2022-07-12,Yes
11197,Arjun Patel,member11197@example.com,9621508774,44,Female,Hyderabad,Gold,2026-07-10,Yes
34403,Neha Patel,member34403@example.com,9961425595,30,Female,Anantapur,Silver,2019-11-13,Yes
10995,Ravi Verma,member10995@example.com,9928213802,34,Female,Guntur,Regular,2018-03-03,Yes
12624,Kiran Das,member12624@example.com,9319023171,30,Male,Bengaluru,Regular,2018-06-18,Yes
39876,Vikram Mishra,member39876@example.com,9718185103,51,Female,Anantapur,Gold,2020-01-15,Yes
13848,Sneha Mishra,member13848@example.com,9206611440,47,Male,Vijayawada,Regular,2022-01-03,Yes
20398,Manoj Mishra,member20398@example.com,9104086489,67,Male,Vijayawada,Regular,2026-07-09,Yes
10945,Pooja Verma,member10945@example.com,9985413120,47,Female,Anantapur,Regular,2020-02-16,Yes
6189,John Reddy,member6189@example.com,9531423295,67,Female,Kurnool,Regular,2021-09-07,Yes
40693,Varun Reddy,member40693@example.com,9113709906,20,Male,Hyderabad,Platinum,2020-06-17,Yes
17137,Vikram Kumar,member17137@example.com,9536229503,57,Female,Kadapa,Regular,2018-09-13,Yes
18274,Vikram Gupta,member18274@example.com,9422324432,45,Male,Guntur,Regular,2019-09-07,Yes
8845,Arjun Singh,member8845@example.com,9153499621,60,Female,Anantapur,Regular,2021-12-18,No
31409,Priya Sharma,member31409@example.com,9164542791,59,Female,Hyderabad,Regular,2025-04-30,No
31584,Ayesha Das,member31584@example.com,9921751821,44,Male,Bengaluru,Gold,2023-04-24,Yes
29009,Divya Babu,member29009@example.com,9327644566,26,Male,Kadapa,Gold,2018-12-16,Yes
16215,John Singh,member16215@example.com,9932006773,58,Male,Guntur,Regular,2024-04-17,Yes
28668,Arjun Babu,member28668@example.com,9667086840,30,Female,Guntur,Regular,2018-04-01,Yes
43042,Priya Kumar,member43042@example.com,9500554325,33,Male,Nellore,Regular,2025-01-17,Yes
28826,Ravi Mishra,member28826@example.com,9426704716,32,Female,Chennai,Regular,2021-09-20,Yes
21023,Varun Sharma,member21023@example.com,9656879939,20,Male,Tirupati,Silver,2021-06-25,Yes
10569,Varun Gupta,member10569@example.com,9627826077,55,Male,Guntur,Silver,2024-08-11,No
33918,Imran Patel,member33918@example.com,9892992836,64,Male,Tirupati,Regular,2021-06-23,Yes
16324,Ananya Khan,member16324@example.com,9214614579,55,Female,Vijayawada,Regular,2024-10-31,Yes
28845,John Patel,member28845@example.com,9642055484,42,Male,Vijayawada,Platinum,2024-04-18,Yes
29808,Divya Gupta,member29808@example.com,9231636829,34,Male,Chennai,Platinum,2018-05-16,Yes
10449,Pooja Rao,member10449@example.com,9469255907,22,Male,Nellore,Regular,2025-11-26,Yes
12548,Neha Naidu,member12548@example.com,9709924762,38,Male,Anantapur,Gold,2023-07-09,Yes
17704,Rahul Sharma,member17704@example.com,9833987538,66,Male,Nellore,Regular,2019-03-26,No
22428,Pooja Singh,member22428@example.com,9403815988,42,Male,Kadapa,Platinum,2026-05-24,Yes
46758,Aditya Das,member46758@example.com,9441863276,39,Female,Bengaluru,Silver,2020-12-29,Yes
17118,Pooja Naidu,member17118@example.com,9838416049,68,Male,Anantapur,Silver,2019-08-03,Yes
30715,Priya Babu,member30715@example.com,9722799180,26,Male,Chennai,Regular,2025-05-18,Yes
33262,Meena Verma,member33262@example.com,9959785466,36,Male,Kurnool,Regular,2024-06-07,Yes
37635,Ayesha Gupta,member37635@example.com,9604274803,58,Female,Chennai,Silver,2021-05-31,No
21583,Manoj Das,member21583@example.com,9152918417,20,Male,Tirupati,Silver,2021-05-10,Yes
16795,John Verma,member16795@example.com,9146451033,27,Male,Kadapa,Regular,2024-01-21,Yes
40561,Pooja Patel,member40561@example.com,9799002864,50,Female,Kadapa,Regular,2022-09-08,Yes
41278,Arjun Verma,member41278@example.com,9367883788,18,Female,Kadapa,Silver,2019-10-21,Yes
40249,Arjun Yadav,member40249@example.com,9398788353,28,Female,Vijayawada,Regular,2023-06-10,Yes
35639,Manoj Babu,member35639@example.com,9145501174,31,Female,Hyderabad,Regular,2025-12-03,No
45162,Ravi Babu,member45162@example.com,9110418898,44,Male,Kurnool,Regular,2025-01-18,Yes
24697,Meena Reddy,member24697@example.com,9487537713,27,Other,Vijayawada,Regular,2021-02-21,Yes
24646,Varun Das,member24646@example.com,9102192455,27,Female,Kurnool,Gold,2018-11-03,No
10878,Ali Babu,member10878@example.com,9576121942,49,Female,Vijayawada,Silver,2018-02-13,Yes
17704,Rahul Sharma,member17704@example.com,9833987538,66,Male,Nellore,Regular,2019-03-26,No
28913,Pooja Reddy,member28913@example.com,9483350256,53,Female,Nellore,Silver,2023-11-08,Yes
13722,Vikram Singh,member13722@example.com,9451099504,29,Male,Chennai,Silver,2018-11-16,Yes
25220,Imran Khan,member25220@example.com,9235349827,28,Female,Bengaluru,Regular,2021-01-16,Yes
9890,Priya Gupta,member9890@example.com,9621853704,23,Male,Kurnool,Regular,2019-03-17,Yes
14160,Priya Naidu,member14160@example.com,9290343897,49,Male,Kurnool,Regular,2026-08-03,Yes
3309,Ravi Rao,member3309@example.com,9708126334,48,Female,Chennai,Regular,2021-05-02,Yes
11270,Ananya Mishra,member11270@example.com,9631466522,19,Female,Guntur,Regular,2026-06-23,Yes
39549,Pooja Yadav,member39549@example.com,9533089776,53,Male,Vijayawada,Regular,2018-09-22,Yes
41813,Arjun Rao,member41813@example.com,9999400341,20,Male,Tirupati,Regular,2021-11-03,Yes
39489,Pooja Rao,member39489@example.com,9301075899,31,Female,Kadapa,Regular,2020-06-11,Yes
33804,Kiran Gupta,member33804@example.com,9574715943,46,Male,Guntur,Regular,2018-12-13,Yes
13942,Ali Verma,member13942@example.com,9757394464,55,Female,Bengaluru,Silver,2026-08-05,Yes
19870,Ananya Sharma,member19870@example.com,9762695574,59,Female,Kurnool,Regular,2022-03-30,Yes
23345,Ananya Mishra,member23345@example.com,9777683959,26,Female,Kurnool,Regular,2018-09-10,Yes
12987,Sneha Yadav,member12987@example.com,9537471022,19,Male,Tirupati,Silver,2025-07-18,No
25984,Vikram Das,member25984@example.com,9993682763,29,Male,Hyderabad,Gold,2026-01-26,Yes
27109,Ayesha Babu,member27109@example.com,9204586659,70,Female,Chennai,Regular,2019-03-09,Yes
11087,Ali Gupta,member11087@example.com,9558820241,20,Female,Hyderabad,Regular,2025-08-25,Yes
20880,Vikram Verma,member20880@example.com,9321856163,44,Male,Tirupati,Silver,2019-06-11,Yes
33254,Rahul Singh,member33254@example.com,9825886335,70,Female,Guntur,Platinum,2025-01-17,Yes
13390,Ananya Sharma,member13390@example.com,9273117340,59,Male,Guntur,Regular,2018-12-03,Yes
28292,Neha Yadav,member28292@example.com,9821194166,49,Female,Tirupati,Regular,2025-02-20,Yes
16870,Manoj Verma,member16870@example.com,9104165963,54,Male,Vijayawada,Regular,2024-04-20,Yes
24345,Sneha Reddy,member24345@example.com,9517792531,54,Female,Bengaluru,Regular,2019-02-05,Yes
20980,Kiran Babu,member20980@example.com,9185837425,62,Female,Vijayawada,Regular,2025-12-25,Yes
43174,Sahil Reddy,member43174@example.com,9279716315,35,Female,Guntur,Regular,2024-07-28,Yes
15357,Manoj Naidu,member15357@example.com,9939470665,67,Female,Anantapur,Gold,2021-03-01,Yes
10990,Ravi Sharma,member10990@example.com,9270240537,25,Male,Hyderabad,Regular,2025-05-12,No
43866,Kiran Khan,member43866@example.com,9388421937,25,Female,Nellore,Silver,2018-02-28,Yes
44379,Ali Gupta,member44379@example.com,9667429316,36,Male,Tirupati,Regular,2023-04-09,Yes
27578,Ayesha Verma,member27578@example.com,9518946836,51,Male,Anantapur,Gold,2021-05-05,Yes
32286,Sneha Rao,member32286@example.com,9314840076,18,Male,Anantapur,Regular,2026-02-11,Yes
18895,Varun Verma,member18895@example.com,9248098776,33,Female,Anantapur,Regular,2026-02-27,Yes
16337,Vikram Rao,member16337@example.com,9566972447,46,Male,Vijayawada,Regular,2025-08-12,Yes
37489,Manoj Khan,member37489@example.com,9885932331,54,Female,Vijayawada,Regular,2022-04-14,Yes
31109,Ayesha Kumar,member31109@example.com,9117611612,22,Female,Vijayawada,Gold,2022-12-19,Yes
36298,Ananya Patel,member36298@example.com,9763624454,35,Male,Chennai,Platinum,2023-12-07,Yes
36923,Aditya Reddy,member36923@example.com,9280781092,18,Female,Bengaluru,Gold,2025-03-25,Yes
10766,Ali Patel,member10766@example.com,9947802786,51,Female,Hyderabad,Regular,2026-06-10,Yes
42408,Ravi Babu,member42408@example.com,9633819982,64,Male,Tirupati,Regular,2018-08-10,Yes
32601,Neha Reddy,member32601@example.com,9623436299,64,Male,Bengaluru,Silver,2020-03-27,Yes
46571,Manoj Reddy,member46571@example.com,9874832369,35,Male,Nellore,Silver,2021-12-07,No
30701,Divya Mishra,member30701@example.com,9955663084,60,Male,Hyderabad,Regular,2023-02-15,Yes
35501,Varun Patel,member35501@example.com,9933698382,43,Male,Bengaluru,Regular,2026-02-18,Yes
16681,Imran Naidu,member16681@example.com,9372020067,68,Male,Nellore,Regular,2021-05-27,Yes
40834,Meena Mishra,member40834@example.com,9462224266,22,Male,Kurnool,Regular,2021-04-14,Yes
7230,Ali Gupta,member7230@example.com,9998047981,38,Male,Bengaluru,Gold,2020-04-08,Yes
36837,Sneha Sharma,member36837@example.com,9765175269,57,Male,Tirupati,Regular,2023-10-17,Yes
19855,Manoj Gupta,member19855@example.com,9374175864,47,Male,Guntur,Regular,2026-04-13,Yes
21915,Ayesha Kumar,member21915@example.com,9346149300,64,Female,Anantapur,Regular,2025-07-20,Yes
45150,Divya Verma,member45150@example.com,9192931522,24,Male,Kurnool,Platinum,2021-01-22,Yes
20745,Ravi Das,member20745@example.com,9706217394,52,Female,Kurnool,Gold,2021-06-09,Yes
25783,Meena Reddy,member25783@example.com,9113819922,46,Female,Chennai,Silver,2018-06-15,Yes
11105,Ravi Babu,member11105@example.com,9999846833,61,Female,Chennai,Silver,2020-11-15,Yes
16298,Meena Kumar,member16298@example.com,9266439574,61,Male,Tirupati,Regular,2022-12-04,No
44926,Ali Naidu,member44926@example.com,9610732585,45,Female,Tirupati,Regular,2018-09-04,Yes
43515,Neha Naidu,member43515@example.com,9890081409,32,Female,Tirupati,Regular,2022-10-23,Yes
26683,Sneha Sharma,member26683@example.com,9559122358,25,Male,Nellore,Gold,2018-02-12,Yes
31585,Ananya Mishra,member31585@example.com,9130000226,30,Female,Guntur,Regular,2026-08-28,No
11811,Vikram Babu,member11811@example.com,9495073977,70,Other,Vijayawada,Regular,2023-11-25,Yes
31361,Manoj Das,member31361@example.com,9163776095,49,Female,Bengaluru,Silver,2023-11-05,Yes
44301,Neha Reddy,member44301@example.com,9827504424,20,Female,Nellore,Platinum,2020-09-02,Yes
42498,John Sharma,member42498@example.com,9375425538,53,Female,Chennai,Regular,2020-09-28,No
28004,Sahil Rao,member28004@example.com,9416536738,51,Female,Hyderabad,Regular,2024-09-27,Yes
5504,Kiran Singh,member5504@example.com,9102677281,21,Male,Vijayawada,Regular,2024-09-25,Yes
16277,Arjun Kumar,member16277@example.com,9618041911,26,Female,Kadapa,Regular,2020-01-24,Yes
19684,Sahil Khan,member19684@example.com,9389540963,36,Male,Hyderabad,Regular,2022-10-10,Yes
19379,Imran Singh,member19379@example.com,9614978208,34,Female,Bengaluru,Silver,2024-04-15,No
21245,Varun Kumar,member21245@example.com,9693439839,53,Female,Tirupati,Regular,2022-09-27,Yes
19008,Aditya Yadav,member19008@example.com,9264825403,61,Male,Bengaluru,Silver,2026-04-09,Yes
13927,Varun Sharma,member13927@example.com,9759862231,46,Male,Kadapa,Regular,2021-12-22,No
43811,Ayesha Mishra,member43811@example.com,9188098386,49,Female,Bengaluru,Gold,2025-03-17,Yes
27852,Ravi Kumar,member27852@example.com,9329744606,66,Female,Hyderabad,Regular,2024-09-29,Yes
30260,Varun Khan,member30260@example.com,9360936619,31,Male,Kurnool,Silver,2026-07-01,Yes
19569,Ananya Naidu,member19569@example.com,9204820024,60,Female,Guntur,Regular,2022-07-31,Yes
44628,Kiran Sharma,member44628@example.com,9462263772,50,Female,Nellore,Regular,2020-10-18,Yes
34974,Rahul Babu,member34974@example.com,9695982025,58,Female,Anantapur,Silver,2022-02-09,Yes
44876,Ali Khan,member44876@example.com,9576755858,18,Female,Bengaluru,Silver,2024-10-11,Yes
16175,Priya Rao,member16175@example.com,9427240549,51,Female,Tirupati,Regular,2022-08-02,Yes
19873,Meena Khan,member19873@example.com,9366006810,59,Male,Kadapa,Regular,2018-01-06,Yes
24191,Rahul Verma,member24191@example.com,9685197276,65,Female,Chennai,Regular,2024-06-04,Yes
13990,Arjun Mishra,member13990@example.com,9997878486,38,Male,Anantapur,Regular,2023-12-10,No
12325,Divya Naidu,member12325@example.com,9308230034,19,Male,Bengaluru,Silver,2022-02-09,Yes
17589,Ananya Gupta,member17589@example.com,9669775375,52,Male,Chennai,Gold,2021-01-10,No
41078,Ali Reddy,member41078@example.com,9322603503,55,Male,Vijayawada,Silver,2024-06-11,Yes
34961,Arjun Patel,member34961@example.com,9436601270,58,Female,Anantapur,Regular,2025-03-20,Yes
23035,Sneha Naidu,member23035@example.com,9968347693,38,Male,Kadapa,Regular,2025-06-15,No
17118,Pooja Naidu,member17118@example.com,9838416049,68,Male,Anantapur,Silver,2019-08-03,Yes
21221,Sneha Mishra,member21221@example.com,9975467826,49,Female,Tirupati,Gold,2023-01-05,Yes
42950,Ravi Verma,member42950@example.com,9253204251,44,Male,Anantapur,Regular,2021-04-20,Yes
11196,Sahil Kumar,member11196@example.com,9309867654,37,Female,Chennai,Regular,2022-01-25,Yes
18686,Sahil Patel,member18686@example.com,9631949512,30,Female,Tirupati,Regular,2020-06-05,Yes
24798,Rahul Rao,member24798@example.com,9195707403,38,Female,Anantapur,Regular,2021-03-16,Yes
12888,Rahul Rao,member12888@example.com,9581217384,50,Male,Kadapa,Regular,2020-08-07,No
24495,Rahul Singh,member24495@example.com,9902770359,18,Female,Tirupati,Regular,2020-06-10,Yes
29763,John Singh,member29763@example.com,9890853828,55,Male,Nellore,Gold,2024-03-13,Yes
2248,Rahul Sharma,member2248@example.com,9899533267,61,Male,Kurnool,Gold,2022-09-07,Yes
12323,Rahul Singh,member12323@example.com,9408032290,43,Female,Bengaluru,Regular,2025-01-14,Yes
42381,John Reddy,member42381@example.com,9886754935,67,Female,Nellore,Regular,2022-05-14,Yes
13126,Ananya Yadav,member13126@example.com,9451991500,20,Male,Guntur,Regular,2019-02-05,Yes
20444,Ananya Mishra,member20444@example.com,9577390382,43,Female,Guntur,Silver,2019-07-24,No
13078,Imran Khan,member13078@example.com,9114864114,68,Female,Vijayawada,Regular,2020-02-22,Yes
42005,Varun Mishra,member42005@example.com,9580547230,19,Female,Chennai,Regular,2019-07-04,Yes
24390,Meena Gupta,member24390@example.com,9988384561,60,Female,Guntur,Regular,2018-11-24,Yes
42337,Sahil Khan,member42337@example.com,9109103047,36,Female,Bengaluru,Gold,2025-11-18,No
14957,Imran Das,member14957@example.com,9506781432,51,Female,Guntur,Gold,2018-12-14,Yes
24940,Sahil Naidu,member24940@example.com,9845132399,70,Female,Hyderabad,Regular,2023-02-21,Yes
20549,Ananya Singh,member20549@example.com,9565832765,35,Female,Anantapur,Regular,2026-02-01,Yes
17966,Arjun Reddy,member17966@example.com,9434617223,54,Female,Tirupati,Regular,2020-08-07,No
15852,Neha Khan,member15852@example.com,9449493833,33,Male,Tirupati,Regular,2022-12-25,Yes
39714,Aditya Mishra,member39714@example.com,9295783147,48,Female,Anantapur,Regular,2023-02-27,Yes
35216,Sahil Verma,member35216@example.com,9370633499,32,Female,Hyderabad,Regular,2026-05-19,Yes
29075,Vikram Babu,member29075@example.com,9925196811,60,Female,Nellore,Regular,2020-12-02,No
13858,John Mishra,member13858@example.com,9699520357,67,Male,Kadapa,Regular,2026-05-19,Yes
23215,Meena Mishra,member23215@example.com,9289158685,48,Female,Kurnool,Regular,2022-04-21,Yes
25066,Kiran Kumar,member25066@example.com,9282376110,23,Female,Chennai,Gold,2019-08-12,Yes
35472,Varun Yadav,member35472@example.com,9167006795,28,Female,Chennai,Silver,2020-11-02,Yes
13921,Manoj Singh,member13921@example.com,9397524453,32,Female,Vijayawada,Regular,2024-03-27,Yes
32698,Sneha Rao,member32698@example.com,9336197166,23,Male,Tirupati,Gold,2024-12-30,Yes
13453,Manoj Das,member13453@example.com,9394845866,68,Female,Kadapa,Regular,2025-09-15,Yes
27007,Ayesha Mishra,member27007@example.com,9306904979,27,Female,Bengaluru,Regular,2018-02-02,Yes
32121,Neha Naidu,member32121@example.com,9609455408,64,Male,Kadapa,Regular,2020-04-02,No
40841,Sneha Mishra,member40841@example.com,9869242252,56,Female,Vijayawada,Gold,2023-11-18,Yes
15444,Aditya Kumar,member15444@example.com,9571291388,25,Female,Kurnool,Silver,2025-11-02,Yes
40172,Vikram Kumar,member40172@example.com,9253468665,31,Male,Chennai,Regular,2021-05-30,Yes
29581,John Patel,member29581@example.com,9502276041,49,Male,Guntur,Regular,2025-09-23,No
10756,Arjun Verma,member10756@example.com,9491954281,38,Female,Guntur,Regular,2026-06-29,No
35768,Sneha Khan,member35768@example.com,9452656737,69,Female,Kurnool,Gold,2018-12-20,Yes
43328,Imran Gupta,member43328@example.com,9239726964,36,Female,Guntur,Regular,2018-03-02,Yes
16316,John Rao,member16316@example.com,9882805352,58,Female,Kadapa,Silver,2026-07-25,Yes
39742,Ali Reddy,member39742@example.com,9532517488,42,Male,Nellore,Silver,2025-01-08,Yes
14181,Sneha Singh,member14181@example.com,9222521083,20,Male,Kurnool,Regular,2023-02-15,Yes
25929,Ayesha Mishra,member25929@example.com,9968452154,23,Male,Hyderabad,Gold,2020-02-12,Yes
19784,Meena Babu,member19784@example.com,9824715673,25,Male,Bengaluru,Regular,2019-06-05,Yes
15297,John Verma,member15297@example.com,9652131151,36,Female,Vijayawada,Regular,2019-10-08,Yes
42381,John Reddy,member42381@example.com,9886754935,67,Female,Nellore,Regular,2022-05-14,Yes
39990,Aditya Patel,member39990@example.com,9172198086,24,Female,Hyderabad,Regular,2025-04-19,No
34326,Aditya Yadav,member34326@example.com,9853207911,61,Female,Vijayawada,Regular,2018-10-09,Yes
18829,Ravi Naidu,member18829@example.com,9727517032,42,Female,Kadapa,Regular,2022-07-23,Yes
25459,Ayesha Naidu,member25459@example.com,9250879520,19,Male,Kadapa,Silver,2019-06-05,Yes
31797,Ayesha Verma,member31797@example.com,9114698190,58,Male,Kadapa,Regular,2021-08-27,No
12154,Aditya Yadav,member12154@example.com,9114938072,44,Male,Kurnool,Silver,2021-04-15,Yes
43350,Priya Patel,member43350@example.com,9845072539,35,Male,Guntur,Silver,2026-05-08,No
38381,Ali Naidu,member38381@example.com,9291980837,40,Male,Bengaluru,Gold,2023-12-15,No
19864,Ali Reddy,member19864@example.com,9803190189,35,Female,Kadapa,Platinum,2022-04-13,No
25239,Meena Rao,member25239@example.com,9953995235,50,Male,Bengaluru,Regular,2018-10-20,Yes
20418,Ali Gupta,member20418@example.com,9993620303,48,Male,Nellore,Silver,2019-01-06,Yes
26588,John Rao,member26588@example.com,9827259596,44,Female,Bengaluru,Regular,2021-01-07,Yes
43376,Kiran Gupta,member43376@example.com,9784295829,68,Female,Tirupati,Regular,2024-07-21,Yes
42334,Divya Kumar,member42334@example.com,9986941882,24,Female,Kurnool,Regular,2021-12-30,No
19462,Divya Babu,member19462@example.com,9287483909,70,Male,Kurnool,Regular,2020-06-01,No
31157,John Sharma,member31157@example.com,9174002489,47,Male,Nellore,Gold,2024-12-16,Yes
36025,Ravi Mishra,member36025@example.com,9404111985,59,Female,Hyderabad,Regular,2023-06-10,Yes
26827,Imran Babu,member26827@example.com,9481495281,62,Male,Anantapur,Gold,2024-01-19,Yes
19002,Meena Patel,member19002@example.com,9138634922,68,Female,Guntur,Regular,2021-07-31,Yes
18727,Arjun Patel,member18727@example.com,9506841070,61,Female,Kurnool,Silver,2019-06-07,No
30444,Vikram Verma,member30444@example.com,9101908757,23,Male,Kadapa,Regular,2023-08-01,Yes
38990,Ayesha Babu,member38990@example.com,9477619373,23,Male,Bengaluru,Regular,2026-01-09,Yes
10825,Divya Khan,member10825@example.com,9178375462,37,Female,Nellore,Regular,2019-01-12,Yes
8782,Meena Patel,member8782@example.com,9808710033,64,Female,Kadapa,Silver,2025-09-09,Yes
23967,Sneha Das,member23967@example.com,9465941962,37,Female,Bengaluru,Regular,2022-11-03,Yes
18149,Varun Babu,member18149@example.com,9916002082,43,Male,Tirupati,Platinum,2020-10-04,Yes
37198,Ayesha Yadav,member37198@example.com,9226553825,19,Male,Hyderabad,Gold,2022-10-17,No
40568,Ravi Rao,member40568@example.com,9385259782,29,Male,Kurnool,Regular,2021-02-13,Yes
12475,Sneha Patel,member12475@example.com,9611391257,64,Female,Bengaluru,Platinum,2023-03-23,Yes
22428,Pooja Singh,member22428@example.com,9403815988,42,Male,Kadapa,Platinum,2026-05-24,Yes
23608,Neha Patel,member23608@example.com,9362072383,26,Male,Guntur,Regular,2022-01-21,Yes
39508,Vikram Naidu,member39508@example.com,9381699464,33,Male,Anantapur,Regular,2023-02-08,No
28292,Neha Yadav,member28292@example.com,9821194166,49,Female,Tirupati,Regular,2025-02-20,Yes
21542,Arjun Reddy,member21542@example.com,9126438369,21,Male,Guntur,Regular,2024-10-19,No
22385,Rahul Reddy,member22385@example.com,9148171899,67,Male,Tirupati,Regular,2025-08-29,Yes
25204,Sahil Khan,member25204@example.com,9128306945,54,Male,Bengaluru,Silver,2024-03-29,Yes
10312,Meena Kumar,member10312@example.com,9283171397,28,Male,Tirupati,Silver,2018-01-26,Yes
2495,Priya Verma,member2495@example.com,9366377539,35,Female,Hyderabad,Gold,2022-04-18,Yes
33331,Pooja Reddy,member33331@example.com,9974664905,61,Male,Anantapur,Regular,2023-09-07,Yes
1813,Ayesha Gupta,member1813@example.com,9878572840,70,Female,Chennai,Regular,2018-09-23,No
6995,Sneha Singh,member6995@example.com,9872690097,50,Female,Nellore,Regular,2026-03-13,Yes
17897,Priya Reddy,member17897@example.com,9109502714,36,Male,Anantapur,Regular,2023-01-18,Yes
18903,Divya Singh,member18903@example.com,9909788585,24,Female,Anantapur,Regular,2022-03-10,No
16511,Vikram Gupta,member16511@example.com,9786951315,19,Female,Kurnool,Regular,2023-03-03,Yes
32623,Sneha Gupta,member32623@example.com,9390621846,36,Female,Bengaluru,Regular,2020-12-29,Yes
22683,Ayesha Rao,member22683@example.com,9393835125,20,Female,Kurnool,Regular,2025-08-17,Yes
42495,Ravi Verma,member42495@example.com,9308763544,56,Male,Nellore,Regular,2019-11-30,Yes
5755,Manoj Das,member5755@example.com,9881153781,64,Male,Anantapur,Regular,2018-07-04,No
43257,Manoj Khan,member43257@example.com,9516033618,48,Female,Guntur,Regular,2020-03-31,Yes
27525,Manoj Patel,member27525@example.com,9780447750,40,Female,Anantapur,Regular,2024-10-23,Yes
29701,Kiran Patel,member29701@example.com,9714219333,69,Male,Tirupati,Regular,2018-01-09,Yes
39309,Arjun Naidu,member39309@example.com,9675411323,25,Female,Tirupati,Regular,2024-07-05,Yes
16496,Meena Mishra,member16496@example.com,9992644095,35,Male,Guntur,Platinum,2019-06-28,Yes
30471,Ayesha Gupta,member30471@example.com,9264062127,20,Male,Kurnool,Regular,2018-05-02,Yes
29212,Arjun Das,member29212@example.com,9973427981,57,Male,Kurnool,Silver,2021-08-09,Yes
6057,Ravi Yadav,member6057@example.com,9935396173,24,Female,Kadapa,Regular,2025-04-10,Yes
28321,Varun Verma,member28321@example.com,9371900124,22,Female,Kurnool,Silver,2026-04-25,Yes
20130,Ali Yadav,member20130@example.com,9166285283,21,Male,Vijayawada,Regular,2020-08-27,Yes
29077,Pooja Singh,member29077@example.com,9906041835,57,Female,Vijayawada,Silver,2018-08-26,Yes
15626,Varun Singh,member15626@example.com,9995291668,23,Male,Bengaluru,Silver,2020-06-19,Yes
2970,John Singh,member2970@example.com,9262560447,55,Male,Tirupati,Regular,2019-02-22,Yes
27362,Pooja Naidu,member27362@example.com,9156982105,45,Female,Kurnool,Gold,2021-11-03,Yes
28278,Sahil Reddy,member28278@example.com,9603058023,64,Female,Kurnool,Silver,2019-04-18,Yes
22894,Ananya Babu,member22894@example.com,9158835836,28,Female,Anantapur,Regular,2025-05-10,Yes
33779,Divya Yadav,member33779@example.com,9616805918,57,Male,Nellore,Silver,2026-02-26,No
30128,Priya Sharma,member30128@example.com,9929637426,22,Female,Tirupati,Regular,2023-07-02,No
31182,Manoj Yadav,member31182@example.com,9105387998,38,Female,Bengaluru,Regular,2018-10-29,No
31208,Neha Verma,member31208@example.com,9538931988,29,Male,Kadapa,Regular,2023-08-17,No
27424,Arjun Mishra,member27424@example.com,9554298510,51,Female,Kurnool,Regular,2018-03-19,Yes
5072,Divya Singh,member5072@example.com,9738608093,62,Female,Vijayawada,Gold,2025-11-26,Yes
22231,Manoj Gupta,member22231@example.com,9664433074,34,Female,Nellore,Silver,2023-01-30,No
16360,Sneha Das,member16360@example.com,9817180392,26,Male,Guntur,Silver,2020-01-26,No
4970,Neha Yadav,member4970@example.com,9485376069,30,Female,Hyderabad,Regular,2020-07-07,Yes
13469,Neha Reddy,member13469@example.com,9169245476,46,Female,Kurnool,Silver,2018-10-03,Yes
3050,Ravi Singh,member3050@example.com,9778240401,46,Male,Nellore,Gold,2022-10-25,Yes
9392,Ravi Verma,member9392@example.com,9518903573,26,Male,Kadapa,Regular,2023-05-20,Yes
17399,Priya Patel,member17399@example.com,9689082169,24,Female,Kurnool,Silver,2020-02-10,Yes
35739,John Reddy,member35739@example.com,9623370787,36,Male,Chennai,Regular,2020-09-09,No
28383,Ravi Patel,member28383@example.com,9437894560,63,Male,Tirupati,Regular,2018-12-09,Yes
18296,Divya Naidu,member18296@example.com,9117821645,34,Female,Vijayawada,Regular,2024-10-28,Yes
12316,Manoj Gupta,member12316@example.com,9919085722,40,Female,Bengaluru,Regular,2024-10-18,Yes
23455,Priya Gupta,member23455@example.com,9939482187,35,Male,Chennai,Silver,2025-03-15,Yes
13842,Arjun Khan,member13842@example.com,9693756003,55,Male,Vijayawada,Regular,2019-03-06,Yes
16308,Varun Mishra,member16308@example.com,9668335737,35,Female,Bengaluru,Regular,2022-02-02,Yes
32777,Ayesha Reddy,member32777@example.com,9413051511,61,Male,Nellore,Regular,2023-11-27,Yes
15554,Vikram Babu,member15554@example.com,9575773307,55,Male,Bengaluru,Regular,2021-05-08,Yes
9673,Sahil Rao,member9673@example.com,9676270036,20,Male,Chennai,Gold,2018-06-25,No
470,Meena Naidu,member470@example.com,9582729657,20,Female,Kadapa,Regular,2021-10-03,No
31838,Divya Gupta,member31838@example.com,9597789858,25,Female,Guntur,Regular,2022-09-22,Yes
14852,Pooja Gupta,member14852@example.com,9821436854,45,Male,Nellore,Regular,2022-10-29,Yes
18767,Ananya Sharma,member18767@example.com,9275320994,36,Female,Kurnool,Silver,2021-03-13,Yes
19014,Manoj Sharma,member19014@example.com,9984822677,36,Male,Guntur,Silver,2019-07-01,Yes
24495,Rahul Singh,member24495@example.com,9902770359,18,Female,Tirupati,Regular,2020-06-10,Yes
21213,Arjun Khan,member21213@example.com,9258402534,33,Female,Tirupati,Regular,2020-03-30,No
11905,Sahil Mishra,member11905@example.com,9711102975,68,Male,Vijayawada,Silver,2021-02-10,Yes
47219,Priya Rao,member47219@example.com,9859775307,36,Female,Kadapa,Gold,2021-05-18,Yes
43311,Sahil Reddy,member43311@example.com,9623504597,31,Male,Kurnool,Regular,2023-10-24,Yes
17838,Manoj Singh,member17838@example.com,9261857591,23,Male,Guntur,Regular,2019-03-20,Yes
1006,Ravi Verma,member1006@example.com,9611664326,30,Male,Kurnool,Gold,2018-08-20,Yes
22465,Ayesha Patel,member22465@example.com,9525975894,36,Female,Hyderabad,Regular,2026-04-17,Yes
29469,Neha Babu,member29469@example.com,9480660662,20,Female,Nellore,Regular,2022-07-21,Yes
17699,Pooja Verma,member17699@example.com,9346851622,56,Male,Chennai,Regular,2024-03-13,Yes
24325,John Patel,member24325@example.com,9923260545,46,Female,Kurnool,Silver,2019-06-21,Yes
29545,Ravi Patel,member29545@example.com,9629884592,33,Female,Vijayawada,Silver,2019-12-01,Yes
36668,Meena Sharma,member36668@example.com,9582659325,42,Female,Nellore,Silver,2018-01-06,Yes
17019,Vikram Rao,member17019@example.com,9649677573,34,Female,Kurnool,Gold,2020-08-08,Yes
31574,Ali Sharma,member31574@example.com,9669125438,59,Male,Vijayawada,Gold,2023-10-12,Yes
38849,Ali Singh,member38849@example.com,9302188918,34,Male,Tirupati,Regular,2024-01-04,Yes
35305,John Naidu,member35305@example.com,9556861400,18,Female,Nellore,Regular,2023-01-28,Yes
24302,Neha Verma,member24302@example.com,9202512530,27,Male,Hyderabad,Gold,2022-05-26,Yes
37977,Imran Sharma,member37977@example.com,9708419524,21,Male,Anantapur,Regular,2023-11-06,No
12855,Varun Gupta,member12855@example.com,9181128003,63,Female,Hyderabad,Silver,2023-09-20,Yes
15072,Vikram Reddy,member15072@example.com,9178514775,48,Male,Nellore,Regular,2018-02-02,Yes
19266,Rahul Das,member19266@example.com,9807731304,56,Male,Bengaluru,Regular,2023-04-11,Yes
20842,Ravi Yadav,member20842@example.com,9778949916,22,Female,Guntur,Silver,2025-04-26,No
31709,Ali Kumar,member31709@example.com,9710029472,33,Male,Guntur,Silver,2019-10-09,Yes
36762,Priya Patel,member36762@example.com,9868446577,22,Female,Nellore,Gold,2022-02-25,No
18789,Aditya Patel,member18789@example.com,9484550618,65,Male,Tirupati,Regular,2020-05-19,Yes
23662,Sneha Patel,member23662@example.com,9791711925,50,Female,Kurnool,Gold,2025-08-28,Yes
25589,Priya Babu,member25589@example.com,9491361744,42,Male,Kadapa,Regular,2021-09-20,Yes
17404,Sahil Sharma,member17404@example.com,9519875604,45,Male,Chennai,Regular,2026-06-22,Yes
27060,Ananya Khan,member27060@example.com,9844101831,49,Male,Chennai,Regular,2022-05-16,Yes
31797,Ayesha Verma,member31797@example.com,9114698190,58,Male,Kadapa,Regular,2021-08-27,No
11824,Manoj Rao,member11824@example.com,9863286590,61,Male,Kurnool,Regular,2020-05-13,Yes
31405,Ananya Patel,member31405@example.com,9848811235,40,Male,Hyderabad,Gold,2020-05-19,No
11209,Rahul Verma,member11209@example.com,9662970566,56,Female,Chennai,Regular,2020-06-16,Yes
23606,Ananya Naidu,member23606@example.com,9953352553,30,Female,Kadapa,Gold,2024-05-15,Yes
45651,Pooja Yadav,member45651@example.com,9694407010,30,Female,Tirupati,Regular,2023-10-09,Yes
22698,Ananya Sharma,member22698@example.com,9873404518,28,Male,Chennai,Gold,2025-08-04,Yes
34827,Kiran Sharma,member34827@example.com,9299076027,35,Male,Kurnool,Silver,2020-10-04,Yes
21167,Sahil Singh,member21167@example.com,9424318528,24,Female,Kadapa,Silver,2024-12-09,Yes
22109,Aditya Khan,member22109@example.com,9412589856,47,Male,Vijayawada,Regular,2020-08-05,No
12989,Divya Mishra,member12989@example.com,9941271938,61,Female,Vijayawada,Silver,2018-04-14,Yes
42486,Ayesha Mishra,member42486@example.com,9619341438,38,Male,Guntur,Platinum,2024-11-27,Yes
15034,John Khan,member15034@example.com,9505908080,61,Female,Kadapa,Platinum,2018-11-07,Yes
15237,Ananya Verma,member15237@example.com,9431645502,44,Male,Guntur,Regular,2025-03-20,Yes
12638,Kiran Das,member12638@example.com,9978642378,18,Female,Guntur,Silver,2023-01-14,Yes
36668,Meena Sharma,member36668@example.com,9582659325,42,Female,Nellore,Silver,2018-01-06,Yes
21660,Ananya Gupta,member21660@example.com,9630395177,43,Male,Tirupati,Regular,2021-12-17,Yes
41813,Arjun Rao,member41813@example.com,9999400341,20,Male,Tirupati,Regular,2021-11-03,Yes
19719,Ravi Gupta,member19719@example.com,9140216935,62,Male,Kadapa,Gold,2020-02-27,Yes
35699,Ayesha Verma,member35699@example.com,9560075309,25,Female,Vijayawada,Regular,2020-11-10,Yes
37499,Priya Gupta,member37499@example.com,9399256658,56,Female,Kadapa,Silver,2023-04-28,Yes
45862,Kiran Kumar,member45862@example.com,9607099665,50,Female,Guntur,Regular,2026-01-23,Yes
24885,Aditya Rao,member24885@example.com,9679752700,57,Male,Nellore,Regular,2018-09-24,Yes
43205,Ananya Patel,member43205@example.com,9182527739,50,Female,Guntur,Silver,2019-07-31,Yes
37962,Ananya Babu,member37962@example.com,9647543827,54,Female,Hyderabad,Regular,2024-02-27,Yes
41277,Meena Patel,member41277@example.com,9168087573,32,Male,Hyderabad,Regular,2023-10-15,Yes
16343,Priya Yadav,member16343@example.com,9145892030,65,Male,Vijayawada,Silver,2020-05-16,Yes
18805,Sneha Rao,member18805@example.com,9648301965,43,Female,Bengaluru,Gold,2018-07-28,Yes
13130,Ananya Khan,member13130@example.com,9986199834,31,Female,Kurnool,Regular,2019-12-12,Yes
12105,Aditya Patel,member12105@example.com,9200058878,68,Female,Vijayawada,Silver,2025-11-06,Yes
44264,Manoj Mishra,member44264@example.com,9376944007,20,Female,Nellore,Silver,2019-08-24,No
4071,Meena Verma,member4071@example.com,9855017569,21,Male,Tirupati,Regular,2025-07-03,Yes
20826,Vikram Babu,member20826@example.com,9250272737,50,Female,Kurnool,Gold,2025-03-20,No
13643,Kiran Verma,member13643@example.com,9414485894,21,Male,Tirupati,Regular,2025-01-16,Yes
30168,Meena Das,member30168@example.com,9634631967,19,Male,Nellore,Regular,2022-09-18,Yes
2085,Aditya Das,member2085@example.com,9376733213,18,Male,Bengaluru,Silver,2018-02-05,Yes
25779,Rahul Verma,member25779@example.com,9299413880,48,Female,Vijayawada,Regular,2022-04-15,Yes
31598,Ayesha Das,member31598@example.com,9624444601,59,Female,Vijayawada,Regular,2023-04-09,Yes
6030,Aditya Kumar,member6030@example.com,9892068468,20,Female,Tirupati,Regular,2019-10-24,Yes
12422,Ravi Mishra,member12422@example.com,9800139941,33,Female,Anantapur,Regular,2023-12-14,No
32946,Kiran Rao,member32946@example.com,9470446133,57,Male,Kurnool,Regular,2021-07-18,Yes
42129,Sahil Khan,member42129@example.com,9854317906,18,Female,Kurnool,Platinum,2023-10-22,Yes
28552,Vikram Naidu,member28552@example.com,9724419378,26,Male,Bengaluru,Regular,2024-10-07,Yes
21491,Divya Singh,member21491@example.com,9672823589,57,Male,Anantapur,Silver,2019-05-12,No
35392,Pooja Kumar,member35392@example.com,9862486847,51,Female,Hyderabad,Regular,2020-04-10,Yes
29683,Ananya Mishra,member29683@example.com,9809721858,68,Male,Vijayawada,Regular,2022-03-13,Yes
25572,Ali Yadav,member25572@example.com,9850205640,46,Female,Hyderabad,Regular,2024-12-28,Yes
45807,John Das,member45807@example.com,9528212571,58,Male,Hyderabad,Regular,2020-06-01,Yes
27380,Manoj Naidu,member27380@example.com,9675475670,57,Female,Kurnool,Regular,2022-10-26,Yes
18795,Manoj Reddy,member18795@example.com,9762344247,32,Female,Bengaluru,Regular,2022-05-29,No
34305,Pooja Mishra,member34305@example.com,9206078094,53,Female,Guntur,Regular,2022-09-27,Yes
6873,Priya Das,member6873@example.com,9682028737,60,Male,Anantapur,Gold,2021-06-22,Yes
6530,Manoj Reddy,member6530@example.com,9736645540,19,Female,Vijayawada,Gold,2026-02-21,Yes
19634,Aditya Khan,member19634@example.com,9382735765,66,Male,Kadapa,Silver,2024-07-29,Yes
29777,Divya Yadav,member29777@example.com,9611167473,30,Female,Hyderabad,Regular,2025-12-13,Yes
44712,Meena Reddy,member44712@example.com,9158122891,53,Male,Bengaluru,Silver,2020-11-03,Yes
20745,Ravi Das,member20745@example.com,9706217394,52,Female,Kurnool,Gold,2021-06-09,Yes
12728,Arjun Gupta,member12728@example.com,9129744173,36,Female,Vijayawada,Regular,2018-08-30,Yes
46455,Imran Verma,member46455@example.com,9853217217,46,Male,Guntur,Regular,2024-03-15,Yes
24052,Kiran Yadav,member24052@example.com,9957922241,60,Female,Guntur,Regular,2021-08-08,Yes
28463,Varun Kumar,member28463@example.com,9335097013,36,Male,Guntur,Silver,2022-09-01,Yes
937,John Gupta,member937@example.com,9315205359,55,Male,Nellore,Regular,2026-03-31,No
10942,Aditya Babu,member10942@example.com,9976682285,66,Male,Kadapa,Regular,2022-05-07,Yes
2528,Rahul Patel,member2528@example.com,9914934454,56,Male,Kurnool,Regular,2018-07-07,Yes
17052,Pooja Verma,member17052@example.com,9114554565,18,Female,Tirupati,Regular,2023-10-10,Yes
33060,Pooja Das,member33060@example.com,9930376367,46,Female,Anantapur,Regular,2018-07-12,Yes
37173,Sahil Rao,member37173@example.com,9670001850,43,Male,Vijayawada,Regular,2019-09-10,Yes
39983,Sneha Das,member39983@example.com,9728257743,42,Male,Guntur,Regular,2024-03-09,Yes
46950,Ravi Rao,member46950@example.com,9215088450,33,Male,Bengaluru,Silver,2024-04-26,Yes
34364,Rahul Khan,member34364@example.com,9701556032,51,Male,Chennai,Silver,2019-08-08,Yes
4539,Ananya Reddy,member4539@example.com,9537382289,22,Female,Vijayawada,Silver,2019-12-14,No
16697,Priya Verma,member16697@example.com,9730579084,62,Female,Guntur,Regular,2018-09-14,Yes
33840,John Yadav,member33840@example.com,9569754693,25,Female,Hyderabad,Regular,2018-07-15,Yes
16051,Sneha Kumar,member16051@example.com,9933924325,22,Male,Tirupati,Regular,2025-12-25,Yes
16032,Meena Das,member16032@example.com,9426835180,43,Male,Anantapur,Regular,2019-01-11,Yes
41840,Manoj Verma,member41840@example.com,9565652679,69,Female,Bengaluru,Regular,2023-09-15,Yes
26209,Ravi Singh,member26209@example.com,9783369373,32,Male,Anantapur,Regular,2021-06-21,Yes
25095,John Das,member25095@example.com,9980228039,59,Male,Hyderabad,Regular,2026-04-22,No
40520,Ananya Singh,member40520@example.com,9478652100,39,Female,Tirupati,Gold,2021-11-26,Yes
30331,Meena Verma,member30331@example.com,9306939581,47,Female,Kurnool,Silver,2022-11-18,Yes
17621,Neha Khan,member17621@example.com,9225180345,33,Male,Bengaluru,Platinum,2025-05-01,No
28102,John Babu,member28102@example.com,9779506815,21,Female,Kadapa,Regular,2024-07-24,Yes
29631,Divya Sharma,member29631@example.com,9330313121,47,Male,Chennai,Silver,2022-03-15,Yes
39820,Vikram Singh,member39820@example.com,9416655475,39,Female,Hyderabad,Regular,2018-03-07,Yes
41997,Rahul Patel,member41997@example.com,9887355969,68,Male,Kurnool,Gold,2026-01-11,Yes
29941,Priya Sharma,member29941@example.com,9616505766,57,Female,Vijayawada,Gold,2021-12-31,No
13843,Ayesha Naidu,member13843@example.com,9590830550,48,Female,Kadapa,Regular,2020-10-27,Yes
43230,Sneha Reddy,member43230@example.com,9728722623,37,Male,Vijayawada,Regular,2018-02-16,Yes
18054,Arjun Das,member18054@example.com,9211154941,67,Male,Nellore,Regular,2020-06-19,Yes
35768,Sneha Khan,member35768@example.com,9452656737,69,Female,Kurnool,Gold,2018-12-20,Yes
46448,Arjun Gupta,member46448@example.com,9687223903,65,Male,Nellore,Regular,2026-04-12,Yes
38598,Varun Babu,member38598@example.com,9873538834,46,Male,Chennai,Gold,2018-05-20,Yes
199,John Khan,member199@example.com,9294437222,47,Male,Bengaluru,Gold,2023-04-05,Yes
24900,Sahil Patel,member24900@example.com,9285746339,22,Female,Nellore,Gold,2023-09-09,Yes
40970,Ayesha Gupta,member40970@example.com,9236402498,44,Male,Bengaluru,Regular,2022-02-01,Yes
18496,Varun Singh,member18496@example.com,9344335495,35,Male,Hyderabad,Gold,2026-05-05,Yes
29289,Priya Naidu,member29289@example.com,9151255150,61,Female,Tirupati,Silver,2019-03-16,No
25561,Rahul Sharma,member25561@example.com,9487071056,59,Male,Nellore,Regular,2023-10-17,Yes
30773,Imran Khan,member30773@example.com,9335405606,51,Female,Nellore,Gold,2024-04-13,No
20637,Arjun Patel,member20637@example.com,9465187030,69,Female,Chennai,Regular,2024-11-07,Yes
23937,Arjun Yadav,member23937@example.com,9957263488,55,Female,Nellore,Regular,2024-05-25,Yes
30190,Divya Singh,member30190@example.com,9560619580,23,Female,Kurnool,Regular,2025-09-22,No
44554,John Yadav,member44554@example.com,9525200115,46,Male,Guntur,Platinum,2024-03-30,No
10931,Ayesha Gupta,member10931@example.com,9229856753,52,Male,Anantapur,Silver,2024-04-23,Yes
31651,Neha Babu,member31651@example.com,9955101852,26,Female,Anantapur,Gold,2026-04-24,Yes
28118,Ananya Patel,member28118@example.com,9502479193,59,Male,Vijayawada,Regular,2024-10-03,Yes
18124,Ali Patel,member18124@example.com,9402759972,60,Female,Vijayawada,Regular,2023-10-23,Yes
12950,Rahul Sharma,member12950@example.com,9646819620,70,Male,Tirupati,Regular,2021-06-24,Yes
36758,Imran Mishra,member36758@example.com,9153775305,39,Male,Hyderabad,Gold,2022-11-25,Yes
31375,Kiran Rao,member31375@example.com,9603748578,21,Female,Anantapur,Regular,2022-04-20,Yes
32698,Sneha Rao,member32698@example.com,9336197166,23,Male,Tirupati,Gold,2024-12-30,Yes
37264,Pooja Verma,member37264@example.com,9525211056,32,Male,Tirupati,Regular,2025-01-08,Yes
6194,Ravi Gupta,member6194@example.com,9612644868,58,Female,Hyderabad,Regular,2020-08-26,No
39626,Pooja Das,member39626@example.com,9353744099,43,Male,Anantapur,Regular,2024-02-04,Yes
31182,Manoj Yadav,member31182@example.com,9105387998,38,Female,Bengaluru,Regular,2018-10-29,No
36735,Neha Khan,member36735@example.com,9766353357,19,Female,Hyderabad,Regular,2020-03-07,No
36786,Kiran Patel,member36786@example.com,9273534461,63,Male,Hyderabad,Regular,2025-02-04,Yes
26359,Varun Singh,member26359@example.com,9265170630,37,Female,Bengaluru,Gold,2019-09-30,No
5140,Ravi Verma,member5140@example.com,9395950629,36,Male,Bengaluru,Silver,2025-11-02,Yes
9729,Neha Sharma,member9729@example.com,9412465923,60,Female,Kadapa,Regular,2024-08-01,Yes
44757,Imran Das,member44757@example.com,9427463776,63,Male,Kurnool,Silver,2026-02-28,No
29701,Kiran Patel,member29701@example.com,9714219333,69,Male,Tirupati,Regular,2018-01-09,Yes
17290,Ali Patel,member17290@example.com,9693386797,59,Female,Anantapur,Regular,2023-01-08,No
32797,Neha Patel,member32797@example.com,9213106457,47,Male,Kadapa,Regular,2025-05-09,Yes
21299,Pooja Singh,member21299@example.com,9626723717,49,Female,Anantapur,Silver,2023-03-14,Yes
31033,Ali Verma,member31033@example.com,9515303180,27,Female,Bengaluru,Gold,2019-06-18,Yes
22412,Sneha Mishra,member22412@example.com,9204287135,18,Female,Kurnool,Regular,2024-09-11,Yes
18784,Vikram Verma,member18784@example.com,9870429411,36,Male,Tirupati,Gold,2019-03-12,Yes
20053,Sneha Mishra,member20053@example.com,9911272983,20,Female,Nellore,Regular,2021-11-28,Yes
42604,Aditya Rao,member42604@example.com,9835094955,21,Female,Kurnool,Silver,2025-02-20,Yes
45771,Ayesha Gupta,member45771@example.com,9304225546,67,Female,Kurnool,Gold,2025-10-07,Yes
40959,Ananya Patel,member40959@example.com,9330998989,27,Female,Vijayawada,Gold,2023-05-31,No
29631,Divya Sharma,member29631@example.com,9330313121,47,Male,Chennai,Silver,2022-03-15,Yes
23826,Pooja Yadav,member23826@example.com,9974284412,31,Female,Hyderabad,Regular,2026-05-24,Yes
14813,Manoj Babu,member14813@example.com,9479854685,65,Male,Tirupati,Silver,2022-08-29,Yes
45068,Meena Sharma,member45068@example.com,9505629621,34,Male,Nellore,Silver,2021-11-09,Yes
263,Arjun Mishra,member263@example.com,9984569476,52,Male,Vijayawada,Platinum,2021-04-20,Yes
41078,Ali Reddy,member41078@example.com,9322603503,55,Male,Vijayawada,Silver,2024-06-11,Yes
38509,Rahul Rao,member38509@example.com,9984869568,43,Male,Guntur,Gold,2020-01-04,Yes
45688,Ravi Mishra,member45688@example.com,9350232253,47,Male,Anantapur,Silver,2024-07-07,Yes
8593,Pooja Reddy,member8593@example.com,9599512758,52,Female,Bengaluru,Platinum,2025-04-13,Yes
23265,Divya Gupta,member23265@example.com,9426229813,39,Male,Tirupati,Regular,2024-03-13,Yes
22997,Sahil Reddy,member22997@example.com,9974756505,24,Female,Hyderabad,Silver,2022-04-23,Yes
19706,Kiran Das,member19706@example.com,9997969767,66,Male,Kadapa,Regular,2021-06-13,Yes
33708,Rahul Patel,member33708@example.com,9180265438,68,Female,Nellore,Regular,2020-05-12,Yes
26331,Arjun Khan,member26331@example.com,9679544975,30,Male,Nellore,Regular,2021-08-01,Yes
41308,John Yadav,member41308@example.com,9465498643,50,Male,Tirupati,Regular,2019-08-15,No
29244,Divya Babu,member29244@example.com,9600776575,35,Female,Kadapa,Regular,2026-08-22,Yes
26227,Vikram Reddy,member26227@example.com,9202266909,64,Male,Anantapur,Regular,2022-11-15,No
32429,Vikram Sharma,member32429@example.com,9641872399,27,Female,Kadapa,Gold,2021-05-25,Yes
10477,Sneha Kumar,member10477@example.com,9193428327,30,Male,Guntur,Regular,2024-04-30,Yes
47199,Imran Das,member47199@example.com,9817596771,24,Female,Chennai,Regular,2018-05-31,Yes
17818,Vikram Reddy,member17818@example.com,9775074379,28,Female,Kurnool,Regular,2025-04-07,Yes
45900,Arjun Kumar,member45900@example.com,9216274426,26,Female,Kurnool,Regular,2022-05-08,Yes
26713,John Kumar,member26713@example.com,9813607671,48,Female,Anantapur,Regular,2024-05-23,Yes
26890,Divya Naidu,member26890@example.com,9667754416,24,Female,Bengaluru,Gold,2024-04-28,Yes
20514,Ali Rao,member20514@example.com,9598736964,33,Male,Guntur,Silver,2023-02-26,Yes
12325,Divya Naidu,member12325@example.com,9308230034,19,Male,Bengaluru,Silver,2022-02-09,Yes
24925,John Kumar,member24925@example.com,9715719444,49,Female,Kurnool,Regular,2022-11-25,No
21235,Neha Khan,member21235@example.com,9271710236,68,Female,Bengaluru,Silver,2022-01-12,Yes
22446,Ali Das,member22446@example.com,9894928747,60,Female,Kadapa,Gold,2019-06-22,No
36432,Manoj Patel,member36432@example.com,9371782717,23,Female,Vijayawada,Silver,2026-03-30,Yes
33274,Vikram Babu,member33274@example.com,9236431286,23,Female,Kurnool,Regular,2024-12-09,Yes
6523,Vikram Naidu,member6523@example.com,9978161142,25,Female,Kurnool,Gold,2026-01-19,No
3706,Imran Khan,member3706@example.com,9171094993,65,Male,Hyderabad,Regular,2024-06-10,Yes
42924,Divya Yadav,member42924@example.com,9224285797,42,Male,Guntur,Regular,2018-04-25,Yes
21136,John Rao,member21136@example.com,9477058368,66,Female,Bengaluru,Regular,2025-12-09,Yes
45517,Divya Rao,member45517@example.com,9105717775,44,Female,Guntur,Silver,2025-07-10,Yes
21852,Varun Das,member21852@example.com,9712140331,20,Male,Nellore,Regular,2024-02-14,Yes
15595,Imran Gupta,member15595@example.com,9217023545,28,Female,Kurnool,Platinum,2018-12-08,Yes
36023,Ravi Naidu,member36023@example.com,9195786620,52,Male,Nellore,Gold,2019-04-18,No
15530,Vikram Das,member15530@example.com,9344360716,57,Female,Vijayawada,Platinum,2019-03-29,Yes
30199,Sahil Verma,member30199@example.com,9909320553,55,Female,Guntur,Regular,2025-12-27,Yes
39882,Ayesha Naidu,member39882@example.com,9145731617,50,Female,Kurnool,Regular,2023-02-25,Yes
36358,Ananya Kumar,member36358@example.com,9302139162,64,Male,Anantapur,Regular,2019-12-28,Yes
23731,Ravi Rao,member23731@example.com,9325279028,38,Female,Chennai,Regular,2024-07-03,Yes
42742,Ravi Verma,member42742@example.com,9459925907,24,Male,Hyderabad,Regular,2024-10-23,Yes
16214,Aditya Yadav,member16214@example.com,9563924682,56,Male,Kurnool,Silver,2019-02-06,No
23946,Priya Naidu,member23946@example.com,9789694780,42,Female,Nellore,Platinum,2021-09-08,Yes
25608,John Das,member25608@example.com,9398147586,25,Female,Tirupati,Silver,2020-11-13,No
22782,Aditya Das,member22782@example.com,9947806722,50,Female,Chennai,Regular,2021-07-07,Yes
23677,Aditya Reddy,member23677@example.com,9277342054,61,Female,Tirupati,Platinum,2025-11-17,No
21821,Ananya Patel,member21821@example.com,9470925006,36,Female,Hyderabad,Regular,2024-03-31,Yes
30424,Sneha Reddy,member30424@example.com,9324362479,39,Female,Anantapur,Regular,2018-01-16,No
20042,Kiran Kumar,member20042@example.com,9453981208,45,Male,Bengaluru,Gold,2019-04-11,Yes
24665,John Das,member24665@example.com,9968290535,60,Female,Kadapa,Silver,2021-07-17,Yes
16004,Manoj Patel,member16004@example.com,9727736284,36,Male,Nellore,Silver,2025-11-17,Yes
14681,Vikram Mishra,member14681@example.com,9459806584,37,Female,Anantapur,Regular,2026-03-04,Yes
18895,Varun Verma,member18895@example.com,9248098776,33,Female,Anantapur,Regular,2026-02-27,Yes
23991,John Singh,member23991@example.com,9293568990,56,Female,Anantapur,Silver,2019-05-16,No
45986,Kiran Rao,member45986@example.com,9143079941,54,Female,Kadapa,Regular,2026-03-19,Yes
41983,John Verma,member41983@example.com,9727128785,47,Male,Anantapur,Silver,2019-12-18,Yes
25544,Kiran Das,member25544@example.com,9972474199,33,Female,Nellore,Silver,2025-03-21,Yes
19222,Ananya Verma,member19222@example.com,9745632243,20,Female,Tirupati,Regular,2023-01-04,Yes
21491,Divya Singh,member21491@example.com,9672823589,57,Male,Anantapur,Silver,2019-05-12,No
42178,Rahul Babu,member42178@example.com,9666235103,39,Male,Vijayawada,Silver,2019-06-15,Yes
25297,Aditya Singh,member25297@example.com,9990193127,45,Male,Nellore,Silver,2026-07-11,Yes
1711,Neha Yadav,member1711@example.com,9740227177,29,Female,Chennai,Regular,2019-04-24,Yes
41306,Vikram Sharma,member41306@example.com,9203914225,51,Male,Tirupati,Gold,2020-05-08,Yes
38894,Neha Gupta,member38894@example.com,9918979778,35,Female,Guntur,Platinum,2024-12-14,Yes
40820,Meena Naidu,member40820@example.com,9562777376,34,Male,Anantapur,Regular,2025-02-05,No
41800,Manoj Rao,member41800@example.com,9367304960,38,Male,Kadapa,Regular,2019-10-04,Yes
1415,Rahul Gupta,member1415@example.com,9650448393,46,Male,Bengaluru,Silver,2023-05-25,Yes
22531,Priya Reddy,member22531@example.com,9951511280,47,Male,Chennai,Regular,2023-07-23,Yes
582,Aditya Gupta,member582@example.com,9160842577,70,Male,Anantapur,Regular,2023-09-03,Yes
29899,Ravi Das,member29899@example.com,9704713256,50,Female,Guntur,Silver,2019-09-27,Yes
18248,Neha Babu,member18248@example.com,9714780034,70,Male,Kadapa,Regular,2019-04-30,No
28915,Varun Yadav,member28915@example.com,9935480539,56,Male,Kadapa,Regular,2026-08-09,Yes
21764,Divya Gupta,member21764@example.com,9978335328,34,Male,Kadapa,Regular,2025-10-05,Yes
18700,Pooja Verma,member18700@example.com,9334656954,34,Male,Bengaluru,Regular,2019-12-21,Yes
34733,Ravi Reddy,member34733@example.com,9504972306,54,Female,Vijayawada,Regular,2021-08-16,Yes
35847,Imran Babu,member35847@example.com,9787618197,54,Male,Tirupati,Gold,2023-01-18,Yes
34896,Manoj Yadav,member34896@example.com,9831807859,59,Male,Bengaluru,Silver,2020-11-03,Yes
43118,Ali Khan,member43118@example.com,9954912690,70,Male,Tirupati,Regular,2024-04-10,Yes
13260,Ravi Rao,member13260@example.com,9301916257,54,Male,Chennai,Regular,2021-05-08,Yes
17793,Divya Babu,member17793@example.com,9816192412,50,Female,Nellore,Regular,2026-03-03,Yes
16338,Meena Singh,member16338@example.com,9422461771,40,Male,Nellore,Silver,2021-01-08,Yes
26382,Arjun Yadav,member26382@example.com,9555490697,58,Female,Bengaluru,Regular,2020-03-16,No
16240,Rahul Verma,member16240@example.com,9747998955,68,Female,Hyderabad,Platinum,2018-09-30,Yes
44218,Sneha Yadav,member44218@example.com,9437707693,68,Male,Anantapur,Silver,2019-01-20,Yes
37404,Aditya Singh,member37404@example.com,9498830185,29,Female,Kurnool,Regular,2018-01-10,No
42284,Vikram Naidu,member42284@example.com,9975372019,52,Male,Tirupati,Gold,2025-08-18,Yes
42510,Sahil Singh,member42510@example.com,9584817083,24,Male,Kurnool,Regular,2023-04-23,Yes
30715,Priya Babu,member30715@example.com,9722799180,26,Male,Chennai,Regular,2025-05-18,Yes
43806,Sahil Reddy,member43806@example.com,9983380547,24,Male,Chennai,Gold,2025-02-18,Yes
38300,Sahil Rao,member38300@example.com,9253696411,57,Male,Nellore,Silver,2023-05-31,Yes
13722,Vikram Singh,member13722@example.com,9451099504,29,Male,Chennai,Silver,2018-11-16,Yes
16795,John Verma,member16795@example.com,9146451033,27,Male,Kadapa,Regular,2024-01-21,Yes
19022,Divya Khan,member19022@example.com,9983499777,23,Female,Bengaluru,Regular,2022-03-23,No
24714,Ali Reddy,member24714@example.com,9218996525,45,Male,Tirupati,Silver,2021-08-22,Yes
12693,Sahil Verma,member12693@example.com,9587556901,32,Female,Bengaluru,Gold,2020-05-31,Yes
42629,Neha Gupta,member42629@example.com,9387747527,50,Male,Anantapur,Regular,2026-07-07,Yes
41243,Arjun Kumar,member41243@example.com,9497734035,34,Male,Hyderabad,Regular,2025-05-03,Yes
18150,John Gupta,member18150@example.com,9630252011,62,Female,Kurnool,Platinum,2026-01-07,Yes
23128,Imran Khan,member23128@example.com,9965431611,42,Female,Kurnool,Regular,2022-07-30,Yes
32239,Ravi Naidu,member32239@example.com,9325594586,43,Male,Nellore,Regular,2018-10-19,Yes
16421,Manoj Verma,member16421@example.com,9420800679,21,Male,Guntur,Silver,2025-03-14,Yes
40549,Arjun Reddy,member40549@example.com,9697366191,44,Female,Vijayawada,Gold,2024-12-31,Yes
16042,Manoj Babu,member16042@example.com,9400514184,25,Male,Kadapa,Platinum,2020-01-07,Yes
13842,Arjun Khan,member13842@example.com,9693756003,55,Male,Vijayawada,Regular,2019-03-06,Yes
36275,Vikram Patel,member36275@example.com,9983893694,50,Male,Kadapa,Regular,2018-03-09,Yes
39070,Sahil Yadav,member39070@example.com,9412624524,56,Female,Vijayawada,Silver,2024-05-06,No
41658,Varun Naidu,member41658@example.com,9792730628,33,Male,Guntur,Platinum,2026-01-13,Yes
45651,Pooja Yadav,member45651@example.com,9694407010,30,Female,Tirupati,Regular,2023-10-09,Yes
8880,Neha Kumar,member8880@example.com,9927786761,34,Male,Tirupati,Silver,2021-09-11,Yes
27890,Ananya Kumar,member27890@example.com,9597247358,66,Male,Guntur,Silver,2022-03-05,Yes
19120,Sneha Sharma,member19120@example.com,9404241215,43,Female,Vijayawada,Regular,2020-06-16,Yes
20175,Ananya Babu,member20175@example.com,9219405834,67,Male,Nellore,Regular,2024-07-29,Yes
36316,Pooja Verma,member36316@example.com,9751987585,40,Male,Kadapa,Regular,2024-08-07,Yes
43063,Imran Yadav,member43063@example.com,9527620838,33,Male,Nellore,Silver,2021-10-10,No
45596,Sahil Patel,member45596@example.com,9556114735,45,Male,Nellore,Regular,2019-06-12,Yes
42184,Manoj Singh,member42184@example.com,9496926062,44,Other,Guntur,Regular,2021-07-04,Yes
32000,Divya Sharma,member32000@example.com,9479800615,44,Male,Bengaluru,Regular,2019-01-19,No
26806,Meena Gupta,member26806@example.com,9122674316,55,Male,Nellore,Silver,2019-06-12,Yes
45723,Kiran Naidu,member45723@example.com,9304827595,36,Male,Bengaluru,Silver,2019-02-28,No
36623,Varun Patel,member36623@example.com,9499656973,32,Female,Kadapa,Regular,2022-05-02,Yes
29696,John Sharma,member29696@example.com,9347543162,24,Female,Kurnool,Silver,2021-04-08,No
19487,Aditya Reddy,member19487@example.com,9563194356,51,Male,Kadapa,Regular,2024-07-16,No
18279,Rahul Mishra,member18279@example.com,9832996210,54,Female,Tirupati,Gold,2021-09-07,Yes
21790,Ayesha Reddy,member21790@example.com,9832311709,51,Female,Kurnool,Platinum,2023-02-01,Yes
42178,Rahul Babu,member42178@example.com,9666235103,39,Male,Vijayawada,Silver,2019-06-15,Yes
17079,Ali Das,member17079@example.com,9507361393,68,Male,Hyderabad,Silver,2018-02-16,Yes
13858,John Mishra,member13858@example.com,9699520357,67,Male,Kadapa,Regular,2026-05-19,Yes
37851,Kiran Yadav,member37851@example.com,9267590853,50,Male,Tirupati,Regular,2021-03-24,Yes
44264,Manoj Mishra,member44264@example.com,9376944007,20,Female,Nellore,Silver,2019-08-24,No
293,Pooja Rao,member293@example.com,9126662988,24,Female,Kadapa,Regular,2022-05-31,Yes
43311,Sahil Reddy,member43311@example.com,9623504597,31,Male,Kurnool,Regular,2023-10-24,Yes
38998,Ayesha Babu,member38998@example.com,9507313464,24,Male,Kurnool,Gold,2026-07-31,Yes
14500,Ravi Sharma,member14500@example.com,9858795490,54,Male,Anantapur,Regular,2019-03-29,Yes
43032,Ravi Mishra,member43032@example.com,9370189806,42,Male,Anantapur,Gold,2023-02-06,Yes
28436,Ayesha Rao,member28436@example.com,9418012142,62,Male,Tirupati,Silver,2025-07-22,Yes
38787,Ananya Reddy,member38787@example.com,9479710107,65,Male,Hyderabad,Gold,2020-03-31,Yes
16360,Sneha Das,member16360@example.com,9817180392,26,Male,Guntur,Silver,2020-01-26,No
36376,Arjun Sharma,member36376@example.com,9468067550,33,Female,Vijayawada,Silver,2021-06-12,Yes
36435,Priya Verma,member36435@example.com,9395951291,52,Female,Anantapur,Platinum,2020-12-18,No
15113,Aditya Patel,member15113@example.com,9790647362,53,Female,Chennai,Regular,2018-07-27,Yes
15362,Sneha Babu,member15362@example.com,9501214635,59,Female,Nellore,Regular,2020-02-20,Yes
5056,John Das,member5056@example.com,9126219978,52,Male,Nellore,Regular,2023-03-20,Yes
37934,Arjun Sharma,member37934@example.com,9558291477,20,Female,Chennai,Platinum,2019-01-17,No
36374,Ayesha Singh,member36374@example.com,9601062118,55,Female,Hyderabad,Regular,2021-04-03,Yes
20731,Manoj Rao,member20731@example.com,9685377605,62,Male,Anantapur,Regular,2021-12-16,Yes
2190,Pooja Verma,member2190@example.com,9358136109,66,Female,Anantapur,Regular,2026-07-26,No
19416,Ananya Rao,member19416@example.com,9365364642,46,Female,Anantapur,Gold,2026-06-02,No
32713,Imran Khan,member32713@example.com,9843786321,58,Female,Nellore,Regular,2024-09-02,Yes
3733,Priya Kumar,member3733@example.com,9472212851,66,Female,Anantapur,Regular,2025-08-23,Yes
18128,Ravi Gupta,member18128@example.com,9532097225,38,Female,Chennai,Silver,2023-07-26,Yes
22127,Ravi Das,member22127@example.com,9256037616,36,Female,Kadapa,Regular,2020-11-04,Yes
19392,Meena Naidu,member19392@example.com,9760630539,18,Male,Chennai,Regular,2021-04-03,No
38850,Varun Mishra,member38850@example.com,9688236669,32,Female,Kadapa,Regular,2020-07-26,Yes
17127,Meena Khan,member17127@example.com,9881550770,59,Male,Hyderabad,Regular,2021-07-04,Yes
37534,Priya Yadav,member37534@example.com,9415156204,65,Male,Kadapa,Platinum,2026-03-18,No
42732,Varun Yadav,member42732@example.com,9363316053,56,Female,Chennai,Platinum,2023-08-19,Yes
22897,Imran Yadav,member22897@example.com,9466917516,34,Male,Vijayawada,Regular,2024-04-21,Yes
17637,John Naidu,member17637@example.com,9983723104,37,Male,Hyderabad,Platinum,2025-12-06,Yes
40415,Manoj Reddy,member40415@example.com,9493022319,69,Male,Chennai,Silver,2020-08-29,Yes
16337,Vikram Rao,member16337@example.com,9566972447,46,Male,Vijayawada,Regular,2025-08-12,Yes
23201,Manoj Singh,member23201@example.com,9425916343,42,Female,Kadapa,Regular,2019-07-08,Yes
12987,Sneha Yadav,member12987@example.com,9537471022,19,Male,Tirupati,Silver,2025-07-18,No
32513,John Yadav,member32513@example.com,9512925532,20,Female,Bengaluru,Regular,2024-06-18,No
47132,Ali Reddy,member47132@example.com,9771471557,21,Male,Bengaluru,Silver,2025-07-06,No
46524,Ali Naidu,member46524@example.com,9951843194,39,Male,Guntur,Regular,2026-02-05,No
47261,Kiran Khan,member47261@example.com,9228303634,26,Male,Guntur,Regular,2023-10-07,Yes
34459,Neha Kumar,member34459@example.com,9722360831,59,Male,Nellore,Regular,2023-04-23,Yes
30900,Pooja Gupta,member30900@example.com,9210844911,28,Female,Tirupati,Regular,2022-11-23,Yes
15982,Imran Naidu,member15982@example.com,9626556062,62,Male,Hyderabad,Platinum,2025-08-27,Yes
22841,Divya Sharma,member22841@example.com,9212597950,68,Male,Kadapa,Regular,2019-08-30,Yes
17049,Manoj Verma,member17049@example.com,9243413474,23,Male,Bengaluru,Gold,2024-04-08,Yes
23086,Rahul Reddy,member23086@example.com,9170633998,68,Female,Bengaluru,Gold,2026-04-06,Yes
22231,Manoj Gupta,member22231@example.com,9664433074,34,Female,Nellore,Silver,2023-01-30,No
37780,Divya Singh,member37780@example.com,9539597311,60,Female,Vijayawada,Regular,2018-05-13,No
26116,Divya Reddy,member26116@example.com,9846869788,37,Female,Nellore,Silver,2021-12-24,Yes
19851,Ali Yadav,member19851@example.com,9274739902,53,Male,Vijayawada,Silver,2025-07-15,No
24863,Sneha Yadav,member24863@example.com,9129454843,33,Male,Bengaluru,Regular,2019-06-25,Yes
27850,Meena Sharma,member27850@example.com,9103181551,35,Female,Kadapa,Regular,2023-03-06,No
27850,Meena Sharma,member27850@example.com,9103181551,35,Female,Kadapa,Regular,2023-03-06,No
17647,John Yadav,member17647@example.com,9386030905,39,Female,Tirupati,Platinum,2021-10-09,Yes
4580,Rahul Mishra,member4580@example.com,9464112851,24,Female,Nellore,Regular,2025-04-23,Yes
21821,Ananya Patel,member21821@example.com,9470925006,36,Female,Hyderabad,Regular,2024-03-31,Yes
21533,Sahil Kumar,member21533@example.com,9624911445,61,Male,Kadapa,Gold,2024-01-22,Yes
20628,Divya Mishra,member20628@example.com,9987708163,67,Female,Guntur,Regular,2020-08-05,Yes
3378,Aditya Singh,member3378@example.com,9750532284,19,Male,Guntur,Gold,2020-08-12,Yes
38255,Kiran Patel,member38255@example.com,9694881316,44,Female,Bengaluru,Platinum,2024-07-31,Yes
2800,Ananya Babu,member2800@example.com,9156523696,26,Male,Chennai,Gold,2018-02-12,Yes
34348,Ananya Rao,member34348@example.com,9315956748,41,Male,Anantapur,Silver,2025-09-25,No
19026,Sahil Babu,member19026@example.com,9641197157,33,Female,Nellore,Regular,2018-08-13,Yes
46192,Priya Yadav,member46192@example.com,9834277713,34,Female,Nellore,Regular,2025-05-16,Yes
35805,Sneha Rao,member35805@example.com,9161146644,44,Female,Chennai,Regular,2020-02-06,Yes
46617,Aditya Khan,member46617@example.com,9715429141,46,Female,Bengaluru,Regular,2026-03-08,Yes
26227,Vikram Reddy,member26227@example.com,9202266909,64,Male,Anantapur,Regular,2022-11-15,No
23353,Ali Verma,member23353@example.com,9687471425,23,Male,Bengaluru,Silver,2025-09-13,No
9193,Pooja Verma,member9193@example.com,9870507040,26,Male,Tirupati,Regular,2019-02-24,Yes
39003,Ayesha Rao,member39003@example.com,9704820030,55,Male,Guntur,Regular,2025-08-25,No
23064,Aditya Yadav,member23064@example.com,9105034801,22,Female,Vijayawada,Platinum,2021-07-23,Yes
20525,Vikram Verma,member20525@example.com,9677342791,69,Male,Bengaluru,Gold,2019-11-14,Yes
21823,Imran Sharma,member21823@example.com,9568102727,64,Female,Vijayawada,Regular,2019-06-06,Yes
43952,Manoj Mishra,member43952@example.com,9994468866,62,Male,Vijayawada,Regular,2023-01-05,Yes
19894,Sahil Sharma,member19894@example.com,9478090647,33,Male,Bengaluru,Gold,2019-11-23,Yes
17637,John Naidu,member17637@example.com,9983723104,37,Male,Hyderabad,Platinum,2025-12-06,Yes
37232,Meena Reddy,member37232@example.com,9584658614,38,Male,Hyderabad,Regular,2018-10-28,Yes
16215,John Singh,member16215@example.com,9932006773,58,Male,Guntur,Regular,2024-04-17,Yes
21727,Imran Singh,member21727@example.com,9151133887,40,Female,Tirupati,Regular,2022-04-14,Yes
38692,John Babu,member38692@example.com,9961888557,54,Female,Hyderabad,Regular,2023-10-05,Yes
15383,Arjun Mishra,member15383@example.com,9369333706,39,Female,Kadapa,Silver,2022-07-31,Yes
45688,Ravi Mishra,member45688@example.com,9350232253,47,Male,Anantapur,Silver,2024-07-07,Yes
25504,Varun Das,member25504@example.com,9736821540,59,Male,Guntur,Platinum,2023-02-07,Yes
28322,Vikram Naidu,member28322@example.com,9429057102,37,Male,Vijayawada,Silver,2020-11-26,Yes
44159,Kiran Babu,member44159@example.com,9326720445,33,Male,Chennai,Gold,2024-06-11,Yes
39167,Manoj Khan,member39167@example.com,9652945258,52,Female,Bengaluru,Regular,2023-05-25,No
18124,Ali Patel,member18124@example.com,9402759972,60,Female,Vijayawada,Regular,2023-10-23,Yes
13657,Divya Yadav,member13657@example.com,9186475837,22,Male,Kadapa,Silver,2021-09-16,Yes
7746,Ali Babu,member7746@example.com,9522992441,24,Male,Bengaluru,Regular,2025-03-07,Yes
37591,Arjun Babu,member37591@example.com,9783361577,65,Female,Tirupati,Platinum,2022-05-21,Yes
45902,Ayesha Patel,member45902@example.com,9570707652,39,Male,Kadapa,Regular,2024-06-27,Yes
6112,Vikram Mishra,member6112@example.com,9926307988,35,Female,Chennai,Regular,2019-10-22,Yes
42337,Sahil Khan,member42337@example.com,9109103047,36,Female,Bengaluru,Gold,2025-11-18,No
6649,Varun Patel,member6649@example.com,9326180358,20,Female,Anantapur,Regular,2025-12-13,Yes
24775,Ayesha Patel,member24775@example.com,9288542310,32,Female,Tirupati,Regular,2018-12-20,No
22807,Ayesha Mishra,member22807@example.com,9453749517,47,Male,Hyderabad,Platinum,2019-02-28,Yes
24895,Imran Reddy,member24895@example.com,9978731031,36,Male,Hyderabad,Silver,2020-08-30,Yes
4352,Priya Mishra,member4352@example.com,9464225486,37,Male,Nellore,Regular,2025-12-26,Yes
27215,Pooja Sharma,member27215@example.com,9411547376,58,Female,Nellore,Silver,2018-09-22,Yes
22980,Divya Patel,member22980@example.com,9560238722,66,Male,Anantapur,Platinum,2022-01-20,No
33994,Imran Rao,member33994@example.com,9727525811,66,Female,Chennai,Regular,2020-05-14,No
39503,Aditya Khan,member39503@example.com,9319069195,51,Male,Kadapa,Regular,2024-07-04,No
27197,Sahil Khan,member27197@example.com,9523235646,34,Female,Anantapur,Regular,2020-11-02,Yes
40952,Ananya Khan,member40952@example.com,9545351738,19,Female,Anantapur,Regular,2021-03-18,Yes
7340,Sahil Khan,member7340@example.com,9567528389,33,Male,Vijayawada,Regular,2026-05-20,Yes
24040,John Das,member24040@example.com,9448585127,39,Male,Kadapa,Gold,2022-01-30,Yes
21506,Vikram Reddy,member21506@example.com,9742432791,68,Female,Tirupati,Regular,2018-11-21,Yes
32823,Divya Gupta,member32823@example.com,9343089352,33,Female,Anantapur,Gold,2021-07-24,Yes
7787,Sneha Reddy,member7787@example.com,9516602701,20,Male,Anantapur,Platinum,2023-07-04,Yes
23121,John Babu,member23121@example.com,9917877725,69,Male,Kurnool,Silver,2023-03-26,Yes
35837,Varun Kumar,member35837@example.com,9713832064,50,Female,Nellore,Silver,2026-05-05,Yes
46409,Imran Sharma,member46409@example.com,9761053663,35,Other,Nellore,Platinum,2025-05-05,Yes
17785,Divya Sharma,member17785@example.com,9277643300,37,Male,Guntur,Regular,2021-12-01,Yes
36099,Sahil Mishra,member36099@example.com,9354777727,20,Female,Bengaluru,Platinum,2025-05-13,Yes
14062,Imran Das,member14062@example.com,9553389499,38,Female,Hyderabad,Regular,2025-04-26,Yes
31091,Aditya Yadav,member31091@example.com,9866835854,50,Female,Nellore,Gold,2020-02-02,Yes
28269,Sneha Reddy,member28269@example.com,9965293164,67,Male,Bengaluru,Regular,2025-08-11,Yes
45360,Ananya Kumar,member45360@example.com,9563206607,47,Female,Vijayawada,Silver,2025-04-30,Yes
36486,Manoj Babu,member36486@example.com,9445055336,18,Male,Vijayawada,Silver,2018-05-09,Yes
43866,Kiran Khan,member43866@example.com,9388421937,25,Female,Nellore,Silver,2018-02-28,Yes
27723,Meena Gupta,member27723@example.com,9453344511,68,Female,Tirupati,Regular,2019-07-12,Yes
885,Arjun Mishra,member885@example.com,9272462985,29,Male,Bengaluru,Regular,2023-12-13,Yes
21029,Meena Singh,member21029@example.com,9605733464,60,Female,Anantapur,Regular,2022-12-26,Yes
26751,Ananya Kumar,member26751@example.com,9791789712,45,Male,Bengaluru,Regular,2025-09-28,No
38325,Pooja Rao,member38325@example.com,9184728473,50,Female,Chennai,Regular,2022-05-04,No
17100,Divya Das,member17100@example.com,9863255132,60,Female,Vijayawada,Silver,2022-04-02,Yes
16687,Imran Mishra,member16687@example.com,9712877036,48,Female,Kurnool,Silver,2026-07-13,Yes
20912,Divya Patel,member20912@example.com,9111830725,55,Female,Bengaluru,Silver,2020-05-10,No
24955,Ravi Das,member24955@example.com,9667296612,40,Male,Nellore,Regular,2023-08-21,Yes
39837,Ayesha Das,member39837@example.com,9972574367,65,Female,Chennai,Silver,2025-02-14,Yes
38409,Vikram Singh,member38409@example.com,9889714856,59,Male,Nellore,Regular,2020-06-29,Yes
2673,Manoj Naidu,member2673@example.com,9184290060,19,Male,Bengaluru,Regular,2022-07-17,Yes
16799,Ananya Babu,member16799@example.com,9722298283,34,Other,Tirupati,Regular,2025-04-07,Yes
18696,Ananya Das,member18696@example.com,9597168320,42,Male,Hyderabad,Silver,2023-03-07,Yes
21533,Sahil Kumar,member21533@example.com,9624911445,61,Male,Kadapa,Gold,2024-01-22,Yes
38318,Ananya Khan,member38318@example.com,9279874985,44,Female,Guntur,Silver,2024-01-23,Yes
23081,Meena Mishra,member23081@example.com,9174537964,37,Female,Anantapur,Regular,2019-02-06,Yes
26600,John Rao,member26600@example.com,9347095857,26,Male,Kurnool,Regular,2025-09-18,Yes
37929,Ayesha Reddy,member37929@example.com,9488429629,25,Female,Vijayawada,Regular,2026-08-24,Yes
30926,Divya Yadav,member30926@example.com,9374933067,50,Male,Anantapur,Regular,2019-06-12,Yes
40062,Manoj Khan,member40062@example.com,9396117050,28,Male,Tirupati,Regular,2026-07-26,No
33195,Neha Reddy,member33195@example.com,9906806452,18,Female,Tirupati,Gold,2019-08-29,Yes
37499,Priya Gupta,member37499@example.com,9399256658,56,Female,Kadapa,Silver,2023-04-28,Yes
38853,Ananya Patel,member38853@example.com,9504072984,66,Male,Nellore,Regular,2023-05-07,No
22597,Pooja Mishra,member22597@example.com,9795705435,49,Female,Bengaluru,Silver,2020-09-06,No
25544,Kiran Das,member25544@example.com,9972474199,33,Female,Nellore,Silver,2025-03-21,Yes
26713,John Kumar,member26713@example.com,9813607671,48,Female,Anantapur,Regular,2024-05-23,Yes
19684,Sahil Khan,member19684@example.com,9389540963,36,Male,Hyderabad,Regular,2022-10-10,Yes
19008,Aditya Yadav,member19008@example.com,9264825403,61,Male,Bengaluru,Silver,2026-04-09,Yes
24560,Rahul Patel,member24560@example.com,9987028514,37,Female,Chennai,Regular,2020-05-27,Yes
24191,Rahul Verma,member24191@example.com,9685197276,65,Female,Chennai,Regular,2024-06-04,Yes
35749,Kiran Gupta,member35749@example.com,9830794319,55,Female,Anantapur,Regular,2021-12-02,Yes
32786,Ali Patel,member32786@example.com,9478559016,68,Female,Vijayawada,Silver,2024-08-12,Yes
29866,Kiran Gupta,member29866@example.com,9316453953,67,Male,Hyderabad,Silver,2023-11-23,No
23279,Ravi Sharma,member23279@example.com,9382721082,25,Female,Kurnool,Regular,2023-10-16,Yes
23059,Ananya Naidu,member23059@example.com,9506766153,31,Male,Bengaluru,Silver,2025-05-06,Yes
21830,Rahul Mishra,member21830@example.com,9379278619,32,Female,Hyderabad,Regular,2022-08-20,Yes
37934,Arjun Sharma,member37934@example.com,9558291477,20,Female,Chennai,Platinum,2019-01-17,No
38409,Vikram Singh,member38409@example.com,9889714856,59,Male,Nellore,Regular,2020-06-29,Yes
18871,Varun Verma,member18871@example.com,9377382861,36,Female,Bengaluru,Regular,2025-03-10,No
23589,Divya Rao,member23589@example.com,9323331603,66,Female,Guntur,Regular,2019-03-06,Yes
28439,Aditya Das,member28439@example.com,9305702138,21,Female,Bengaluru,Gold,2025-11-05,Yes
19633,Vikram Gupta,member19633@example.com,9513772580,22,Male,Nellore,Regular,2023-11-13,Yes
4860,Ananya Verma,member4860@example.com,9306832003,67,Male,Hyderabad,Regular,2023-05-25,Yes
28116,Sahil Gupta,member28116@example.com,9127760183,22,Female,Chennai,Regular,2018-08-31,Yes
19656,Kiran Yadav,member19656@example.com,9278442932,42,Female,Nellore,Silver,2023-01-29,No
33901,Sneha Kumar,member33901@example.com,9148182470,46,Male,Kurnool,Regular,2018-08-21,Yes
12475,Sneha Patel,member12475@example.com,9611391257,64,Female,Bengaluru,Platinum,2023-03-23,Yes
26824,Priya Das,member26824@example.com,9187699944,52,Other,Hyderabad,Regular,2019-09-19,Yes
46213,Aditya Singh,member46213@example.com,9735759725,18,Female,Bengaluru,Platinum,2026-08-09,Yes
23767,Pooja Patel,member23767@example.com,9403630414,48,Female,Vijayawada,Regular,2018-02-26,No
17818,Vikram Reddy,member17818@example.com,9775074379,28,Female,Kurnool,Regular,2025-04-07,Yes
45362,Manoj Yadav,member45362@example.com,9731895306,69,Female,Kurnool,Platinum,2020-06-22,Yes
27829,Meena Naidu,member27829@example.com,9634013114,32,Female,Kurnool,Regular,2022-07-21,No
19891,Sahil Khan,member19891@example.com,9666287574,53,Female,Chennai,Gold,2022-04-16,Yes
44317,Pooja Rao,member44317@example.com,9845094104,22,Male,Tirupati,Platinum,2024-12-27,No
27612,Vikram Verma,member27612@example.com,9382566420,67,Female,Kadapa,Platinum,2018-01-17,Yes
39626,Pooja Das,member39626@example.com,9353744099,43,Male,Anantapur,Regular,2024-02-04,Yes
23128,Imran Khan,member23128@example.com,9965431611,42,Female,Kurnool,Regular,2022-07-30,Yes
33994,Imran Rao,member33994@example.com,9727525811,66,Female,Chennai,Regular,2020-05-14,No
33245,Kiran Singh,member33245@example.com,9783024988,55,Female,Kadapa,Platinum,2026-04-21,Yes
26792,John Kumar,member26792@example.com,9368511635,61,Male,Kurnool,Regular,2026-02-13,No
33420,Aditya Khan,member33420@example.com,9609859137,51,Male,Chennai,Regular,2021-04-18,Yes
20407,Pooja Mishra,member20407@example.com,9975620062,23,Male,Kurnool,Regular,2019-11-24,No
40249,Arjun Yadav,member40249@example.com,9398788353,28,Female,Vijayawada,Regular,2023-06-10,Yes
25860,Kiran Sharma,member25860@example.com,9451412092,46,Male,Kurnool,Gold,2021-03-13,Yes
36431,Sneha Reddy,member36431@example.com,9452588717,49,Female,Kurnool,Silver,2023-03-27,Yes
28675,Divya Sharma,member28675@example.com,9873753192,48,Female,Chennai,Silver,2018-01-30,Yes
24097,Manoj Sharma,member24097@example.com,9741316733,30,Male,Kadapa,Regular,2021-01-30,No
8756,Varun Yadav,member8756@example.com,9723008405,21,Female,Hyderabad,Regular,2018-04-03,Yes
34222,Pooja Singh,member34222@example.com,9731325351,31,Female,Vijayawada,Regular,2026-08-28,Yes
27904,Manoj Khan,member27904@example.com,9401204700,47,Male,Bengaluru,Silver,2021-12-14,No
37489,Manoj Khan,member37489@example.com,9885932331,54,Female,Vijayawada,Regular,2022-04-14,Yes
28856,Sahil Kumar,member28856@example.com,9180443961,51,Female,Kurnool,Gold,2021-11-04,Yes
21917,Varun Singh,member21917@example.com,9626415199,60,Female,Bengaluru,Gold,2020-05-28,Yes
42617,Meena Singh,member42617@example.com,9904601378,30,Female,Chennai,Regular,2022-04-08,Yes
40824,Neha Sharma,member40824@example.com,9102096751,59,Female,Hyderabad,Platinum,2021-05-27,Yes
40319,Aditya Khan,member40319@example.com,9210876736,49,Female,Nellore,Silver,2022-05-31,Yes
40693,Varun Reddy,member40693@example.com,9113709906,20,Male,Hyderabad,Platinum,2020-06-17,Yes
19420,Sahil Patel,member19420@example.com,9960442610,45,Female,Hyderabad,Gold,2022-08-07,Yes
18359,Ananya Yadav,member18359@example.com,9507948024,65,Male,Vijayawada,Silver,2018-01-18,Yes
25149,Ali Das,member25149@example.com,9703031927,39,Female,Kurnool,Regular,2023-07-03,Yes
3830,Sahil Das,member3830@example.com,9818100828,61,Male,Tirupati,Regular,2023-01-10,Yes
28738,Varun Kumar,member28738@example.com,9335669127,52,Female,Anantapur,Regular,2020-07-21,No
23246,Kiran Rao,member23246@example.com,9275573568,18,Female,Tirupati,Gold,2024-02-27,Yes
29932,Ali Gupta,member29932@example.com,9407497140,46,Female,Kurnool,Silver,2018-10-06,Yes
19342,Neha Verma,member19342@example.com,9768272077,32,Male,Tirupati,Regular,2021-12-25,Yes
30151,Sneha Naidu,member30151@example.com,9203552732,59,Female,Hyderabad,Regular,2025-07-24,No
36416,Neha Verma,member36416@example.com,9767315703,43,Female,Kurnool,Silver,2024-11-18,Yes
32883,Ravi Babu,member32883@example.com,9742611998,20,Male,Anantapur,Platinum,2021-02-20,Yes
18077,Ali Reddy,member18077@example.com,9965828253,54,Male,Bengaluru,Regular,2018-07-16,No
24697,Meena Reddy,member24697@example.com,9487537713,27,Other,Vijayawada,Regular,2021-02-21,Yes
15126,Pooja Khan,member15126@example.com,9265333081,54,Female,Vijayawada,Regular,2020-06-05,Yes
38990,Ayesha Babu,member38990@example.com,9477619373,23,Male,Bengaluru,Regular,2026-01-09,Yes
23797,Ravi Babu,member23797@example.com,9249237918,47,Male,Tirupati,Gold,2018-01-29,Yes
16277,Arjun Kumar,member16277@example.com,9618041911,26,Female,Kadapa,Regular,2020-01-24,Yes
24895,Imran Reddy,member24895@example.com,9978731031,36,Male,Hyderabad,Silver,2020-08-30,Yes
19656,Kiran Yadav,member19656@example.com,9278442932,42,Female,Nellore,Silver,2023-01-29,No
44295,Meena Rao,member44295@example.com,9308637419,50,Female,Nellore,Platinum,2020-12-18,Yes
27226,John Sharma,member27226@example.com,9384513567,35,Female,Hyderabad,Gold,2022-03-14,Yes
43621,Ali Reddy,member43621@example.com,9476107700,48,Female,Tirupati,Silver,2019-01-31,Yes
22507,Kiran Naidu,member22507@example.com,9184750637,62,Female,Kurnool,Platinum,2021-10-15,Yes
21520,Varun Das,member21520@example.com,9670200721,42,Female,Vijayawada,Silver,2018-06-26,Yes
1164,Arjun Das,member1164@example.com,9127742504,42,Male,Tirupati,Regular,2025-08-07,Yes
40069,Kiran Rao,member40069@example.com,9237210538,40,Male,Chennai,Platinum,2025-01-25,Yes
40066,Varun Khan,member40066@example.com,9117726090,68,Female,Kadapa,Regular,2021-02-28,Yes
21830,Rahul Mishra,member21830@example.com,9379278619,32,Female,Hyderabad,Regular,2022-08-20,Yes
22187,Ravi Gupta,member22187@example.com,9318809085,42,Male,Chennai,Regular,2023-10-23,No
42312,Ayesha Mishra,member42312@example.com,9918984873,63,Female,Kurnool,Gold,2020-03-20,Yes
38844,Vikram Khan,member38844@example.com,9887581624,33,Male,Kurnool,Regular,2019-12-24,Yes
45777,Ananya Singh,member45777@example.com,9598957326,53,Female,Kadapa,Regular,2018-11-08,Yes
17499,Aditya Reddy,member17499@example.com,9205791515,31,Female,Hyderabad,Regular,2018-05-02,Yes
22194,Pooja Singh,member22194@example.com,9124229439,48,Male,Kadapa,Regular,2019-09-03,Yes
43218,Ali Mishra,member43218@example.com,9188588536,47,Female,Guntur,Regular,2018-07-14,Yes
27955,Aditya Verma,member27955@example.com,9209288934,31,Female,Anantapur,Regular,2022-10-11,Yes
25439,Divya Yadav,member25439@example.com,9635678313,70,Female,Chennai,Regular,2025-09-22,Yes
22473,Priya Das,member22473@example.com,9289954647,64,Male,Tirupati,Regular,2025-02-10,Yes
15287,Priya Gupta,member15287@example.com,9911261991,65,Male,Guntur,Regular,2025-07-28,Yes
36179,Pooja Yadav,member36179@example.com,9688475388,59,Male,Anantapur,Gold,2020-08-16,Yes
30056,Ananya Khan,member30056@example.com,9938544053,68,Female,Hyderabad,Silver,2022-01-02,Yes
1705,Manoj Verma,member1705@example.com,9543136678,64,Female,Anantapur,Gold,2020-12-30,No
37851,Kiran Yadav,member37851@example.com,9267590853,50,Male,Tirupati,Regular,2021-03-24,Yes
46598,Kiran Kumar,member46598@example.com,9325325809,51,Female,Chennai,Regular,2024-03-10,Yes
43335,Arjun Sharma,member43335@example.com,9238316512,42,Female,Hyderabad,Regular,2020-07-31,Yes
32456,Priya Sharma,member32456@example.com,9799946373,63,Female,Nellore,Silver,2019-02-14,No
4776,Neha Mishra,member4776@example.com,9655479797,50,Other,Guntur,Gold,2018-03-07,No
38619,Sahil Gupta,member38619@example.com,9361928251,21,Male,Kurnool,Regular,2023-09-10,No
20207,Ravi Rao,member20207@example.com,9705801213,36,Female,Nellore,Silver,2018-04-02,Yes
7194,John Verma,member7194@example.com,9269058957,40,Female,Vijayawada,Silver,2024-12-29,Yes
27429,Neha Mishra,member27429@example.com,9916183510,43,Male,Guntur,Silver,2023-12-04,Yes
19435,Priya Gupta,member19435@example.com,9139915600,28,Female,Chennai,Regular,2023-01-28,Yes
41306,Vikram Sharma,member41306@example.com,9203914225,51,Male,Tirupati,Gold,2020-05-08,Yes
21061,Sneha Rao,member21061@example.com,9152453979,24,Female,Chennai,Regular,2025-11-07,Yes
22841,Divya Sharma,member22841@example.com,9212597950,68,Male,Kadapa,Regular,2019-08-30,Yes
20146,Aditya Naidu,member20146@example.com,9507652367,47,Female,Tirupati,Regular,2022-07-23,Yes
9537,Meena Naidu,member9537@example.com,9841904457,67,Female,Chennai,Regular,2023-05-22,Yes
37675,Kiran Sharma,member37675@example.com,9666960089,37,Female,Kadapa,Regular,2024-02-23,No
36320,Arjun Khan,member36320@example.com,9213227897,33,Female,Chennai,Gold,2025-12-17,Yes
27617,Pooja Singh,member27617@example.com,9942442050,18,Male,Tirupati,Platinum,2024-03-02,Yes
28079,Neha Babu,member28079@example.com,9415279302,37,Male,Kadapa,Regular,2019-02-08,No
18518,Vikram Das,member18518@example.com,9887272937,54,Male,Kurnool,Gold,2020-06-09,Yes
26943,Arjun Reddy,member26943@example.com,9346847529,65,Male,Guntur,Gold,2022-03-23,Yes
3781,Manoj Sharma,member3781@example.com,9373234494,39,Male,Kurnool,Regular,2025-08-22,No
19342,Neha Verma,member19342@example.com,9768272077,32,Male,Tirupati,Regular,2021-12-25,Yes
28621,John Kumar,member28621@example.com,9219014183,48,Male,Kadapa,Silver,2025-11-30,Yes
33262,Meena Verma,member33262@example.com,9959785466,36,Male,Kurnool,Regular,2024-06-07,Yes
34131,Imran Khan,member34131@example.com,9359809398,50,Male,Bengaluru,Platinum,2019-05-09,Yes
36596,Priya Singh,member36596@example.com,9674061796,35,Female,Kadapa,Regular,2021-08-28,Yes
18700,Pooja Verma,member18700@example.com,9334656954,34,Male,Bengaluru,Regular,2019-12-21,Yes
20392,Rahul Reddy,member20392@example.com,9898278944,53,Female,Vijayawada,Regular,2018-11-09,Yes
47448,Imran Patel,member47448@example.com,9857628687,19,Male,Tirupati,Gold,2022-09-28,Yes
37167,Manoj Khan,member37167@example.com,9854722040,36,Female,Bengaluru,Silver,2021-01-09,Yes
32812,Meena Reddy,member32812@example.com,9122331733,33,Female,Hyderabad,Regular,2020-06-07,Yes
32034,Priya Singh,member32034@example.com,9843005475,32,Male,Tirupati,Regular,2020-11-13,Yes
26531,Divya Yadav,member26531@example.com,9708183442,49,Male,Kurnool,Regular,2024-11-16,Yes
39309,Arjun Naidu,member39309@example.com,9675411323,25,Female,Tirupati,Regular,2024-07-05,Yes
19859,Sahil Singh,member19859@example.com,9740813716,41,Female,Kurnool,Regular,2021-04-28,Yes
32388,Manoj Kumar,member32388@example.com,9867762833,27,Female,Hyderabad,Silver,2021-06-06,Yes
32191,Rahul Das,member32191@example.com,9581478835,70,Male,Chennai,Regular,2026-05-04,Yes
14544,Ali Kumar,member14544@example.com,9669969396,63,Female,Bengaluru,Regular,2022-07-06,No
39047,Varun Singh,member39047@example.com,9773613985,47,Female,Nellore,Regular,2022-12-14,Yes
36105,Divya Khan,member36105@example.com,9352041134,52,Male,Hyderabad,Regular,2026-06-17,Yes
40874,Divya Naidu,member40874@example.com,9288728670,58,Female,Chennai,Regular,2024-08-18,Yes
45807,John Das,member45807@example.com,9528212571,58,Male,Hyderabad,Regular,2020-06-01,Yes
38131,Ananya Kumar,member38131@example.com,9696143943,31,Female,Tirupati,Regular,2019-07-12,Yes
35980,Rahul Das,member35980@example.com,9864028706,56,Female,Kurnool,Silver,2019-01-16,No
43174,Sahil Reddy,member43174@example.com,9279716315,35,Female,Guntur,Regular,2024-07-28,Yes
22803,Divya Yadav,member22803@example.com,9212334276,59,Female,Tirupati,Regular,2021-01-26,Yes
30046,Sahil Mishra,member30046@example.com,9465265619,18,Female,Tirupati,Regular,2023-02-15,Yes
6068,Arjun Yadav,member6068@example.com,9195118092,26,Male,Kurnool,Regular,2021-10-15,Yes
27532,Manoj Khan,member27532@example.com,9406322933,56,Male,Chennai,Regular,2023-05-10,Yes
27578,Ayesha Verma,member27578@example.com,9518946836,51,Male,Anantapur,Gold,2021-05-05,Yes
25400,Pooja Naidu,member25400@example.com,9296044725,23,Female,Hyderabad,Gold,2020-09-14,No
4705,Ananya Kumar,member4705@example.com,9327397947,30,Male,Kurnool,Regular,2025-12-18,Yes
19679,Priya Verma,member19679@example.com,9642631158,32,Female,Vijayawada,Regular,2021-01-31,Yes
23608,Neha Patel,member23608@example.com,9362072383,26,Male,Guntur,Regular,2022-01-21,Yes
42629,Neha Gupta,member42629@example.com,9387747527,50,Male,Anantapur,Regular,2026-07-07,Yes
27059,Priya Yadav,member27059@example.com,9113520997,40,Female,Kadapa,Gold,2020-02-06,Yes
12489,Ali Patel,member12489@example.com,9580631785,23,Female,Hyderabad,Regular,2021-11-26,Yes
27881,Divya Mishra,member27881@example.com,9543592000,27,Male,Anantapur,Regular,2020-07-13,Yes
1181,Rahul Kumar,member1181@example.com,9612623321,50,Male,Hyderabad,Silver,2019-12-10,No
14476,Divya Naidu,member14476@example.com,9184994958,36,Male,Tirupati,Regular,2018-01-20,No
20912,Divya Patel,member20912@example.com,9111830725,55,Female,Bengaluru,Silver,2020-05-10,No
22751,Divya Yadav,member22751@example.com,9686055587,52,Female,Chennai,Regular,2021-01-15,Yes
32239,Ravi Naidu,member32239@example.com,9325594586,43,Male,Nellore,Regular,2018-10-19,Yes
42742,Ravi Verma,member42742@example.com,9459925907,24,Male,Hyderabad,Regular,2024-10-23,Yes
40655,Priya Singh,member40655@example.com,9812311878,18,Male,Kadapa,Silver,2022-04-16,Yes
30830,Kiran Rao,member30830@example.com,9157386450,61,Male,Kurnool,Regular,2023-02-11,Yes
26364,Kiran Khan,member26364@example.com,9695687242,49,Female,Guntur,Platinum,2018-03-04,Yes
40065,Manoj Babu,member40065@example.com,9327916592,37,Male,Tirupati,Regular,2024-08-16,Yes
45661,Kiran Sharma,member45661@example.com,9826917592,45,Male,Anantapur,Regular,2022-11-05,Yes
27024,Meena Singh,member27024@example.com,9443114377,38,Male,Hyderabad,Gold,2020-11-27,Yes
18773,Ali Singh,member18773@example.com,9766585483,61,Female,Tirupati,Regular,2020-09-07,Yes
39743,John Rao,member39743@example.com,9620842982,67,Male,Nellore,Regular,2025-10-04,Yes
46115,Arjun Mishra,member46115@example.com,9657633484,53,Female,Hyderabad,Regular,2021-01-01,Yes
39714,Aditya Mishra,member39714@example.com,9295783147,48,Female,Anantapur,Regular,2023-02-27,Yes
18789,Aditya Patel,member18789@example.com,9484550618,65,Male,Tirupati,Regular,2020-05-19,Yes
43119,Vikram Khan,member43119@example.com,9273217082,56,Female,Bengaluru,Silver,2020-12-06,Yes
21506,Vikram Reddy,member21506@example.com,9742432791,68,Female,Tirupati,Regular,2018-11-21,Yes
31405,Ananya Patel,member31405@example.com,9848811235,40,Male,Hyderabad,Gold,2020-05-19,No
33090,Imran Das,member33090@example.com,9341914389,42,Female,Nellore,Gold,2019-07-06,Yes
27553,Ayesha Babu,member27553@example.com,9251838200,50,Female,Kadapa,Regular,2026-02-13,Yes
43230,Sneha Reddy,member43230@example.com,9728722623,37,Male,Vijayawada,Regular,2018-02-16,Yes
19190,Meena Reddy,member19190@example.com,9218587602,25,Male,Kurnool,Silver,2025-01-30,Yes
18767,Ananya Sharma,member18767@example.com,9275320994,36,Female,Kurnool,Silver,2021-03-13,Yes
25400,Pooja Naidu,member25400@example.com,9296044725,23,Female,Hyderabad,Gold,2020-09-14,No
41784,Kiran Sharma,member41784@example.com,9487435649,67,Male,Kadapa,Regular,2018-02-03,Yes
26004,John Mishra,member26004@example.com,9100735504,39,Male,Chennai,Regular,2018-02-14,Yes
32596,Ayesha Yadav,member32596@example.com,9660081360,19,Female,Bengaluru,Regular,2019-06-23,Yes
31773,Divya Das,member31773@example.com,9942883210,41,Female,Hyderabad,Silver,2024-07-18,Yes
19171,Neha Kumar,member19171@example.com,9802426019,20,Male,Anantapur,Silver,2021-09-23,No
3468,Vikram Sharma,member3468@example.com,9953880690,32,Male,Bengaluru,Regular,2026-01-22,Yes
20092,Ali Singh,member20092@example.com,9833214228,43,Male,Bengaluru,Platinum,2024-12-11,Yes
46550,Arjun Kumar,member46550@example.com,9164515784,52,Female,Vijayawada,Regular,2023-05-08,Yes
4247,Priya Babu,member4247@example.com,9329984396,46,Male,Tirupati,Regular,2022-08-18,Yes
15461,John Sharma,member15461@example.com,9402997927,61,Male,Anantapur,Regular,2024-10-02,Yes
45991,Meena Naidu,member45991@example.com,9599992265,57,Male,Tirupati,Gold,2026-01-21,Yes
19462,Divya Babu,member19462@example.com,9287483909,70,Male,Kurnool,Regular,2020-06-01,No
31574,Ali Sharma,member31574@example.com,9669125438,59,Male,Vijayawada,Gold,2023-10-12,Yes
19812,Varun Rao,member19812@example.com,9496021270,45,Female,Kadapa,Regular,2024-08-19,No
33633,Ananya Sharma,member33633@example.com,9942474625,64,Male,Chennai,Platinum,2021-01-16,No
19958,Ali Reddy,member19958@example.com,9196405448,61,Male,Tirupati,Regular,2024-11-07,Yes
5479,Varun Naidu,member5479@example.com,9163322306,44,Female,Bengaluru,Platinum,2024-10-26,No
41866,Ananya Khan,member41866@example.com,9110786841,22,Female,Nellore,Silver,2019-09-26,Yes
22068,Varun Verma,member22068@example.com,9220652950,21,Female,Chennai,Regular,2025-07-06,Yes
28463,Varun Kumar,member28463@example.com,9335097013,36,Male,Guntur,Silver,2022-09-01,Yes
45426,Ali Mishra,member45426@example.com,9441016187,50,Female,Nellore,Regular,2021-07-31,Yes
31622,Neha Singh,member31622@example.com,9692359564,48,Female,Anantapur,Regular,2022-09-19,Yes
39742,Ali Reddy,member39742@example.com,9532517488,42,Male,Nellore,Silver,2025-01-08,Yes
30199,Sahil Verma,member30199@example.com,9909320553,55,Female,Guntur,Regular,2025-12-27,Yes
45971,Kiran Das,member45971@example.com,9411869447,62,Male,Bengaluru,Regular,2020-09-19,Yes
20549,Ananya Singh,member20549@example.com,9565832765,35,Female,Anantapur,Regular,2026-02-01,Yes
29320,Ayesha Reddy,member29320@example.com,9483078402,40,Male,Vijayawada,Gold,2026-04-26,No
32039,Imran Sharma,member32039@example.com,9116390521,48,Female,Vijayawada,Gold,2024-11-15,No
21861,Sahil Rao,member21861@example.com,9616446739,64,Female,Tirupati,Gold,2025-08-16,Yes
43063,Imran Yadav,member43063@example.com,9527620838,33,Male,Nellore,Silver,2021-10-10,No
22908,Ravi Gupta,member22908@example.com,9781971683,38,Male,Hyderabad,Regular,2025-01-28,Yes
30151,Sneha Naidu,member30151@example.com,9203552732,59,Female,Hyderabad,Regular,2025-07-24,No
42695,Ali Sharma,member42695@example.com,9813546154,20,Female,Kurnool,Regular,2018-04-06,No
46698,Imran Patel,member46698@example.com,9955285708,39,Female,Guntur,Silver,2019-08-28,Yes
19070,Aditya Das,member19070@example.com,9818098889,47,Female,Tirupati,Regular,2019-06-04,Yes
28898,Manoj Das,member28898@example.com,9601863139,56,Male,Vijayawada,Regular,2019-10-06,No
39510,Pooja Yadav,member39510@example.com,9318843172,65,Female,Kurnool,Regular,2022-01-10,Yes
5909,Arjun Khan,member5909@example.com,9430480842,48,Male,Chennai,Gold,2024-10-09,Yes
33250,John Gupta,member33250@example.com,9391618683,48,Male,Chennai,Silver,2021-04-05,Yes
43193,Sneha Yadav,member43193@example.com,9450668211,56,Male,Bengaluru,Regular,2025-09-03,Yes
7322,John Naidu,member7322@example.com,9866959575,38,Female,Kurnool,Silver,2019-12-18,Yes
4223,Neha Rao,member4223@example.com,9670471354,18,Male,Bengaluru,Gold,2020-07-11,Yes
22807,Ayesha Mishra,member22807@example.com,9453749517,47,Male,Hyderabad,Platinum,2019-02-28,Yes
29303,Pooja Mishra,member29303@example.com,9541425197,50,Female,Kadapa,Silver,2021-02-11,Yes
36999,Imran Verma,member36999@example.com,9334645351,68,Female,Nellore,Regular,2024-01-18,Yes
30305,Manoj Sharma,member30305@example.com,9734075243,38,Male,Tirupati,Silver,2019-09-02,Yes
33060,Pooja Das,member33060@example.com,9930376367,46,Female,Anantapur,Regular,2018-07-12,Yes
21480,Ali Mishra,member21480@example.com,9681125305,59,Female,Kurnool,Platinum,2023-07-23,Yes
41617,Meena Das,member41617@example.com,9612550677,30,Female,Hyderabad,Regular,2024-09-28,Yes
20514,Ali Rao,member20514@example.com,9598736964,33,Male,Guntur,Silver,2023-02-26,Yes
6018,Kiran Kumar,member6018@example.com,9706549985,39,Female,Guntur,Regular,2022-06-05,Yes
2762,Ali Singh,member2762@example.com,9629392547,67,Female,Tirupati,Regular,2024-04-20,Yes
38607,Kiran Singh,member38607@example.com,9885238779,51,Female,Nellore,Regular,2023-12-18,Yes
7957,Ravi Rao,member7957@example.com,9918172497,63,Female,Anantapur,Silver,2021-11-10,No
22803,Divya Yadav,member22803@example.com,9212334276,59,Female,Tirupati,Regular,2021-01-26,Yes
18696,Ananya Das,member18696@example.com,9597168320,42,Male,Hyderabad,Silver,2023-03-07,Yes
21791,Varun Reddy,member21791@example.com,9668647334,52,Male,Tirupati,Silver,2019-03-21,No
24040,John Das,member24040@example.com,9448585127,39,Male,Kadapa,Gold,2022-01-30,Yes
9208,Ali Singh,member9208@example.com,9593904666,46,Female,Tirupati,Gold,2025-10-03,Yes
22476,Varun Rao,member22476@example.com,9103445183,41,Male,Chennai,Platinum,2019-01-28,Yes
11403,Ananya Yadav,member11403@example.com,9785838409,57,Female,Guntur,Silver,2024-08-12,Yes
14360,Vikram Gupta,member14360@example.com,9320633940,58,Male,Bengaluru,Silver,2024-09-14,Yes
36679,Varun Patel,member36679@example.com,9253912971,64,Female,Vijayawada,Platinum,2018-08-04,Yes
35639,Manoj Babu,member35639@example.com,9145501174,31,Female,Hyderabad,Regular,2025-12-03,No
40820,Meena Naidu,member40820@example.com,9562777376,34,Male,Anantapur,Regular,2025-02-05,No
17833,Sahil Reddy,member17833@example.com,9696492514,34,Male,Hyderabad,Platinum,2020-08-23,Yes
19768,Neha Sharma,member19768@example.com,9698173356,39,Male,Kadapa,Silver,2019-07-09,Yes
26841,Sahil Das,member26841@example.com,9732027955,20,Male,Nellore,Silver,2021-07-30,No
22894,Ananya Babu,member22894@example.com,9158835836,28,Female,Anantapur,Regular,2025-05-10,Yes
24903,Neha Sharma,member24903@example.com,9477808026,63,Male,Chennai,Silver,2022-02-17,Yes
27112,Manoj Patel,member27112@example.com,9544762862,44,Male,Guntur,Gold,2024-05-14,Yes
46409,Imran Sharma,member46409@example.com,9761053663,35,Other,Nellore,Platinum,2025-05-05,Yes
37577,John Gupta,member37577@example.com,9315184648,67,Male,Tirupati,Regular,2021-01-21,Yes
42539,Priya Patel,member42539@example.com,9195209694,25,Female,Vijayawada,Gold,2026-03-27,Yes
42251,Kiran Singh,member42251@example.com,9184511034,55,Female,Chennai,Regular,2022-01-02,Yes
29624,Ravi Kumar,member29624@example.com,9376916146,58,Male,Nellore,Gold,2021-07-24,Yes
21698,Rahul Sharma,member21698@example.com,9599594362,18,Female,Tirupati,Silver,2020-04-16,Yes
10878,Ali Babu,member10878@example.com,9576121942,49,Female,Vijayawada,Silver,2018-02-13,Yes
28188,Kiran Patel,member28188@example.com,9390743036,55,Male,Tirupati,Silver,2024-12-21,Yes
35550,Imran Verma,member35550@example.com,9296749139,63,Female,Kurnool,Silver,2020-07-26,Yes
12893,Ali Singh,member12893@example.com,9711826508,25,Female,Guntur,Regular,2024-01-10,Yes
45998,Aditya Gupta,member45998@example.com,9631214160,62,Male,Kadapa,Silver,2018-12-04,No
27335,Aditya Khan,member27335@example.com,9787103477,25,Female,Kurnool,Silver,2023-08-23,Yes
20337,Rahul Khan,member20337@example.com,9380531031,46,Female,Chennai,Silver,2023-05-01,Yes
40104,Varun Khan,member40104@example.com,9213539436,18,Male,Nellore,Regular,2021-07-16,Yes
2706,Manoj Verma,member2706@example.com,9609492671,33,Female,Vijayawada,Regular,2021-12-24,Yes
30444,Vikram Verma,member30444@example.com,9101908757,23,Male,Kadapa,Regular,2023-08-01,Yes
28393,Pooja Rao,member28393@example.com,9726403231,18,Male,Anantapur,Regular,2019-12-21,Yes
45452,Divya Singh,member45452@example.com,9304621291,54,Male,Kurnool,Silver,2026-05-01,No
33226,Aditya Yadav,member33226@example.com,9409562781,34,Female,Anantapur,Gold,2025-02-08,No
31150,Divya Yadav,member31150@example.com,9613793411,68,Male,Nellore,Regular,2022-09-19,Yes
26707,John Sharma,member26707@example.com,9928460594,32,Female,Hyderabad,Gold,2020-04-06,Yes
28436,Ayesha Rao,member28436@example.com,9418012142,62,Male,Tirupati,Silver,2025-07-22,Yes
20223,Imran Das,member20223@example.com,9492915398,63,Female,Hyderabad,Gold,2023-05-09,Yes
43387,Ayesha Gupta,member43387@example.com,9416278474,42,Other,Tirupati,Silver,2026-08-12,Yes
35227,Pooja Singh,member35227@example.com,9977111270,54,Male,Hyderabad,Regular,2019-12-15,Yes
46523,Sahil Naidu,member46523@example.com,9742744500,62,Female,Kadapa,Regular,2023-02-11,Yes
23243,Sneha Gupta,member23243@example.com,9388226195,37,Female,Hyderabad,Regular,2026-02-04,No
23606,Ananya Naidu,member23606@example.com,9953352553,30,Female,Kadapa,Gold,2024-05-15,Yes
33740,Meena Gupta,member33740@example.com,9752925621,66,Male,Hyderabad,Silver,2020-09-16,Yes
22544,Arjun Kumar,member22544@example.com,9952006736,62,Male,Kurnool,Regular,2025-08-27,Yes
30900,Pooja Gupta,member30900@example.com,9210844911,28,Female,Tirupati,Regular,2022-11-23,Yes
33888,Pooja Naidu,member33888@example.com,9577302146,39,Female,Kurnool,Silver,2022-12-22,Yes
22549,Divya Khan,member22549@example.com,9822580241,53,Male,Kurnool,Regular,2026-01-23,Yes
36052,Aditya Rao,member36052@example.com,9490419987,69,Female,Vijayawada,Regular,2023-11-17,Yes
21238,Ali Khan,member21238@example.com,9915400875,65,Male,Kurnool,Regular,2025-01-15,Yes
35917,Neha Gupta,member35917@example.com,9639929440,50,Male,Bengaluru,Regular,2020-12-13,Yes
31157,John Sharma,member31157@example.com,9174002489,47,Male,Nellore,Gold,2024-12-16,Yes
43308,Manoj Kumar,member43308@example.com,9532846717,22,Male,Tirupati,Regular,2023-11-15,Yes
36017,Pooja Khan,member36017@example.com,9758469137,34,Female,Bengaluru,Regular,2023-06-09,Yes
27362,Pooja Naidu,member27362@example.com,9156982105,45,Female,Kurnool,Gold,2021-11-03,Yes
10677,Neha Rao,member10677@example.com,9883211200,57,Male,Nellore,Silver,2021-11-07,Yes
37794,Imran Kumar,member37794@example.com,9274703072,40,Male,Hyderabad,Gold,2024-03-11,Yes
18573,Manoj Verma,member18573@example.com,9711678690,28,Female,Bengaluru,Platinum,2018-06-17,Yes
30569,Varun Verma,member30569@example.com,9127457529,47,Male,Kurnool,Regular,2023-04-10,Yes
25336,Ananya Mishra,member25336@example.com,9993284976,70,Female,Hyderabad,Regular,2019-02-11,No
37675,Kiran Sharma,member37675@example.com,9666960089,37,Female,Kadapa,Regular,2024-02-23,No
40959,Ananya Patel,member40959@example.com,9330998989,27,Female,Vijayawada,Gold,2023-05-31,No
46217,Vikram Patel,member46217@example.com,9500801248,44,Male,Vijayawada,Regular,2024-06-14,Yes
27904,Manoj Khan,member27904@example.com,9401204700,47,Male,Bengaluru,Silver,2021-12-14,No
2361,Vikram Das,member2361@example.com,9411524438,44,Male,Hyderabad,Regular,2018-07-31,Yes
25979,Arjun Singh,member25979@example.com,9170783139,61,Male,Nellore,Gold,2024-08-25,Yes
36951,Arjun Yadav,member36951@example.com,9126441422,31,Female,Guntur,Regular,2020-11-18,No
21727,Imran Singh,member21727@example.com,9151133887,40,Female,Tirupati,Regular,2022-04-14,Yes
35390,Neha Das,member35390@example.com,9214749911,20,Female,Anantapur,Regular,2026-08-14,Yes
39021,Rahul Rao,member39021@example.com,9376622775,56,Female,Kadapa,Regular,2025-09-10,Yes
23415,John Khan,member23415@example.com,9187510023,22,Female,Guntur,Regular,2021-08-15,Yes
26633,Varun Verma,member26633@example.com,9248989031,27,Female,Guntur,Gold,2023-07-08,Yes
26531,Divya Yadav,member26531@example.com,9708183442,49,Male,Kurnool,Regular,2024-11-16,Yes
24552,Sneha Kumar,member24552@example.com,9605993992,25,Male,Anantapur,Platinum,2018-11-10,Yes
20857,Divya Khan,member20857@example.com,9931715521,70,Male,Kurnool,Regular,2024-10-06,Yes
39210,Arjun Reddy,member39210@example.com,9899549357,34,Male,Kadapa,Regular,2024-01-26,No
38679,Sahil Patel,member38679@example.com,9517815957,33,Female,Guntur,Regular,2021-12-08,Yes
31773,Divya Das,member31773@example.com,9942883210,41,Female,Hyderabad,Silver,2024-07-18,Yes
12638,Kiran Das,member12638@example.com,9978642378,18,Female,Guntur,Silver,2023-01-14,Yes
31791,Meena Verma,member31791@example.com,9243124727,29,Female,Bengaluru,Silver,2023-03-21,Yes
47359,Divya Mishra,member47359@example.com,9133381936,41,Male,Nellore,Regular,2023-07-20,No
36686,Neha Babu,member36686@example.com,9579714081,67,Female,Kurnool,Regular,2018-05-16,Yes
21273,Neha Babu,member21273@example.com,9991757078,65,Male,Tirupati,Regular,2018-06-25,Yes
44383,Pooja Das,member44383@example.com,9487156151,68,Male,Kadapa,Platinum,2026-04-09,Yes
43510,Vikram Sharma,member43510@example.com,9339219318,57,Male,Kadapa,Regular,2019-03-29,Yes
20138,Kiran Das,member20138@example.com,9666245580,43,Other,Chennai,Platinum,2023-10-11,Yes
39364,John Babu,member39364@example.com,9867719767,25,Female,Vijayawada,Silver,2020-07-28,Yes
2175,Neha Singh,member2175@example.com,9579442324,62,Male,Guntur,Regular,2020-04-17,No
7636,Ali Babu,member7636@example.com,9480762576,48,Other,Hyderabad,Regular,2025-08-23,No
40170,Sneha Singh,member40170@example.com,9393099125,55,Female,Hyderabad,Silver,2023-10-06,Yes
45289,Sahil Singh,member45289@example.com,9956124819,63,Female,Kadapa,Silver,2023-07-25,No
2056,Sneha Singh,member2056@example.com,9732209037,30,Female,Anantapur,Platinum,2024-12-19,Yes
24714,Ali Reddy,member24714@example.com,9218996525,45,Male,Tirupati,Silver,2021-08-22,Yes
46703,Sahil Khan,member46703@example.com,9643954511,50,Female,Bengaluru,Regular,2020-01-16,Yes
23064,Aditya Yadav,member23064@example.com,9105034801,22,Female,Vijayawada,Platinum,2021-07-23,Yes
41696,Priya Naidu,member41696@example.com,9968502396,56,Male,Guntur,Gold,2024-05-07,Yes
6414,Vikram Khan,member6414@example.com,9573716164,69,Female,Bengaluru,Regular,2026-08-29,No
37503,Divya Yadav,member37503@example.com,9167382171,22,Female,Chennai,Silver,2025-06-20,Yes
8041,Rahul Naidu,member8041@example.com,9304940745,65,Female,Kurnool,Silver,2018-07-19,Yes
26230,Divya Yadav,member26230@example.com,9532006831,48,Male,Anantapur,Regular,2018-01-30,No
3426,Meena Gupta,member3426@example.com,9792324549,66,Female,Kurnool,Gold,2025-11-18,Yes
46732,Imran Singh,member46732@example.com,9431228674,60,Female,Nellore,Silver,2023-07-05,Yes
38683,Ayesha Babu,member38683@example.com,9924208020,67,Male,Guntur,Regular,2018-05-12,Yes
36951,Arjun Yadav,member36951@example.com,9126441422,31,Female,Guntur,Regular,2020-11-18,No
11070,John Naidu,member11070@example.com,9726815405,27,Female,Bengaluru,Regular,2025-02-24,No
44451,Aditya Das,member44451@example.com,9736609367,59,Female,Anantapur,Regular,2022-03-31,Yes
45150,Divya Verma,member45150@example.com,9192931522,24,Male,Kurnool,Platinum,2021-01-22,Yes
24840,Ravi Babu,member24840@example.com,9289102728,34,Male,Hyderabad,Regular,2024-08-22,Yes
28169,Sneha Kumar,member28169@example.com,9327140985,69,Male,Guntur,Gold,2018-11-29,No
24591,Pooja Rao,member24591@example.com,9384780521,36,Male,Chennai,Silver,2024-07-05,Yes
46947,Ravi Singh,member46947@example.com,9876763664,47,Female,Chennai,Regular,2025-02-23,Yes
27163,Ayesha Das,member27163@example.com,9607705335,35,Female,Anantapur,Regular,2023-10-31,No
32777,Ayesha Reddy,member32777@example.com,9413051511,61,Male,Nellore,Regular,2023-11-27,Yes
42452,Aditya Gupta,member42452@example.com,9553899208,58,Female,Kadapa,Regular,2026-06-11,Yes
38687,Varun Babu,member38687@example.com,9121428877,34,Female,Tirupati,Gold,2020-04-03,Yes
32565,Priya Khan,member32565@example.com,9368990795,61,Female,Tirupati,Platinum,2021-07-23,Yes
21086,Ravi Gupta,member21086@example.com,9816310899,30,Male,Bengaluru,Regular,2023-07-31,Yes
28202,Imran Babu,member28202@example.com,9610698068,36,Female,Bengaluru,Silver,2019-02-03,Yes
44111,Meena Gupta,member44111@example.com,9146896489,24,Female,Kadapa,Regular,2021-07-23,Yes
29200,John Naidu,member29200@example.com,9353129916,45,Female,Vijayawada,Regular,2025-02-27,Yes
40098,Sneha Patel,member40098@example.com,9582566650,44,Female,Anantapur,Regular,2025-01-17,Yes
12605,Meena Sharma,member12605@example.com,9807068703,33,Male,Chennai,Gold,2019-11-23,Yes
28410,Kiran Patel,member28410@example.com,9531792068,30,Male,Nellore,Gold,2022-11-24,Yes
46153,Ayesha Das,member46153@example.com,9671011629,27,Male,Anantapur,Regular,2018-08-02,No
15357,Manoj Naidu,member15357@example.com,9939470665,67,Female,Anantapur,Gold,2021-03-01,Yes
40246,Sneha Yadav,member40246@example.com,9597157987,66,Other,Guntur,Silver,2018-12-14,Yes
35391,Sahil Reddy,member35391@example.com,9924249178,64,Female,Kurnool,Gold,2024-01-10,Yes
45939,Vikram Kumar,member45939@example.com,9398118217,70,Female,Nellore,Gold,2018-08-30,Yes
20648,Arjun Sharma,member20648@example.com,9652161145,29,Male,Hyderabad,Silver,2022-06-14,Yes
15072,Vikram Reddy,member15072@example.com,9178514775,48,Male,Nellore,Regular,2018-02-02,Yes
36652,Arjun Naidu,member36652@example.com,9179347906,69,Male,Chennai,Regular,2024-03-07,Yes
29619,Meena Gupta,member29619@example.com,9325352370,36,Male,Vijayawada,Regular,2025-01-13,Yes
32438,Ali Verma,member32438@example.com,9112567337,30,Female,Chennai,Regular,2022-06-30,Yes
16073,Vikram Reddy,member16073@example.com,9335032783,31,Female,Tirupati,Regular,2018-03-01,Yes
28551,Divya Patel,member28551@example.com,9178883310,45,Male,Anantapur,Regular,2023-07-06,Yes
45878,Pooja Gupta,member45878@example.com,9788750581,57,Female,Kadapa,Regular,2023-02-07,No
22645,Ayesha Yadav,member22645@example.com,9839554329,45,Female,Nellore,Regular,2024-07-19,Yes
40834,Meena Mishra,member40834@example.com,9462224266,22,Male,Kurnool,Regular,2021-04-14,Yes
38318,Ananya Khan,member38318@example.com,9279874985,44,Female,Guntur,Silver,2024-01-23,Yes
21906,Pooja Reddy,member21906@example.com,9384178828,33,Female,Tirupati,Silver,2019-11-18,Yes
19470,Meena Singh,member19470@example.com,9955997840,23,Male,Anantapur,Regular,2023-12-23,No
32743,Sneha Kumar,member32743@example.com,9655758998,52,Male,Nellore,Gold,2019-07-09,Yes
28172,Sahil Khan,member28172@example.com,9953860285,23,Female,Guntur,Regular,2025-10-18,Yes
12951,Kiran Mishra,member12951@example.com,9869188004,24,Male,Chennai,Gold,2021-07-04,Yes
28856,Sahil Kumar,member28856@example.com,9180443961,51,Female,Kurnool,Gold,2021-11-04,Yes
6348,John Naidu,member6348@example.com,9453463038,59,Female,Nellore,Regular,2021-04-09,Yes
35349,Ayesha Babu,member35349@example.com,9296593134,24,Female,Tirupati,Gold,2023-02-20,Yes
29309,Ayesha Singh,member29309@example.com,9487010314,20,Female,Guntur,Gold,2023-10-26,Yes
12888,Rahul Rao,member12888@example.com,9581217384,50,Male,Kadapa,Regular,2020-08-07,No
10658,Divya Patel,member10658@example.com,9683317094,36,Male,Guntur,Regular,2024-03-01,Yes
24302,Neha Verma,member24302@example.com,9202512530,27,Male,Hyderabad,Gold,2022-05-26,Yes
37089,Ali Rao,member37089@example.com,9846896360,61,Female,Anantapur,Regular,2025-04-22,No
36335,Aditya Verma,member36335@example.com,9512157153,25,Male,Kurnool,Gold,2020-03-26,No
35574,John Rao,member35574@example.com,9849568819,68,Female,Bengaluru,Regular,2019-10-20,Yes
22497,Neha Patel,member22497@example.com,9848052573,23,Male,Anantapur,Regular,2021-07-12,Yes
46536,Ayesha Gupta,member46536@example.com,9693616078,53,Male,Kadapa,Regular,2018-01-28,Yes
42061,Varun Verma,member42061@example.com,9573192105,26,Female,Hyderabad,Regular,2019-11-15,Yes
25130,Ananya Kumar,member25130@example.com,9794818265,19,Male,Chennai,Regular,2018-12-30,Yes
32039,Imran Sharma,member32039@example.com,9116390521,48,Female,Vijayawada,Gold,2024-11-15,No
22091,Vikram Das,member22091@example.com,9856729307,28,Female,Nellore,Regular,2018-08-30,Yes
46498,Ayesha Singh,member46498@example.com,9567371367,18,Other,Nellore,Platinum,2018-07-01,Yes
24677,Manoj Mishra,member24677@example.com,9582623296,60,Male,Chennai,Regular,2021-08-08,Yes
45245,Priya Gupta,member45245@example.com,9688782828,65,Male,Nellore,Regular,2022-02-24,Yes
25140,Ravi Mishra,member25140@example.com,9900276827,36,Female,Anantapur,Regular,2026-05-25,Yes
38336,Rahul Das,member38336@example.com,9869518262,60,Female,Guntur,Regular,2025-05-21,Yes
39298,Divya Naidu,member39298@example.com,9120510587,39,Male,Nellore,Silver,2024-10-22,Yes
33151,Manoj Sharma,member33151@example.com,9211823967,27,Male,Vijayawada,Gold,2022-10-23,Yes
25439,Divya Yadav,member25439@example.com,9635678313,70,Female,Chennai,Regular,2025-09-22,Yes
13710,Ravi Babu,member13710@example.com,9289437104,52,Male,Vijayawada,Silver,2022-06-24,No
32121,Neha Naidu,member32121@example.com,9609455408,64,Male,Kadapa,Regular,2020-04-02,No
34497,Ravi Kumar,member34497@example.com,9102328125,60,Male,Vijayawada,Regular,2018-08-12,No
44159,Kiran Babu,member44159@example.com,9326720445,33,Male,Chennai,Gold,2024-06-11,Yes
39837,Ayesha Das,member39837@example.com,9972574367,65,Female,Chennai,Silver,2025-02-14,Yes
32642,Pooja Singh,member32642@example.com,9759608746,55,Male,Chennai,Gold,2018-12-01,Yes
38682,Priya Mishra,member38682@example.com,9518061114,29,Female,Tirupati,Regular,2023-04-21,Yes
22981,Priya Verma,member22981@example.com,9371083494,38,Male,Bengaluru,Silver,2025-12-10,Yes
40874,Divya Naidu,member40874@example.com,9288728670,58,Female,Chennai,Regular,2024-08-18,Yes
44301,Neha Reddy,member44301@example.com,9827504424,20,Female,Nellore,Platinum,2020-09-02,Yes
36316,Pooja Verma,member36316@example.com,9751987585,40,Male,Kadapa,Regular,2024-08-07,Yes
23984,Pooja Gupta,member23984@example.com,9123582676,53,Male,Kadapa,Gold,2025-04-05,Yes
41890,Vikram Khan,member41890@example.com,9663815225,36,Male,Kadapa,Platinum,2026-04-30,No
43123,Ananya Mishra,member43123@example.com,9639975571,21,Male,Anantapur,Regular,2024-10-25,Yes
29202,Pooja Mishra,member29202@example.com,9146571608,48,Male,Nellore,Gold,2022-06-16,Yes
16175,Priya Rao,member16175@example.com,9427240549,51,Female,Tirupati,Regular,2022-08-02,Yes
32045,Neha Reddy,member32045@example.com,9652333662,59,Male,Kadapa,Regular,2026-07-04,Yes
28582,Manoj Kumar,member28582@example.com,9400317416,55,Female,Kadapa,Regular,2019-02-21,Yes
647,Aditya Verma,member647@example.com,9130757106,62,Female,Guntur,Regular,2024-06-06,No
6737,Rahul Yadav,member6737@example.com,9256254281,49,Female,Nellore,Regular,2023-10-30,Yes
32254,Ali Das,member32254@example.com,9402701428,56,Male,Hyderabad,Regular,2020-02-27,Yes
47349,Rahul Yadav,member47349@example.com,9151356187,65,Female,Guntur,Regular,2024-12-28,No
40005,Ali Sharma,member40005@example.com,9306182026,33,Male,Hyderabad,Gold,2019-12-01,Yes
30696,Vikram Das,member30696@example.com,9115530803,43,Female,Nellore,Silver,2021-09-02,Yes
21915,Ayesha Kumar,member21915@example.com,9346149300,64,Female,Anantapur,Regular,2025-07-20,Yes
41505,Imran Naidu,member41505@example.com,9622153209,49,Female,Anantapur,Regular,2021-11-11,No
34662,Sahil Verma,member34662@example.com,9547809729,46,Male,Hyderabad,Gold,2018-07-22,Yes
19070,Aditya Das,member19070@example.com,9818098889,47,Female,Tirupati,Regular,2019-06-04,Yes
32866,Sneha Khan,member32866@example.com,9468606922,49,Female,Bengaluru,Silver,2021-09-29,Yes
44554,John Yadav,member44554@example.com,9525200115,46,Male,Guntur,Platinum,2024-03-30,No
47132,Ali Reddy,member47132@example.com,9771471557,21,Male,Bengaluru,Silver,2025-07-06,No
23991,John Singh,member23991@example.com,9293568990,56,Female,Anantapur,Silver,2019-05-16,No
38429,Divya Babu,member38429@example.com,9452664278,63,Male,Bengaluru,Regular,2018-08-12,Yes
36927,Arjun Yadav,member36927@example.com,9389443872,31,Female,Chennai,Silver,2021-07-21,Yes
32620,Aditya Sharma,member32620@example.com,9568693792,65,Male,Kadapa,Regular,2020-11-04,Yes
40334,Sneha Verma,member40334@example.com,9231403746,38,Male,Bengaluru,Gold,2025-10-25,Yes
6851,Arjun Reddy,member6851@example.com,9510600450,56,Female,Tirupati,Regular,2021-04-17,Yes
23163,Sneha Kumar,member23163@example.com,9968645445,41,Female,Bengaluru,Silver,2024-12-31,Yes
21492,Sahil Yadav,member21492@example.com,9333070349,31,Female,Hyderabad,Regular,2026-04-23,Yes
28069,Rahul Mishra,member28069@example.com,9752670361,35,Male,Hyderabad,Regular,2022-01-22,No
8414,Imran Khan,member8414@example.com,9416332038,20,Male,Guntur,Gold,2019-05-30,Yes
30133,Arjun Singh,member30133@example.com,9535859422,39,Female,Chennai,Regular,2019-07-20,No
25779,Rahul Verma,member25779@example.com,9299413880,48,Female,Vijayawada,Regular,2022-04-15,Yes
9243,Divya Rao,member9243@example.com,9639611808,55,Female,Anantapur,Silver,2018-07-22,Yes
13076,Divya Das,member13076@example.com,9126931559,51,Female,Chennai,Silver,2026-05-14,Yes
46849,Vikram Reddy,member46849@example.com,9261641932,52,Female,Guntur,Silver,2020-03-09,Yes
12422,Ravi Mishra,member12422@example.com,9800139941,33,Female,Anantapur,Regular,2023-12-14,No
18599,Meena Sharma,member18599@example.com,9470800389,60,Male,Hyderabad,Regular,2022-01-19,No
40621,Ali Rao,member40621@example.com,9487815327,60,Male,Guntur,Silver,2019-08-23,Yes
22123,Arjun Yadav,member22123@example.com,9198099604,64,Female,Bengaluru,Regular,2024-10-18,Yes
35236,Neha Gupta,member35236@example.com,9842831939,63,Female,Bengaluru,Regular,2019-04-06,Yes
45971,Kiran Das,member45971@example.com,9411869447,62,Male,Bengaluru,Regular,2020-09-19,Yes
32056,Sahil Yadav,member32056@example.com,9918890252,65,Male,Kadapa,Silver,2023-08-01,Yes
24925,John Kumar,member24925@example.com,9715719444,49,Female,Kurnool,Regular,2022-11-25,No
35390,Neha Das,member35390@example.com,9214749911,20,Female,Anantapur,Regular,2026-08-14,Yes
29838,Ali Rao,member29838@example.com,9766398529,19,Male,Vijayawada,Gold,2019-10-05,Yes
25688,Divya Kumar,member25688@example.com,9923701707,25,Male,Kadapa,Regular,2020-09-11,Yes
37460,John Gupta,member37460@example.com,9171077286,26,Male,Bengaluru,Regular,2022-10-17,No
20291,Arjun Babu,member20291@example.com,9504418249,62,Female,Hyderabad,Regular,2022-11-20,Yes
25794,Sahil Yadav,member25794@example.com,9191197767,57,Male,Nellore,Regular,2020-12-27,Yes
42072,Rahul Verma,member42072@example.com,9915968974,38,Male,Kadapa,Silver,2026-05-25,Yes
24011,Neha Gupta,member24011@example.com,9516287604,58,Female,Anantapur,Silver,2024-01-01,No
24146,Sneha Kumar,member24146@example.com,9994585293,46,Male,Tirupati,Silver,2025-06-15,No
10449,Pooja Rao,member10449@example.com,9469255907,22,Male,Nellore,Regular,2025-11-26,Yes
38947,Ayesha Sharma,member38947@example.com,9680995350,59,Female,Guntur,Silver,2024-06-27,Yes
1049,Sahil Singh,member1049@example.com,9198201321,60,Female,Kurnool,Silver,2018-04-02,Yes
29303,Pooja Mishra,member29303@example.com,9541425197,50,Female,Kadapa,Silver,2021-02-11,Yes
3859,Sahil Singh,member3859@example.com,9211682851,26,Male,Hyderabad,Regular,2021-05-14,Yes
25268,Pooja Das,member25268@example.com,9234846988,21,Female,Tirupati,Silver,2025-01-13,Yes
6101,Ravi Singh,member6101@example.com,9515720440,67,Male,Kurnool,Regular,2018-08-24,Yes
23114,Kiran Das,member23114@example.com,9716366464,21,Female,Vijayawada,Regular,2024-10-07,Yes
35961,Neha Das,member35961@example.com,9988060274,61,Female,Nellore,Regular,2018-06-09,Yes
28737,Ananya Rao,member28737@example.com,9729439182,31,Female,Vijayawada,Regular,2021-08-09,Yes
13078,Imran Khan,member13078@example.com,9114864114,68,Female,Vijayawada,Regular,2020-02-22,Yes
22733,Ali Kumar,member22733@example.com,9459316384,49,Male,Tirupati,Gold,2022-06-17,No
32286,Sneha Rao,member32286@example.com,9314840076,18,Male,Anantapur,Regular,2026-02-11,Yes
36693,Varun Verma,member36693@example.com,9273157950,25,Other,Vijayawada,Regular,2019-09-21,No
32642,Pooja Singh,member32642@example.com,9759608746,55,Male,Chennai,Gold,2018-12-01,Yes
33068,Pooja Patel,member33068@example.com,9541125627,46,Female,Guntur,Regular,2020-10-29,Yes
24453,Arjun Yadav,member24453@example.com,9727347474,53,Male,Nellore,Gold,2024-01-06,Yes
47441,Sneha Naidu,member47441@example.com,9840429957,20,Female,Anantapur,Silver,2019-04-14,Yes
42592,Rahul Verma,member42592@example.com,9418109280,70,Female,Tirupati,Regular,2021-03-01,Yes
1176,Manoj Patel,member1176@example.com,9525341419,41,Male,Anantapur,Regular,2021-05-29,Yes
23678,Neha Gupta,member23678@example.com,9123830743,27,Male,Nellore,Regular,2022-11-18,Yes
29941,Priya Sharma,member29941@example.com,9616505766,57,Female,Vijayawada,Gold,2021-12-31,No
42611,Ananya Reddy,member42611@example.com,9480503486,30,Male,Chennai,Regular,2025-11-27,Yes
4570,Aditya Yadav,member4570@example.com,9393235633,29,Female,Kadapa,Silver,2026-04-04,Yes
28654,Kiran Reddy,member28654@example.com,9239336140,44,Female,Kadapa,Platinum,2018-11-28,No
31627,Sneha Naidu,member31627@example.com,9679830586,24,Female,Guntur,Regular,2020-07-19,Yes
19634,Aditya Khan,member19634@example.com,9382735765,66,Male,Kadapa,Silver,2024-07-29,Yes
32594,Sahil Rao,member32594@example.com,9567436437,69,Male,Kurnool,Regular,2020-01-19,Yes
9124,Kiran Singh,member9124@example.com,9784311391,60,Male,Chennai,Platinum,2025-12-09,Yes
18359,Ananya Yadav,member18359@example.com,9507948024,65,Male,Vijayawada,Silver,2018-01-18,Yes
11307,Vikram Sharma,member11307@example.com,9861047473,33,Male,Nellore,Regular,2020-12-05,Yes
21452,Manoj Reddy,member21452@example.com,9230844850,53,Male,Kadapa,Regular,2021-04-12,Yes
14404,Neha Das,member14404@example.com,9387267185,18,Male,Kurnool,Regular,2020-06-02,Yes
37701,Divya Sharma,member37701@example.com,9185059913,28,Male,Nellore,Gold,2025-08-09,Yes
39590,Manoj Verma,member39590@example.com,9696689667,59,Male,Guntur,Regular,2021-10-19,No
29995,Priya Mishra,member29995@example.com,9593314102,18,Female,Hyderabad,Regular,2022-11-30,No
32438,Ali Verma,member32438@example.com,9112567337,30,Female,Chennai,Regular,2022-06-30,Yes
46837,Pooja Rao,member46837@example.com,9487728398,69,Male,Anantapur,Regular,2024-09-06,Yes
18784,Vikram Verma,member18784@example.com,9870429411,36,Male,Tirupati,Gold,2019-03-12,Yes
13702,Ravi Mishra,member13702@example.com,9964684290,51,Female,Kurnool,Gold,2020-04-28,Yes
42878,Priya Babu,member42878@example.com,9732440824,49,Other,Bengaluru,Gold,2019-07-11,No
32509,Kiran Reddy,member32509@example.com,9371986317,62,Male,Nellore,Gold,2023-02-02,No
16508,Pooja Kumar,member16508@example.com,9120171495,32,Female,Kadapa,Gold,2020-01-25,Yes
28032,John Babu,member28032@example.com,9694680497,55,Female,Tirupati,Silver,2025-03-19,Yes
32362,Varun Yadav,member32362@example.com,9282983712,45,Male,Vijayawada,Platinum,2024-03-19,Yes
19650,Sahil Gupta,member19650@example.com,9664114720,54,Male,Tirupati,Regular,2021-10-09,Yes
5206,Priya Khan,member5206@example.com,9780469887,69,Female,Kadapa,Gold,2018-05-09,Yes
32653,Manoj Singh,member32653@example.com,9673876631,28,Female,Bengaluru,Regular,2023-03-03,Yes
42527,Ali Patel,member42527@example.com,9140173632,40,Female,Tirupati,Regular,2020-11-02,Yes
10850,Varun Babu,member10850@example.com,9284650311,28,Male,Chennai,Platinum,2026-07-31,No
15613,Kiran Singh,member15613@example.com,9988442770,70,Female,Hyderabad,Gold,2024-06-04,Yes
29598,Sneha Verma,member29598@example.com,9765103879,60,Female,Kurnool,Regular,2022-11-24,Yes
6979,Sneha Gupta,member6979@example.com,9431001318,24,Male,Tirupati,Silver,2023-12-31,No
21221,Sneha Mishra,member21221@example.com,9975467826,49,Female,Tirupati,Gold,2023-01-05,Yes
41617,Meena Das,member41617@example.com,9612550677,30,Female,Hyderabad,Regular,2024-09-28,Yes
11196,Sahil Kumar,member11196@example.com,9309867654,37,Female,Chennai,Regular,2022-01-25,Yes
34154,Pooja Rao,member34154@example.com,9624128208,25,Female,Guntur,Regular,2021-06-16,Yes
26841,Sahil Das,member26841@example.com,9732027955,20,Male,Nellore,Silver,2021-07-30,No
28638,Sneha Naidu,member28638@example.com,9490914849,70,Male,Vijayawada,Silver,2022-12-28,Yes
41153,Sahil Khan,member41153@example.com,9495888797,70,Male,Anantapur,Regular,2025-07-14,Yes
27163,Ayesha Das,member27163@example.com,9607705335,35,Female,Anantapur,Regular,2023-10-31,No
30312,Sahil Kumar,member30312@example.com,9829301947,31,Female,Kadapa,Regular,2023-12-25,Yes
24276,Arjun Das,member24276@example.com,9166520650,39,Female,Tirupati,Regular,2025-01-02,Yes
20566,Imran Mishra,member20566@example.com,9180981311,63,Female,Chennai,Regular,2025-04-07,Yes
5876,Ayesha Patel,member5876@example.com,9304431482,28,Male,Vijayawada,Gold,2023-11-16,Yes
29598,Sneha Verma,member29598@example.com,9765103879,60,Female,Kurnool,Regular,2022-11-24,Yes
7127,Aditya Das,member7127@example.com,9204082665,42,Female,Tirupati,Regular,2019-10-14,Yes
31622,Neha Singh,member31622@example.com,9692359564,48,Female,Anantapur,Regular,2022-09-19,Yes
24146,Sneha Kumar,member24146@example.com,9994585293,46,Male,Tirupati,Silver,2025-06-15,No
45980,Divya Kumar,member45980@example.com,9708743866,45,Female,Kadapa,Regular,2026-01-19,Yes
579,Kiran Patel,member579@example.com,9286511046,24,Female,Hyderabad,Regular,2023-08-08,Yes
42600,Vikram Rao,member42600@example.com,9233333807,43,Female,Hyderabad,Silver,2023-03-04,Yes
13040,Ananya Khan,member13040@example.com,9581004869,21,Female,Kadapa,Platinum,2019-05-04,Yes
13921,Manoj Singh,member13921@example.com,9397524453,32,Female,Vijayawada,Regular,2024-03-27,Yes
42510,Sahil Singh,member42510@example.com,9584817083,24,Male,Kurnool,Regular,2023-04-23,Yes
12371,Sahil Kumar,member12371@example.com,9123390156,46,Female,Vijayawada,Platinum,2023-10-22,Yes
39895,Sahil Gupta,member39895@example.com,9519363415,65,Male,Hyderabad,Silver,2025-12-07,Yes
16687,Imran Mishra,member16687@example.com,9712877036,48,Female,Kurnool,Silver,2026-07-13,Yes
34400,Sneha Sharma,member34400@example.com,9620696876,61,Male,Bengaluru,Regular,2022-10-26,Yes
19014,Manoj Sharma,member19014@example.com,9984822677,36,Male,Guntur,Silver,2019-07-01,Yes
28913,Pooja Reddy,member28913@example.com,9483350256,53,Female,Nellore,Silver,2023-11-08,Yes
33685,Divya Rao,member33685@example.com,9140560819,54,Female,Chennai,Regular,2018-05-16,Yes
37089,Ali Rao,member37089@example.com,9846896360,61,Female,Anantapur,Regular,2025-04-22,No
32481,Ravi Sharma,member32481@example.com,9654444859,69,Male,Vijayawada,Regular,2023-10-28,Yes
34098,Varun Rao,member34098@example.com,9973644455,24,Female,Hyderabad,Regular,2023-06-29,Yes
23819,Priya Rao,member23819@example.com,9226468219,23,Male,Bengaluru,Regular,2020-05-12,Yes
31364,Ali Singh,member31364@example.com,9558486084,52,Male,Kadapa,Gold,2022-05-04,Yes
24944,Ravi Mishra,member24944@example.com,9372437308,57,Male,Nellore,Regular,2021-04-10,Yes
41188,Manoj Babu,member41188@example.com,9802605081,41,Male,Kurnool,Platinum,2021-03-21,No
30478,Vikram Patel,member30478@example.com,9393261326,59,Female,Tirupati,Regular,2019-09-15,Yes
23410,John Gupta,member23410@example.com,9889303053,45,Male,Chennai,Gold,2019-09-08,No
22476,Varun Rao,member22476@example.com,9103445183,41,Male,Chennai,Platinum,2019-01-28,Yes
23279,Ravi Sharma,member23279@example.com,9382721082,25,Female,Kurnool,Regular,2023-10-16,Yes
26600,John Rao,member26600@example.com,9347095857,26,Male,Kurnool,Regular,2025-09-18,Yes
9190,Divya Sharma,member9190@example.com,9725871190,28,Male,Kadapa,Gold,2025-01-18,Yes
45360,Ananya Kumar,member45360@example.com,9563206607,47,Female,Vijayawada,Silver,2025-04-30,Yes
22745,Kiran Patel,member22745@example.com,9221523277,62,Female,Tirupati,Silver,2022-11-03,Yes
24775,Ayesha Patel,member24775@example.com,9288542310,32,Female,Tirupati,Regular,2018-12-20,No
35727,Rahul Kumar,member35727@example.com,9260748789,60,Male,Hyderabad,Regular,2019-11-18,Yes
30305,Manoj Sharma,member30305@example.com,9734075243,38,Male,Tirupati,Silver,2019-09-02,Yes
35551,Sneha Kumar,member35551@example.com,9193075305,55,Male,Chennai,Gold,2025-12-06,Yes
39366,Aditya Reddy,member39366@example.com,9693695658,49,Male,Vijayawada,Regular,2021-04-06,No
22623,Aditya Gupta,member22623@example.com,9941447766,37,Male,Nellore,Silver,2025-11-20,No
28347,Imran Patel,member28347@example.com,9404093927,65,Male,Vijayawada,Regular,2018-09-04,Yes
35433,Varun Verma,member35433@example.com,9426303697,42,Male,Kurnool,Regular,2020-11-21,Yes
8571,Ananya Khan,member8571@example.com,9578978138,55,Female,Chennai,Regular,2022-08-17,Yes
44752,Arjun Yadav,member44752@example.com,9610089648,29,Female,Kadapa,Silver,2019-02-24,Yes
28519,Varun Singh,member28519@example.com,9715305447,48,Female,Kadapa,Regular,2023-11-14,Yes
14274,Imran Patel,member14274@example.com,9118960404,44,Male,Kadapa,Gold,2021-04-25,Yes
1986,Kiran Babu,member1986@example.com,9386475989,46,Other,Kadapa,Regular,2020-01-13,Yes
37593,Pooja Yadav,member37593@example.com,9278519139,42,Male,Guntur,Regular,2025-07-01,Yes
42794,Neha Mishra,member42794@example.com,9283829710,30,Male,Bengaluru,Gold,2022-03-01,Yes
26575,Ayesha Yadav,member26575@example.com,9133256393,37,Male,Kadapa,Regular,2025-03-29,Yes
33685,Divya Rao,member33685@example.com,9140560819,54,Female,Chennai,Regular,2018-05-16,Yes
28340,Ananya Rao,member28340@example.com,9705203215,53,Female,Kurnool,Regular,2018-07-01,No
24052,Kiran Yadav,member24052@example.com,9957922241,60,Female,Guntur,Regular,2021-08-08,Yes
27109,Ayesha Babu,member27109@example.com,9204586659,70,Female,Chennai,Regular,2019-03-09,Yes
10566,Imran Babu,member10566@example.com,9236501866,23,Female,Tirupati,Platinum,2022-05-25,Yes
28385,Varun Das,member28385@example.com,9780474030,52,Male,Anantapur,Silver,2024-11-09,Yes
43654,Sneha Mishra,member43654@example.com,9940413151,58,Female,Bengaluru,Silver,2019-03-20,Yes
36980,Ananya Verma,member36980@example.com,9276758405,50,Female,Guntur,Gold,2026-06-23,Yes
32771,John Kumar,member32771@example.com,9669105167,68,Female,Bengaluru,Regular,2019-07-09,Yes
30418,Priya Mishra,member30418@example.com,9826065152,47,Female,Hyderabad,Gold,2019-05-30,Yes
32739,Aditya Naidu,member32739@example.com,9763924837,66,Female,Hyderabad,Gold,2020-10-01,No
47356,Neha Yadav,member47356@example.com,9549601227,35,Female,Anantapur,Regular,2018-09-29,Yes
22683,Ayesha Rao,member22683@example.com,9393835125,20,Female,Kurnool,Regular,2025-08-17,Yes
40808,Neha Rao,member40808@example.com,9508945844,19,Female,Tirupati,Regular,2022-11-30,Yes
43118,Ali Khan,member43118@example.com,9954912690,70,Male,Tirupati,Regular,2024-04-10,Yes
24480,Sahil Verma,member24480@example.com,9611240604,24,Male,Guntur,Regular,2021-11-10,Yes
5698,Varun Khan,member5698@example.com,9374214574,36,Male,Kurnool,Gold,2025-11-30,Yes
36786,Kiran Patel,member36786@example.com,9273534461,63,Male,Hyderabad,Regular,2025-02-04,Yes
40566,Pooja Yadav,member40566@example.com,9816534967,25,Female,Nellore,Regular,2019-05-04,Yes
27635,Varun Verma,member27635@example.com,9763498079,63,Female,Nellore,Gold,2023-06-27,No
39194,Varun Khan,member39194@example.com,9108007587,52,Male,Nellore,Gold,2024-12-07,No
19002,Meena Patel,member19002@example.com,9138634922,68,Female,Guntur,Regular,2021-07-31,Yes
33722,Ayesha Patel,member33722@example.com,9127283541,21,Male,Kadapa,Silver,2023-06-20,Yes
35727,Rahul Kumar,member35727@example.com,9260748789,60,Male,Hyderabad,Regular,2019-11-18,Yes
23215,Meena Mishra,member23215@example.com,9289158685,48,Female,Kurnool,Regular,2022-04-21,Yes
3930,Priya Singh,member3930@example.com,9620682088,37,Male,Kurnool,Platinum,2023-04-09,Yes
20418,Ali Gupta,member20418@example.com,9993620303,48,Male,Nellore,Silver,2019-01-06,Yes
18054,Arjun Das,member18054@example.com,9211154941,67,Male,Nellore,Regular,2020-06-19,Yes
35227,Pooja Singh,member35227@example.com,9977111270,54,Male,Hyderabad,Regular,2019-12-15,Yes
27456,Ananya Yadav,member27456@example.com,9713740484,41,Female,Hyderabad,Gold,2023-04-18,Yes
34645,Imran Verma,member34645@example.com,9985880435,50,Female,Chennai,Regular,2025-01-03,No
30924,Ali Das,member30924@example.com,9393660604,56,Male,Hyderabad,Regular,2026-04-15,Yes
26683,Sneha Sharma,member26683@example.com,9559122358,25,Male,Nellore,Gold,2018-02-12,Yes
29562,Neha Gupta,member29562@example.com,9974525026,25,Female,Hyderabad,Regular,2026-06-23,Yes
46119,Ananya Verma,member46119@example.com,9730536009,24,Male,Chennai,Regular,2020-08-31,Yes
28385,Varun Das,member28385@example.com,9780474030,52,Male,Anantapur,Silver,2024-11-09,Yes
25066,Kiran Kumar,member25066@example.com,9282376110,23,Female,Chennai,Gold,2019-08-12,Yes
6970,Varun Babu,member6970@example.com,9987939162,18,Male,Hyderabad,Regular,2019-12-28,Yes
23572,Divya Khan,member23572@example.com,9118213984,50,Female,Nellore,Regular,2022-08-31,Yes
27852,Ravi Kumar,member27852@example.com,9329744606,66,Female,Hyderabad,Regular,2024-09-29,Yes
31598,Ayesha Das,member31598@example.com,9624444601,59,Female,Vijayawada,Regular,2023-04-09,Yes
32905,Imran Reddy,member32905@example.com,9800846762,37,Male,Bengaluru,Silver,2022-09-11,No
4216,Vikram Khan,member4216@example.com,9642556123,40,Male,Kurnool,Gold,2018-03-13,Yes
38913,Aditya Singh,member38913@example.com,9422709548,40,Female,Anantapur,Regular,2023-01-21,Yes
30533,John Kumar,member30533@example.com,9891920962,54,Male,Chennai,Gold,2024-12-31,Yes
32713,Imran Khan,member32713@example.com,9843786321,58,Female,Nellore,Regular,2024-09-02,Yes
37668,Meena Patel,member37668@example.com,9476280247,18,Female,Bengaluru,Silver,2025-05-08,Yes
42823,Sneha Singh,member42823@example.com,9409860241,27,Female,Guntur,Regular,2018-01-10,Yes
32743,Sneha Kumar,member32743@example.com,9655758998,52,Male,Nellore,Gold,2019-07-09,Yes
17682,Imran Sharma,member17682@example.com,9935726080,60,Female,Kurnool,Gold,2020-09-11,Yes
5011,Vikram Naidu,member5011@example.com,9891912470,33,Male,Chennai,Regular,2022-02-24,Yes
34047,Ravi Naidu,member34047@example.com,9605345824,32,Female,Hyderabad,Regular,2023-04-23,Yes
37538,Arjun Khan,member37538@example.com,9631813268,26,Female,Kadapa,Regular,2024-08-15,Yes
36596,Priya Singh,member36596@example.com,9674061796,35,Female,Kadapa,Regular,2021-08-28,Yes
24276,Arjun Das,member24276@example.com,9166520650,39,Female,Tirupati,Regular,2025-01-02,Yes
31451,Ayesha Yadav,member31451@example.com,9767186648,49,Female,Chennai,Gold,2021-07-31,Yes
29267,Varun Kumar,member29267@example.com,9793517240,70,Female,Hyderabad,Gold,2021-08-14,Yes
43651,Sneha Naidu,member43651@example.com,9688841963,44,Female,Nellore,Gold,2019-12-12,No
29721,Imran Patel,member29721@example.com,9524717672,58,Female,Tirupati,Regular,2023-07-16,Yes
41796,Meena Khan,member41796@example.com,9365106780,62,Male,Kurnool,Gold,2023-04-26,No
39677,Aditya Gupta,member39677@example.com,9397992928,58,Female,Guntur,Gold,2024-08-28,Yes
45991,Meena Naidu,member45991@example.com,9599992265,57,Male,Tirupati,Gold,2026-01-21,Yes
32469,Sahil Rao,member32469@example.com,9689953713,55,Male,Kadapa,Regular,2024-09-21,Yes
16799,Ananya Babu,member16799@example.com,9722298283,34,Other,Tirupati,Regular,2025-04-07,Yes
45976,Ali Gupta,member45976@example.com,9236368108,51,Male,Chennai,Silver,2020-04-22,Yes
31364,Ali Singh,member31364@example.com,9558486084,52,Male,Kadapa,Gold,2022-05-04,Yes
32820,Priya Rao,member32820@example.com,9549992288,68,Male,Guntur,Platinum,2018-01-15,Yes
29054,Rahul Naidu,member29054@example.com,9874111103,70,Female,Vijayawada,Silver,2020-03-28,No
34892,Pooja Rao,member34892@example.com,9158335440,61,Male,Nellore,Silver,2023-09-03,Yes
36092,Arjun Singh,member36092@example.com,9904018180,26,Female,Hyderabad,Regular,2019-05-23,No
1423,Pooja Singh,member1423@example.com,9792093108,20,Male,Bengaluru,Regular,2021-06-01,Yes
8900,Pooja Khan,member8900@example.com,9867569189,49,Female,Guntur,Gold,2022-12-10,Yes
24319,Varun Rao,member24319@example.com,9102521347,48,Female,Bengaluru,Regular,2022-07-12,Yes
34771,Priya Khan,member34771@example.com,9651627965,27,Female,Chennai,Regular,2025-12-23,Yes
24003,Varun Reddy,member24003@example.com,9119720087,20,Male,Anantapur,Gold,2018-01-22,Yes
44683,Vikram Patel,member44683@example.com,9555828937,59,Male,Hyderabad,Gold,2020-08-21,No
25226,Vikram Verma,member25226@example.com,9101625130,42,Male,Chennai,Silver,2024-04-20,Yes
26364,Kiran Khan,member26364@example.com,9695687242,49,Female,Guntur,Platinum,2018-03-04,Yes
32046,Manoj Reddy,member32046@example.com,9110762859,28,Female,Hyderabad,Regular,2023-03-11,Yes
5708,Kiran Yadav,member5708@example.com,9575168007,22,Male,Vijayawada,Gold,2025-11-24,Yes
34252,Sneha Das,member34252@example.com,9433079803,29,Female,Tirupati,Silver,2025-06-11,No
28219,Arjun Reddy,member28219@example.com,9285316193,64,Male,Guntur,Regular,2018-08-11,No
1013,Neha Singh,member1013@example.com,9622463224,70,Female,Anantapur,Regular,2020-10-02,Yes
32252,Sahil Verma,member32252@example.com,9889313125,59,Male,Bengaluru,Regular,2020-07-15,Yes
33331,Pooja Reddy,member33331@example.com,9974664905,61,Male,Anantapur,Regular,2023-09-07,Yes
35757,Ayesha Kumar,member35757@example.com,9160070690,33,Male,Kadapa,Gold,2023-10-02,No
20130,Ali Yadav,member20130@example.com,9166285283,21,Male,Vijayawada,Regular,2020-08-27,Yes
24944,Ravi Mishra,member24944@example.com,9372437308,57,Male,Nellore,Regular,2021-04-10,Yes
45596,Sahil Patel,member45596@example.com,9556114735,45,Male,Nellore,Regular,2019-06-12,Yes
23187,Sahil Reddy,member23187@example.com,9997888773,59,Female,Guntur,Regular,2026-03-13,Yes
22879,Vikram Singh,member22879@example.com,9479025608,35,Male,Chennai,Regular,2025-10-31,Yes
29092,Sahil Gupta,member29092@example.com,9596860718,39,Male,Chennai,Silver,2020-04-19,Yes
33080,Vikram Kumar,member33080@example.com,9276351208,66,Female,Chennai,Silver,2022-05-31,Yes
46498,Ayesha Singh,member46498@example.com,9567371367,18,Other,Nellore,Platinum,2018-07-01,Yes
32229,Ananya Das,member32229@example.com,9206335604,58,Male,Guntur,Platinum,2024-01-09,Yes
29709,Varun Sharma,member29709@example.com,9374900799,47,Male,Hyderabad,Gold,2026-03-14,Yes
41488,Neha Yadav,member41488@example.com,9666734234,59,Female,Kurnool,Regular,2018-01-25,Yes
24167,Ayesha Yadav,member24167@example.com,9285895844,68,Male,Nellore,Regular,2020-06-16,Yes
25572,Ali Yadav,member25572@example.com,9850205640,46,Female,Hyderabad,Regular,2024-12-28,Yes
22544,Arjun Kumar,member22544@example.com,9952006736,62,Male,Kurnool,Regular,2025-08-27,Yes
25081,Rahul Yadav,member25081@example.com,9186253670,66,Male,Guntur,Regular,2025-02-05,Yes
28517,Sneha Reddy,member28517@example.com,9206498198,55,Male,Kurnool,Regular,2019-12-28,Yes
25311,Divya Kumar,member25311@example.com,9143543763,48,Male,Guntur,Regular,2020-04-05,Yes
34497,Ravi Kumar,member34497@example.com,9102328125,60,Male,Vijayawada,Regular,2018-08-12,No
41916,Kiran Yadav,member41916@example.com,9703136721,50,Female,Tirupati,Platinum,2023-04-25,Yes
24751,Manoj Yadav,member24751@example.com,9467520078,58,Female,Anantapur,Regular,2021-08-18,Yes
29808,Divya Gupta,member29808@example.com,9231636829,34,Male,Chennai,Platinum,2018-05-16,Yes
44322,Neha Rao,member44322@example.com,9128703107,64,Male,Bengaluru,Regular,2022-03-04,Yes
30471,Ayesha Gupta,member30471@example.com,9264062127,20,Male,Kurnool,Regular,2018-05-02,Yes
40246,Sneha Yadav,member40246@example.com,9597157987,66,Other,Guntur,Silver,2018-12-14,Yes
7668,Kiran Sharma,member7668@example.com,9595872953,27,Female,Chennai,Regular,2026-06-07,Yes
38367,Meena Mishra,member38367@example.com,9481393260,67,Male,Kadapa,Gold,2023-05-02,No
2464,Vikram Babu,member2464@example.com,9432431296,36,Female,Kadapa,Regular,2021-05-12,No
682,Vikram Singh,member682@example.com,9622165155,36,Female,Hyderabad,Gold,2025-06-23,Yes
39157,Vikram Mishra,member39157@example.com,9753246595,51,Female,Tirupati,Regular,2024-03-25,No
38853,Ananya Patel,member38853@example.com,9504072984,66,Male,Nellore,Regular,2023-05-07,No
39489,Pooja Rao,member39489@example.com,9301075899,31,Female,Kadapa,Regular,2020-06-11,Yes
352,Manoj Singh,member352@example.com,9483483369,44,Female,Hyderabad,Regular,2024-09-06,Yes
18917,John Verma,member18917@example.com,9826333816,25,Male,Bengaluru,Regular,2025-05-24,Yes
36734,Sneha Kumar,member36734@example.com,9593753275,23,Female,Anantapur,Silver,2023-02-21,Yes
25268,Pooja Das,member25268@example.com,9234846988,21,Female,Tirupati,Silver,2025-01-13,Yes
40237,Aditya Patel,member40237@example.com,9413474090,53,Male,Guntur,Platinum,2026-03-20,Yes
24587,Meena Singh,member24587@example.com,9628079523,55,Male,Bengaluru,Regular,2019-09-08,Yes
13589,Imran Kumar,member13589@example.com,9568570866,36,Female,Bengaluru,Gold,2023-02-15,No
29835,Sneha Singh,member29835@example.com,9362350710,54,Male,Guntur,Silver,2026-08-13,Yes
43188,Kiran Mishra,member43188@example.com,9254667399,46,Male,Kadapa,Gold,2020-07-05,Yes
34968,Imran Babu,member34968@example.com,9352036694,52,Female,Tirupati,Gold,2025-01-09,No
43134,Ananya Mishra,member43134@example.com,9604859246,19,Male,Nellore,Platinum,2023-11-12,Yes
11439,Imran Reddy,member11439@example.com,9137774933,48,Female,Kurnool,Regular,2018-07-23,Yes
8239,John Patel,member8239@example.com,9143112536,47,Female,Nellore,Silver,2023-01-09,Yes
23618,Imran Rao,member23618@example.com,9545608116,46,Male,Anantapur,Silver,2018-09-30,No
1378,Meena Singh,member1378@example.com,9923366281,41,Male,Kurnool,Gold,2023-05-12,No
44738,Sneha Patel,member44738@example.com,9625348724,35,Female,Kurnool,Platinum,2018-12-18,Yes
41365,Neha Patel,member41365@example.com,9493911928,56,Male,Tirupati,Regular,2025-06-25,No
41094,Manoj Gupta,member41094@example.com,9843721710,43,Female,Vijayawada,Regular,2021-11-10,Yes
45883,Neha Babu,member45883@example.com,9746341854,64,Male,Vijayawada,Regular,2021-03-13,Yes
30969,Arjun Yadav,member30969@example.com,9922082568,42,Female,Nellore,Regular,2019-02-27,Yes
36533,Sneha Gupta,member36533@example.com,9532261202,70,Female,Guntur,Regular,2018-01-21,No
36531,Sahil Patel,member36531@example.com,9913597552,46,Female,Tirupati,Regular,2020-04-07,Yes
31946,Ravi Kumar,member31946@example.com,9543670200,35,Female,Bengaluru,Platinum,2023-11-16,Yes
36358,Ananya Kumar,member36358@example.com,9302139162,64,Male,Anantapur,Regular,2019-12-28,Yes
43832,Divya Babu,member43832@example.com,9265536835,55,Female,Tirupati,Platinum,2019-09-17,Yes
35604,Rahul Mishra,member35604@example.com,9628040699,30,Male,Tirupati,Regular,2023-07-17,Yes
16681,Imran Naidu,member16681@example.com,9372020067,68,Male,Nellore,Regular,2021-05-27,Yes
45282,Sneha Singh,member45282@example.com,9839729527,36,Female,Anantapur,Regular,2023-09-23,Yes
22623,Aditya Gupta,member22623@example.com,9941447766,37,Male,Nellore,Silver,2025-11-20,No
21764,Divya Gupta,member21764@example.com,9978335328,34,Male,Kadapa,Regular,2025-10-05,Yes
10080,Divya Das,member10080@example.com,9746799806,22,Female,Anantapur,Regular,2022-09-23,Yes
38679,Sahil Patel,member38679@example.com,9517815957,33,Female,Guntur,Regular,2021-12-08,Yes
22997,Sahil Reddy,member22997@example.com,9974756505,24,Female,Hyderabad,Silver,2022-04-23,Yes
21657,Vikram Verma,member21657@example.com,9607312809,43,Female,Tirupati,Silver,2021-07-02,Yes
28415,Meena Patel,member28415@example.com,9532319908,44,Male,Nellore,Silver,2024-06-26,No
37240,Arjun Reddy,member37240@example.com,9833876381,29,Male,Chennai,Silver,2025-11-22,No
33646,Manoj Reddy,member33646@example.com,9386636872,63,Male,Hyderabad,Gold,2024-02-04,Yes
19190,Meena Reddy,member19190@example.com,9218587602,25,Male,Kurnool,Silver,2025-01-30,Yes
33042,Ayesha Khan,member33042@example.com,9489993906,46,Female,Nellore,Regular,2024-01-28,Yes
31006,Pooja Verma,member31006@example.com,9519352391,47,Male,Tirupati,Silver,2020-01-31,Yes
39813,Kiran Gupta,member39813@example.com,9589468176,56,Female,Guntur,Silver,2021-01-14,Yes
25974,Manoj Singh,member25974@example.com,9989518949,32,Male,Bengaluru,Silver,2022-05-18,Yes
45069,Neha Kumar,member45069@example.com,9313465386,24,Female,Anantapur,Silver,2023-01-22,No
35496,Imran Verma,member35496@example.com,9482454499,57,Male,Hyderabad,Regular,2022-12-27,Yes
46535,Arjun Babu,member46535@example.com,9887407155,26,Male,Anantapur,Regular,2022-02-26,No
4520,Ananya Babu,member4520@example.com,9938899906,42,Female,Bengaluru,Regular,2020-01-25,Yes
27166,Ravi Yadav,member27166@example.com,9453781208,21,Male,Guntur,Platinum,2023-07-21,Yes
25095,John Das,member25095@example.com,9980228039,59,Male,Hyderabad,Regular,2026-04-22,No
26377,Vikram Babu,member26377@example.com,9744232940,22,Male,Tirupati,Regular,2024-02-28,Yes
7545,John Babu,member7545@example.com,9425871515,28,Male,Bengaluru,Regular,2020-04-20,Yes
42019,Arjun Babu,member42019@example.com,9378386345,43,Male,Anantapur,Gold,2021-10-26,No
33955,John Rao,member33955@example.com,9553152122,40,Female,Vijayawada,Regular,2020-01-07,Yes
8490,Neha Kumar,member8490@example.com,9569058986,69,Female,Tirupati,Regular,2023-04-22,Yes
40510,Varun Das,member40510@example.com,9536980297,37,Male,Chennai,Regular,2018-05-20,No
6833,Sneha Singh,member6833@example.com,9716447170,33,Female,Anantapur,Regular,2026-06-27,Yes
46849,Vikram Reddy,member46849@example.com,9261641932,52,Female,Guntur,Silver,2020-03-09,Yes
42147,Varun Patel,member42147@example.com,9535632924,24,Male,Nellore,Gold,2024-04-28,No
22068,Varun Verma,member22068@example.com,9220652950,21,Female,Chennai,Regular,2025-07-06,Yes
26359,Varun Singh,member26359@example.com,9265170630,37,Female,Bengaluru,Gold,2019-09-30,No
40952,Ananya Khan,member40952@example.com,9545351738,19,Female,Anantapur,Regular,2021-03-18,Yes
29866,Kiran Gupta,member29866@example.com,9316453953,67,Male,Hyderabad,Silver,2023-11-23,No
14355,Ayesha Rao,member14355@example.com,9548521293,46,Male,Bengaluru,Silver,2024-02-24,Yes
38282,Rahul Patel,member38282@example.com,9367819374,24,Male,Bengaluru,Regular,2019-04-01,Yes
1282,Ravi Patel,member1282@example.com,9377122996,48,Male,Tirupati,Regular,2018-06-12,Yes
20293,Divya Sharma,member20293@example.com,9798452121,24,Female,Nellore,Regular,2021-09-21,No
44383,Pooja Das,member44383@example.com,9487156151,68,Male,Kadapa,Platinum,2026-04-09,Yes
31438,Varun Kumar,member31438@example.com,9147305196,22,Female,Chennai,Silver,2019-04-11,No
38913,Aditya Singh,member38913@example.com,9422709548,40,Female,Anantapur,Regular,2023-01-21,Yes
43610,Neha Singh,member43610@example.com,9983129373,32,Male,Nellore,Regular,2019-10-29,Yes
6195,Pooja Khan,member6195@example.com,9394345767,20,Female,Bengaluru,Silver,2023-05-05,Yes
27559,Priya Babu,member27559@example.com,9475969911,39,Female,Guntur,Regular,2021-10-11,Yes
7687,Divya Kumar,member7687@example.com,9454062365,33,Female,Vijayawada,Regular,2023-05-14,No
32252,Sahil Verma,member32252@example.com,9889313125,59,Male,Bengaluru,Regular,2020-07-15,Yes
44009,Ravi Singh,member44009@example.com,9862336413,39,Female,Tirupati,Regular,2019-11-06,Yes
40415,Manoj Reddy,member40415@example.com,9493022319,69,Male,Chennai,Silver,2020-08-29,Yes
29202,Pooja Mishra,member29202@example.com,9146571608,48,Male,Nellore,Gold,2022-06-16,Yes
17875,John Mishra,member17875@example.com,9608009890,35,Female,Guntur,Gold,2019-02-14,Yes
40833,Rahul Rao,member40833@example.com,9328386705,43,Female,Kadapa,Regular,2020-01-16,Yes
16251,Sneha Das,member16251@example.com,9580043368,37,Male,Nellore,Regular,2023-12-10,Yes
28355,Aditya Gupta,member28355@example.com,9272221142,22,Female,Nellore,Regular,2025-06-08,No
13815,Divya Gupta,member13815@example.com,9178971956,22,Female,Nellore,Silver,2023-07-06,No
45916,Rahul Das,member45916@example.com,9322292749,38,Female,Kadapa,Regular,2026-05-09,Yes
42246,Sneha Naidu,member42246@example.com,9228493113,49,Female,Hyderabad,Gold,2026-06-01,Yes
45941,Priya Rao,member45941@example.com,9643732915,40,Female,Vijayawada,Silver,2018-02-26,Yes
41550,Ananya Patel,member41550@example.com,9578896452,37,Male,Kadapa,Regular,2026-03-12,Yes
28654,Kiran Reddy,member28654@example.com,9239336140,44,Female,Kadapa,Platinum,2018-11-28,No
45777,Ananya Singh,member45777@example.com,9598957326,53,Female,Kadapa,Regular,2018-11-08,Yes
25929,Ayesha Mishra,member25929@example.com,9968452154,23,Male,Hyderabad,Gold,2020-02-12,Yes
34573,Sneha Khan,member34573@example.com,9298920785,48,Female,Bengaluru,Regular,2024-02-13,Yes
28929,Meena Verma,member28929@example.com,9891730153,43,Female,Vijayawada,Regular,2018-08-02,Yes
3940,Imran Verma,member3940@example.com,9709217325,27,Female,Bengaluru,Regular,2021-02-20,No
38780,Aditya Verma,member38780@example.com,9733690890,66,Male,Guntur,Silver,2024-10-06,Yes
14681,Vikram Mishra,member14681@example.com,9459806584,37,Female,Anantapur,Regular,2026-03-04,Yes
45939,Vikram Kumar,member45939@example.com,9398118217,70,Female,Nellore,Gold,2018-08-30,Yes
29069,Sahil Reddy,member29069@example.com,9641141977,34,Male,Guntur,Silver,2023-08-02,Yes
7892,Imran Das,member7892@example.com,9268718083,37,Male,Bengaluru,Gold,2020-07-04,Yes
17203,Divya Babu,member17203@example.com,9679966702,50,Female,Guntur,Regular,2024-09-26,Yes
10640,Sneha Mishra,member10640@example.com,9755051525,27,Male,Hyderabad,Silver,2024-03-27,Yes
38712,Sneha Gupta,member38712@example.com,9691033802,21,Male,Chennai,Regular,2022-01-12,Yes
9027,Priya Reddy,member9027@example.com,9508018964,66,Female,Kadapa,Regular,2019-08-06,Yes
24728,Sahil Das,member24728@example.com,9981051170,45,Male,Kurnool,Silver,2022-04-16,No
36486,Manoj Babu,member36486@example.com,9445055336,18,Male,Vijayawada,Silver,2018-05-09,Yes
30797,Rahul Rao,member30797@example.com,9937179231,68,Male,Bengaluru,Gold,2022-03-22,Yes
41866,Ananya Khan,member41866@example.com,9110786841,22,Female,Nellore,Silver,2019-09-26,Yes
42390,Varun Mishra,member42390@example.com,9628610393,46,Female,Hyderabad,Gold,2023-08-01,Yes
14899,Sneha Rao,member14899@example.com,9964358165,42,Female,Guntur,Silver,2019-10-05,Yes
45902,Ayesha Patel,member45902@example.com,9570707652,39,Male,Kadapa,Regular,2024-06-27,Yes
36179,Pooja Yadav,member36179@example.com,9688475388,59,Male,Anantapur,Gold,2020-08-16,Yes
31065,Meena Gupta,member31065@example.com,9488761557,33,Female,Kadapa,Platinum,2025-07-31,Yes
29009,Divya Babu,member29009@example.com,9327644566,26,Male,Kadapa,Gold,2018-12-16,Yes
3212,Ananya Babu,member3212@example.com,9905805606,44,Female,Kurnool,Regular,2026-02-02,Yes
35467,Varun Das,member35467@example.com,9117900489,24,Male,Bengaluru,Silver,2018-06-02,Yes
41658,Varun Naidu,member41658@example.com,9792730628,33,Male,Guntur,Platinum,2026-01-13,Yes
31905,Rahul Rao,member31905@example.com,9748451821,45,Female,Tirupati,Regular,2021-06-12,Yes
39348,Pooja Kumar,member39348@example.com,9849245425,62,Female,Nellore,Regular,2020-12-26,Yes
36099,Sahil Mishra,member36099@example.com,9354777727,20,Female,Bengaluru,Platinum,2025-05-13,Yes
30569,Varun Verma,member30569@example.com,9127457529,47,Male,Kurnool,Regular,2023-04-10,Yes
46754,Ravi Babu,member46754@example.com,9348235545,48,Other,Bengaluru,Regular,2025-02-10,Yes
40751,Ravi Das,member40751@example.com,9205194170,28,Female,Tirupati,Regular,2022-11-05,Yes
25195,Priya Rao,member25195@example.com,9295649995,56,Female,Hyderabad,Regular,2020-11-17,Yes
13161,Priya Gupta,member13161@example.com,9321237405,47,Male,Chennai,Regular,2020-10-25,No
1571,Arjun Verma,member1571@example.com,9546332791,38,Female,Nellore,Regular,2024-06-22,No
30424,Sneha Reddy,member30424@example.com,9324362479,39,Female,Anantapur,Regular,2018-01-16,No
29200,John Naidu,member29200@example.com,9353129916,45,Female,Vijayawada,Regular,2025-02-27,Yes
25232,Sneha Naidu,member25232@example.com,9343013748,34,Male,Tirupati,Gold,2026-08-09,Yes
28160,Pooja Khan,member28160@example.com,9448618268,50,Female,Bengaluru,Silver,2024-12-21,Yes
16158,Manoj Patel,member16158@example.com,9586374061,52,Male,Tirupati,Silver,2025-08-28,Yes
33708,Rahul Patel,member33708@example.com,9180265438,68,Female,Nellore,Regular,2020-05-12,Yes
22127,Ravi Das,member22127@example.com,9256037616,36,Female,Kadapa,Regular,2020-11-04,Yes
29940,Ayesha Naidu,member29940@example.com,9674669885,55,Female,Chennai,Gold,2021-10-05,No
19104,Ali Rao,member19104@example.com,9642846098,24,Male,Tirupati,Regular,2024-07-28,Yes
35216,Sahil Verma,member35216@example.com,9370633499,32,Female,Hyderabad,Regular,2026-05-19,Yes
27638,Manoj Rao,member27638@example.com,9188183422,59,Male,Kadapa,Regular,2018-03-27,Yes
24689,Ayesha Gupta,member24689@example.com,9549862430,46,Female,Kurnool,Platinum,2019-04-29,No
45300,Neha Sharma,member45300@example.com,9363358928,66,Female,Chennai,Regular,2021-10-22,No
31767,Meena Das,member31767@example.com,9489093738,47,Male,Anantapur,Silver,2018-08-04,Yes
11098,Ayesha Patel,member11098@example.com,9783367845,67,Other,Vijayawada,Regular,2020-12-10,No
15080,Pooja Das,member15080@example.com,9416737374,28,Male,Bengaluru,Silver,2023-12-30,No
32653,Manoj Singh,member32653@example.com,9673876631,28,Female,Bengaluru,Regular,2023-03-03,Yes
9061,Manoj Rao,member9061@example.com,9922766734,48,Male,Kadapa,Regular,2019-09-01,Yes
10576,Vikram Babu,member10576@example.com,9633841683,29,Female,Kurnool,Silver,2018-08-20,Yes
40229,Ravi Singh,member40229@example.com,9898149546,26,Female,Anantapur,Regular,2026-04-19,Yes
10945,Pooja Verma,member10945@example.com,9985413120,47,Female,Anantapur,Regular,2020-02-16,Yes
28340,Ananya Rao,member28340@example.com,9705203215,53,Female,Kurnool,Regular,2018-07-01,No
25077,Imran Das,member25077@example.com,9986246356,40,Male,Guntur,Regular,2021-08-08,Yes
35739,John Reddy,member35739@example.com,9623370787,36,Male,Chennai,Regular,2020-09-09,No
29423,Manoj Singh,member29423@example.com,9716214114,21,Male,Anantapur,Platinum,2020-02-10,Yes
1115,Divya Das,member1115@example.com,9225108037,55,Male,Guntur,Regular,2021-08-19,Yes
37538,Arjun Khan,member37538@example.com,9631813268,26,Female,Kadapa,Regular,2024-08-15,Yes
9695,Ravi Reddy,member9695@example.com,9238630375,50,Male,Kurnool,Regular,2021-02-21,Yes
46432,Ayesha Das,member46432@example.com,9877059027,26,Male,Tirupati,Regular,2022-03-15,Yes
18674,Sahil Mishra,member18674@example.com,9276454093,23,Female,Hyderabad,Regular,2018-08-04,Yes
46856,Sneha Mishra,member46856@example.com,9769795966,45,Male,Anantapur,Regular,2018-04-02,Yes
30866,Varun Babu,member30866@example.com,9574525162,48,Female,Chennai,Gold,2018-07-29,Yes
32229,Ananya Das,member32229@example.com,9206335604,58,Male,Guntur,Platinum,2024-01-09,Yes
28032,John Babu,member28032@example.com,9694680497,55,Female,Tirupati,Silver,2025-03-19,Yes
26588,John Rao,member26588@example.com,9827259596,44,Female,Bengaluru,Regular,2021-01-07,Yes
33780,Ananya Rao,member33780@example.com,9509176121,70,Other,Chennai,Regular,2021-08-22,Yes
35817,Varun Sharma,member35817@example.com,9430495314,66,Male,Hyderabad,Silver,2024-03-03,Yes
27601,Rahul Rao,member27601@example.com,9600530855,70,Male,Vijayawada,Regular,2021-10-10,Yes
9546,Manoj Patel,member9546@example.com,9895683622,40,Female,Hyderabad,Gold,2020-06-03,Yes
25979,Arjun Singh,member25979@example.com,9170783139,61,Male,Nellore,Gold,2024-08-25,Yes
27226,John Sharma,member27226@example.com,9384513567,35,Female,Hyderabad,Gold,2022-03-14,Yes
37036,Ananya Reddy,member37036@example.com,9876859384,57,Female,Vijayawada,Gold,2022-07-08,Yes
25173,Arjun Khan,member25173@example.com,9743186580,35,Male,Chennai,Gold,2021-01-02,Yes
24011,Neha Gupta,member24011@example.com,9516287604,58,Female,Anantapur,Silver,2024-01-01,No
46856,Sneha Mishra,member46856@example.com,9769795966,45,Male,Anantapur,Regular,2018-04-02,Yes
11853,Ananya Yadav,member11853@example.com,9859407220,33,Female,Kadapa,Regular,2024-06-30,No
19633,Vikram Gupta,member19633@example.com,9513772580,22,Male,Nellore,Regular,2023-11-13,Yes
12548,Neha Naidu,member12548@example.com,9709924762,38,Male,Anantapur,Gold,2023-07-09,Yes
20219,Vikram Gupta,member20219@example.com,9161284851,61,Male,Vijayawada,Regular,2022-03-11,Yes
34016,Ali Naidu,member34016@example.com,9876097686,64,Female,Kurnool,Regular,2026-02-07,Yes
40374,Vikram Khan,member40374@example.com,9119666994,49,Male,Tirupati,Silver,2025-10-17,Yes
26751,Ananya Kumar,member26751@example.com,9791789712,45,Male,Bengaluru,Regular,2025-09-28,No
37701,Divya Sharma,member37701@example.com,9185059913,28,Male,Nellore,Gold,2025-08-09,Yes
40062,Manoj Khan,member40062@example.com,9396117050,28,Male,Tirupati,Regular,2026-07-26,No
42581,John Mishra,member42581@example.com,9109059944,40,Other,Bengaluru,Regular,2019-02-02,Yes
42695,Ali Sharma,member42695@example.com,9813546154,20,Female,Kurnool,Regular,2018-04-06,No
45067,Varun Das,member45067@example.com,9962724284,28,Male,Bengaluru,Gold,2018-10-18,Yes
45792,Pooja Verma,member45792@example.com,9227194547,59,Female,Nellore,Regular,2018-08-13,Yes
35513,John Yadav,member35513@example.com,9848961892,29,Female,Chennai,Silver,2020-10-03,Yes
34509,Vikram Mishra,member34509@example.com,9489803285,34,Female,Vijayawada,Gold,2023-07-05,No
30948,Sneha Mishra,member30948@example.com,9943188531,26,Male,Guntur,Regular,2021-08-19,Yes
31660,Pooja Gupta,member31660@example.com,9720450262,32,Male,Chennai,Regular,2018-12-08,No
771,Rahul Babu,member771@example.com,9970583891,21,Male,Kadapa,Regular,2025-04-16,Yes
45300,Neha Sharma,member45300@example.com,9363358928,66,Female,Chennai,Regular,2021-10-22,No
25140,Ravi Mishra,member25140@example.com,9900276827,36,Female,Anantapur,Regular,2026-05-25,Yes
42592,Rahul Verma,member42592@example.com,9418109280,70,Female,Tirupati,Regular,2021-03-01,Yes
16373,Rahul Gupta,member16373@example.com,9881123359,58,Female,Vijayawada,Gold,2026-02-02,Yes
30947,Aditya Kumar,member30947@example.com,9789792064,53,Female,Nellore,Regular,2019-05-20,No
33736,Meena Khan,member33736@example.com,9564574159,37,Female,Hyderabad,Regular,2025-08-07,Yes
26228,Arjun Babu,member26228@example.com,9118327116,62,Female,Tirupati,Regular,2021-11-06,Yes
50,Aditya Das,member50@example.com,9376407098,29,Female,Guntur,Silver,2025-11-14,Yes
41505,Imran Naidu,member41505@example.com,9622153209,49,Female,Anantapur,Regular,2021-11-11,No
9888,Meena Verma,member9888@example.com,9211475169,55,Female,Kurnool,Gold,2025-09-26,Yes
41036,Ravi Sharma,member41036@example.com,9605564789,28,Male,Anantapur,Silver,2018-11-03,Yes
3002,Varun Das,member3002@example.com,9229600004,18,Male,Vijayawada,Regular,2019-08-25,Yes
33207,Ali Yadav,member33207@example.com,9127782292,51,Female,Bengaluru,Regular,2021-05-27,Yes
41986,Neha Sharma,member41986@example.com,9198179229,53,Male,Anantapur,Regular,2021-11-26,Yes
27562,Ananya Mishra,member27562@example.com,9155567923,68,Female,Nellore,Regular,2020-05-29,No
30948,Sneha Mishra,member30948@example.com,9943188531,26,Male,Guntur,Regular,2021-08-19,Yes
37036,Ananya Reddy,member37036@example.com,9876859384,57,Female,Vijayawada,Gold,2022-07-08,Yes
37637,Neha Khan,member37637@example.com,9550597939,57,Female,Bengaluru,Regular,2020-08-06,Yes
40841,Sneha Mishra,member40841@example.com,9869242252,56,Female,Vijayawada,Gold,2023-11-18,Yes
13153,Imran Naidu,member13153@example.com,9924519239,20,Male,Kurnool,Regular,2025-06-20,Yes
25297,Aditya Singh,member25297@example.com,9990193127,45,Male,Nellore,Silver,2026-07-11,Yes
28543,Priya Rao,member28543@example.com,9159774599,55,Male,Hyderabad,Gold,2019-01-16,Yes
32254,Ali Das,member32254@example.com,9402701428,56,Male,Hyderabad,Regular,2020-02-27,Yes
38509,Rahul Rao,member38509@example.com,9984869568,43,Male,Guntur,Gold,2020-01-04,Yes
24013,Imran Kumar,member24013@example.com,9779323692,40,Male,Vijayawada,Platinum,2020-05-25,Yes
3036,Kiran Khan,member3036@example.com,9377472783,39,Female,Chennai,Regular,2019-11-30,Yes
10408,Ayesha Khan,member10408@example.com,9847680791,48,Female,Anantapur,Regular,2018-01-08,Yes
25794,Sahil Yadav,member25794@example.com,9191197767,57,Male,Nellore,Regular,2020-12-27,Yes
46758,Aditya Das,member46758@example.com,9441863276,39,Female,Bengaluru,Silver,2020-12-29,Yes
40335,Sneha Yadav,member40335@example.com,9742053170,46,Male,Vijayawada,Silver,2020-05-29,No
32792,Divya Patel,member32792@example.com,9728529547,40,Female,Bengaluru,Regular,2021-02-19,Yes
24325,John Patel,member24325@example.com,9923260545,46,Female,Kurnool,Silver,2019-06-21,Yes
44123,Imran Naidu,member44123@example.com,9395886248,51,Male,Kadapa,Silver,2021-04-03,Yes
36652,Arjun Naidu,member36652@example.com,9179347906,69,Male,Chennai,Regular,2024-03-07,Yes
45362,Manoj Yadav,member45362@example.com,9731895306,69,Female,Kurnool,Platinum,2020-06-22,Yes
21238,Ali Khan,member21238@example.com,9915400875,65,Male,Kurnool,Regular,2025-01-15,Yes
35953,Vikram Sharma,member35953@example.com,9216852042,66,Female,Hyderabad,Regular,2025-03-16,Yes
23966,Vikram Singh,member23966@example.com,9466699976,60,Male,Anantapur,Regular,2020-03-06,Yes
38665,Meena Mishra,member38665@example.com,9504215680,68,Male,Chennai,Gold,2023-07-01,Yes
36005,Ayesha Mishra,member36005@example.com,9626656745,53,Male,Kurnool,Regular,2022-02-24,Yes
46574,Imran Patel,member46574@example.com,9389391464,55,Male,Chennai,Regular,2025-04-10,Yes
45792,Pooja Verma,member45792@example.com,9227194547,59,Female,Nellore,Regular,2018-08-13,Yes
10596,Ayesha Rao,member10596@example.com,9236279404,25,Male,Kurnool,Regular,2021-03-21,Yes
37404,Aditya Singh,member37404@example.com,9498830185,29,Female,Kurnool,Regular,2018-01-10,No
37232,Meena Reddy,member37232@example.com,9584658614,38,Male,Hyderabad,Regular,2018-10-28,Yes
34379,Varun Kumar,member34379@example.com,9518456815,35,Male,Bengaluru,Silver,2023-03-16,Yes
31179,Kiran Naidu,member31179@example.com,9353382959,59,Female,Chennai,Regular,2021-07-18,Yes
36612,Manoj Khan,member36612@example.com,9401096743,26,Male,Hyderabad,Silver,2021-08-02,Yes
33163,Varun Patel,member33163@example.com,9808048422,57,Male,Nellore,Regular,2018-09-01,Yes
38947,Ayesha Sharma,member38947@example.com,9680995350,59,Female,Guntur,Silver,2024-06-27,Yes
2741,John Reddy,member2741@example.com,9546744951,57,Female,Bengaluru,Gold,2018-09-20,Yes
2531,Divya Verma,member2531@example.com,9380652530,23,Male,Hyderabad,Regular,2021-10-05,Yes
38780,Aditya Verma,member38780@example.com,9733690890,66,Male,Guntur,Silver,2024-10-06,Yes
14659,Manoj Mishra,member14659@example.com,9667540916,18,Female,Kurnool,Regular,2021-04-04,No
44071,John Singh,member44071@example.com,9299286265,24,Female,Vijayawada,Silver,2023-06-14,Yes
47359,Divya Mishra,member47359@example.com,9133381936,41,Male,Nellore,Regular,2023-07-20,No
35953,Vikram Sharma,member35953@example.com,9216852042,66,Female,Hyderabad,Regular,2025-03-16,Yes
34213,Ayesha Gupta,member34213@example.com,9462930841,44,Female,Chennai,Regular,2023-09-29,Yes
35699,Ayesha Verma,member35699@example.com,9560075309,25,Female,Vijayawada,Regular,2020-11-10,Yes
8384,Ali Yadav,member8384@example.com,9801205939,30,Male,Kurnool,Regular,2025-05-04,Yes
39743,John Rao,member39743@example.com,9620842982,67,Male,Nellore,Regular,2025-10-04,Yes
40231,Vikram Rao,member40231@example.com,9726829913,62,Female,Vijayawada,Regular,2026-03-06,No
45927,Pooja Sharma,member45927@example.com,9572560081,57,Male,Anantapur,Regular,2026-06-28,Yes
41462,Ali Singh,member41462@example.com,9776355095,35,Male,Vijayawada,Regular,2025-02-14,Yes
46466,Arjun Gupta,member46466@example.com,9111270432,56,Male,Bengaluru,Platinum,2022-10-23,Yes
12950,Rahul Sharma,member12950@example.com,9646819620,70,Male,Tirupati,Regular,2021-06-24,Yes
27824,Meena Gupta,member27824@example.com,9752918536,19,Male,Anantapur,Regular,2025-10-29,Yes
43134,Ananya Mishra,member43134@example.com,9604859246,19,Male,Nellore,Platinum,2023-11-12,Yes
34400,Sneha Sharma,member34400@example.com,9620696876,61,Male,Bengaluru,Regular,2022-10-26,Yes
32045,Neha Reddy,member32045@example.com,9652333662,59,Male,Kadapa,Regular,2026-07-04,Yes
31065,Meena Gupta,member31065@example.com,9488761557,33,Female,Kadapa,Platinum,2025-07-31,Yes
32091,Divya Singh,member32091@example.com,9931772606,60,Male,Vijayawada,Silver,2026-03-31,Yes
35837,Varun Kumar,member35837@example.com,9713832064,50,Female,Nellore,Silver,2026-05-05,Yes
17673,Imran Reddy,member17673@example.com,9756287318,51,Female,Anantapur,Regular,2026-03-10,Yes
22923,Ayesha Babu,member22923@example.com,9965861592,29,Male,Kadapa,Regular,2023-12-14,No
33461,Ananya Reddy,member33461@example.com,9245459860,55,Male,Hyderabad,Regular,2020-11-08,Yes
17835,Imran Naidu,member17835@example.com,9308881467,40,Female,Nellore,Regular,2021-09-15,Yes
41187,Rahul Yadav,member41187@example.com,9446133141,57,Female,Kadapa,Silver,2020-01-05,Yes
20731,Manoj Rao,member20731@example.com,9685377605,62,Male,Anantapur,Regular,2021-12-16,Yes
2758,Manoj Mishra,member2758@example.com,9412759069,51,Female,Guntur,Silver,2021-04-19,Yes
41080,Rahul Singh,member41080@example.com,9304705876,64,Female,Kurnool,Gold,2019-11-15,No
28449,Priya Sharma,member28449@example.com,9769337549,58,Female,Vijayawada,Regular,2023-12-29,Yes
13964,Neha Das,member13964@example.com,9342658159,67,Male,Guntur,Platinum,2022-03-02,Yes
43389,Sneha Rao,member43389@example.com,9457996563,66,Male,Guntur,Regular,2018-11-17,Yes
32509,Kiran Reddy,member32509@example.com,9371986317,62,Male,Nellore,Gold,2023-02-02,No
45058,John Das,member45058@example.com,9668869775,45,Female,Tirupati,Regular,2021-08-14,Yes
38894,Neha Gupta,member38894@example.com,9918979778,35,Female,Guntur,Platinum,2024-12-14,Yes
42254,Ananya Gupta,member42254@example.com,9488821230,33,Female,Nellore,Regular,2020-02-06,Yes
24955,Ravi Das,member24955@example.com,9667296612,40,Male,Nellore,Regular,2023-08-21,Yes
42397,Vikram Patel,member42397@example.com,9505997627,37,Female,Chennai,Regular,2019-06-01,No
31109,Ayesha Kumar,member31109@example.com,9117611612,22,Female,Vijayawada,Gold,2022-12-19,Yes
36837,Sneha Sharma,member36837@example.com,9765175269,57,Male,Tirupati,Regular,2023-10-17,Yes
36315,Aditya Khan,member36315@example.com,9373210295,28,Female,Bengaluru,Silver,2026-02-03,Yes
21542,Arjun Reddy,member21542@example.com,9126438369,21,Male,Guntur,Regular,2024-10-19,No
42247,Divya Patel,member42247@example.com,9537130448,52,Male,Guntur,Regular,2020-10-18,Yes
8154,Pooja Verma,member8154@example.com,9597391218,68,Female,Tirupati,Regular,2026-03-24,Yes
8280,Pooja Khan,member8280@example.com,9616107548,46,Male,Kadapa,Silver,2024-02-14,Yes
38665,Meena Mishra,member38665@example.com,9504215680,68,Male,Chennai,Gold,2023-07-01,Yes
28518,Varun Rao,member28518@example.com,9988308194,63,Female,Anantapur,Regular,2021-02-04,No
6212,John Patel,member6212@example.com,9476408137,31,Male,Nellore,Regular,2025-11-07,No
13453,Manoj Das,member13453@example.com,9394845866,68,Female,Kadapa,Regular,2025-09-15,Yes
47037,John Babu,member47037@example.com,9547813412,43,Male,Chennai,Gold,2025-02-14,Yes
35328,Aditya Khan,member35328@example.com,9415085064,18,Male,Tirupati,Silver,2025-08-09,Yes
6434,John Sharma,member6434@example.com,9609252155,38,Female,Anantapur,Gold,2018-06-13,Yes
3228,John Reddy,member3228@example.com,9499863941,67,Male,Nellore,Platinum,2026-06-01,Yes
28845,John Patel,member28845@example.com,9642055484,42,Male,Vijayawada,Platinum,2024-04-18,Yes
3403,Ayesha Sharma,member3403@example.com,9446489241,23,Female,Hyderabad,Regular,2024-07-17,Yes
18955,John Sharma,member18955@example.com,9346252877,29,Male,Nellore,Regular,2025-11-26,Yes
18871,Varun Verma,member18871@example.com,9377382861,36,Female,Bengaluru,Regular,2025-03-10,No
19768,Neha Sharma,member19768@example.com,9698173356,39,Male,Kadapa,Silver,2019-07-09,Yes
21235,Neha Khan,member21235@example.com,9271710236,68,Female,Bengaluru,Silver,2022-01-12,Yes
29069,Sahil Reddy,member29069@example.com,9641141977,34,Male,Guntur,Silver,2023-08-02,Yes
20218,Kiran Babu,member20218@example.com,9608212312,57,Female,Hyderabad,Gold,2022-03-22,No
21852,Varun Das,member21852@example.com,9712140331,20,Male,Nellore,Regular,2024-02-14,Yes
43621,Ali Reddy,member43621@example.com,9476107700,48,Female,Tirupati,Silver,2019-01-31,Yes
27926,Ananya Sharma,member27926@example.com,9375555232,32,Male,Kadapa,Regular,2022-10-22,No
16051,Sneha Kumar,member16051@example.com,9933924325,22,Male,Tirupati,Regular,2025-12-25,Yes
33901,Sneha Kumar,member33901@example.com,9148182470,46,Male,Kurnool,Regular,2018-08-21,Yes
34098,Varun Rao,member34098@example.com,9973644455,24,Female,Hyderabad,Regular,2023-06-29,Yes
39679,Aditya Singh,member39679@example.com,9512496913,21,Male,Tirupati,Regular,2025-01-25,Yes
36362,Ali Das,member36362@example.com,9821685084,45,Male,Nellore,Silver,2023-12-29,Yes
8046,Arjun Reddy,member8046@example.com,9218499175,68,Male,Kurnool,Silver,2020-05-08,No
12784,Ravi Khan,member12784@example.com,9479932691,58,Male,Bengaluru,Regular,2025-12-08,Yes
4337,Priya Khan,member4337@example.com,9837352069,19,Female,Anantapur,Silver,2020-02-28,Yes
27148,Priya Gupta,member27148@example.com,9138969352,61,Other,Guntur,Gold,2022-12-17,Yes
45234,Imran Rao,member45234@example.com,9298790863,46,Female,Nellore,Gold,2026-05-24,Yes
29423,Manoj Singh,member29423@example.com,9716214114,21,Male,Anantapur,Platinum,2020-02-10,Yes
38619,Sahil Gupta,member38619@example.com,9361928251,21,Male,Kurnool,Regular,2023-09-10,No
26055,Divya Sharma,member26055@example.com,9471759873,59,Female,Hyderabad,Regular,2025-09-08,Yes
47329,Ravi Babu,member47329@example.com,9974116726,57,Female,Kadapa,Gold,2018-08-12,Yes
39518,Rahul Singh,member39518@example.com,9376875915,57,Male,Kurnool,Regular,2023-11-11,Yes
7365,Neha Sharma,member7365@example.com,9133005205,58,Female,Hyderabad,Regular,2026-08-21,Yes
19379,Imran Singh,member19379@example.com,9614978208,34,Female,Bengaluru,Silver,2024-04-15,No
34016,Ali Naidu,member34016@example.com,9876097686,64,Female,Kurnool,Regular,2026-02-07,Yes
2096,Sahil Sharma,member2096@example.com,9986365096,44,Female,Tirupati,Regular,2024-03-09,Yes
8719,Meena Das,member8719@example.com,9581449308,51,Female,Chennai,Gold,2025-03-19,No
33824,Imran Gupta,member33824@example.com,9611129380,44,Male,Hyderabad,Regular,2024-04-23,Yes
27678,Sneha Patel,member27678@example.com,9609488812,40,Male,Chennai,Silver,2023-01-20,Yes
4169,Priya Yadav,member4169@example.com,9100494372,66,Male,Tirupati,Regular,2018-12-17,Yes
22106,Priya Yadav,member22106@example.com,9713585452,46,Female,Guntur,Regular,2023-12-02,Yes
45661,Kiran Sharma,member45661@example.com,9826917592,45,Male,Anantapur,Regular,2022-11-05,Yes
17555,Ananya Sharma,member17555@example.com,9116083560,64,Female,Guntur,Gold,2025-05-13,Yes
23163,Sneha Kumar,member23163@example.com,9968645445,41,Female,Bengaluru,Silver,2024-12-31,Yes
22331,Imran Patel,member22331@example.com,9390692549,31,Female,Nellore,Regular,2026-05-16,Yes
34455,Sneha Verma,member34455@example.com,9853826924,26,Female,Chennai,Regular,2020-01-08,Yes
32797,Neha Patel,member32797@example.com,9213106457,47,Male,Kadapa,Regular,2025-05-09,Yes
30189,Rahul Reddy,member30189@example.com,9663255492,66,Female,Anantapur,Silver,2020-09-16,Yes
8323,Manoj Patel,member8323@example.com,9778103705,44,Male,Kadapa,Regular,2018-06-27,No
29622,Sneha Naidu,member29622@example.com,9433468274,45,Male,Tirupati,Regular,2019-06-26,Yes
37198,Ayesha Yadav,member37198@example.com,9226553825,19,Male,Hyderabad,Gold,2022-10-17,No
28430,Arjun Mishra,member28430@example.com,9778536453,48,Female,Kadapa,Regular,2022-05-27,Yes
27638,Manoj Rao,member27638@example.com,9188183422,59,Male,Kadapa,Regular,2018-03-27,Yes
16285,Arjun Khan,member16285@example.com,9628479734,39,Female,Kurnool,Gold,2019-07-15,No
16511,Vikram Gupta,member16511@example.com,9786951315,19,Female,Kurnool,Regular,2023-03-03,Yes
400,Rahul Singh,member400@example.com,9498269995,50,Other,Chennai,Gold,2022-08-10,Yes
43600,John Babu,member43600@example.com,9535978824,29,Female,Anantapur,Regular,2026-06-06,No
4200,Neha Mishra,member4200@example.com,9559412394,40,Male,Kadapa,Regular,2021-05-04,Yes
1825,Ali Patel,member1825@example.com,9321139956,48,Male,Nellore,Regular,2024-12-01,Yes
37303,Sahil Naidu,member37303@example.com,9738187729,57,Male,Kurnool,Regular,2025-09-10,No
23871,Sneha Das,member23871@example.com,9922785668,39,Male,Vijayawada,Regular,2018-03-05,Yes
15720,Priya Patel,member15720@example.com,9913537113,37,Female,Chennai,Platinum,2023-04-11,No
28438,Meena Mishra,member28438@example.com,9892253134,40,Female,Hyderabad,Regular,2019-12-16,Yes
27872,Vikram Khan,member27872@example.com,9122839937,66,Female,Kurnool,Regular,2019-12-24,Yes
36232,Divya Reddy,member36232@example.com,9234753913,65,Female,Hyderabad,Silver,2024-05-02,Yes
31592,Divya Rao,member31592@example.com,9533051168,18,Male,Anantapur,Regular,2022-05-22,Yes
9065,Ali Babu,member9065@example.com,9746836532,66,Female,Kadapa,Silver,2021-07-05,Yes
29838,Ali Rao,member29838@example.com,9766398529,19,Male,Vijayawada,Gold,2019-10-05,Yes
36362,Ali Das,member36362@example.com,9821685084,45,Male,Nellore,Silver,2023-12-29,Yes
31370,Sneha Patel,member31370@example.com,9708671910,64,Male,Guntur,Regular,2021-04-16,Yes
29602,Ravi Reddy,member29602@example.com,9454955980,66,Male,Vijayawada,Regular,2019-01-15,Yes
8306,Varun Kumar,member8306@example.com,9929467369,31,Female,Bengaluru,Silver,2023-11-07,Yes
45945,Manoj Gupta,member45945@example.com,9798391135,32,Male,Vijayawada,Regular,2022-01-22,Yes
36147,Sahil Kumar,member36147@example.com,9434828213,68,Male,Kadapa,Gold,2024-11-04,No
33071,Divya Sharma,member33071@example.com,9932999880,40,Female,Guntur,Regular,2021-07-23,No
36780,Varun Kumar,member36780@example.com,9172621826,42,Male,Chennai,Regular,2020-07-25,Yes
33779,Divya Yadav,member33779@example.com,9616805918,57,Male,Nellore,Silver,2026-02-26,No
29753,Priya Singh,member29753@example.com,9182442911,53,Male,Nellore,Regular,2024-04-21,Yes
174,Rahul Mishra,member174@example.com,9205935387,39,Male,Bengaluru,Silver,2022-03-01,Yes
18128,Ravi Gupta,member18128@example.com,9532097225,38,Female,Chennai,Silver,2023-07-26,Yes
29031,Kiran Rao,member29031@example.com,9459569271,51,Male,Nellore,Gold,2026-06-10,Yes
29127,Ali Kumar,member29127@example.com,9510763661,34,Male,Anantapur,Regular,2018-04-20,Yes
42732,Varun Yadav,member42732@example.com,9363316053,56,Female,Chennai,Platinum,2023-08-19,Yes
37929,Ayesha Reddy,member37929@example.com,9488429629,25,Female,Vijayawada,Regular,2026-08-24,Yes
29538,Sahil Yadav,member29538@example.com,9204801055,24,Male,Tirupati,Regular,2018-03-11,No
37076,Sneha Patel,member37076@example.com,9138781756,29,Female,Chennai,Gold,2019-07-21,Yes
44228,Divya Patel,member44228@example.com,9511488494,43,Female,Tirupati,Silver,2022-03-28,Yes
17584,John Singh,member17584@example.com,9500406679,56,Male,Kadapa,Regular,2026-06-28,No
17404,Sahil Sharma,member17404@example.com,9519875604,45,Male,Chennai,Regular,2026-06-22,Yes
3244,Neha Gupta,member3244@example.com,9292088256,38,Female,Guntur,Regular,2023-06-17,Yes
3078,Imran Singh,member3078@example.com,9118672667,58,Male,Kadapa,Regular,2024-11-23,Yes
42107,Aditya Sharma,member42107@example.com,9403631289,54,Male,Nellore,Regular,2023-04-01,Yes
41318,Aditya Yadav,member41318@example.com,9503347969,35,Other,Bengaluru,Regular,2021-06-05,Yes
35349,Ayesha Babu,member35349@example.com,9296593134,24,Female,Tirupati,Gold,2023-02-20,Yes
22950,Meena Yadav,member22950@example.com,9105922335,36,Female,Kadapa,Gold,2018-07-24,No
44061,Ananya Naidu,member44061@example.com,9545373086,45,Female,Anantapur,Regular,2024-04-14,Yes
36298,Ananya Patel,member36298@example.com,9763624454,35,Male,Chennai,Platinum,2023-12-07,Yes
21823,Imran Sharma,member21823@example.com,9568102727,64,Female,Vijayawada,Regular,2019-06-06,Yes
1877,Manoj Babu,member1877@example.com,9946990426,33,Male,Tirupati,Gold,2018-04-28,Yes
13587,Meena Mishra,member13587@example.com,9401092906,54,Female,Hyderabad,Regular,2023-08-16,No
6401,Sahil Sharma,member6401@example.com,9201981349,28,Female,Bengaluru,Regular,2023-12-24,Yes
39093,Manoj Patel,member39093@example.com,9517542470,54,Female,Chennai,Regular,2023-01-13,Yes
42334,Divya Kumar,member42334@example.com,9986941882,24,Female,Kurnool,Regular,2021-12-30,No
34364,Rahul Khan,member34364@example.com,9701556032,51,Male,Chennai,Silver,2019-08-08,Yes
28004,Sahil Rao,member28004@example.com,9416536738,51,Female,Hyderabad,Regular,2024-09-27,Yes
47261,Kiran Khan,member47261@example.com,9228303634,26,Male,Guntur,Regular,2023-10-07,Yes
28238,Meena Singh,member28238@example.com,9583265817,70,Male,Tirupati,Regular,2022-11-06,No
15103,Ravi Mishra,member15103@example.com,9472084768,54,Female,Anantapur,Regular,2025-03-07,Yes
986,Ali Khan,member986@example.com,9545529842,40,Male,Nellore,Regular,2018-10-04,Yes
37528,Rahul Babu,member37528@example.com,9736805237,22,Male,Tirupati,Gold,2025-12-09,Yes
29024,Ravi Sharma,member29024@example.com,9895844945,29,Male,Hyderabad,Regular,2024-05-06,No
19894,Sahil Sharma,member19894@example.com,9478090647,33,Male,Bengaluru,Gold,2019-11-23,Yes
38141,Ali Gupta,member38141@example.com,9346179261,60,Male,Guntur,Regular,2018-08-25,Yes
27829,Meena Naidu,member27829@example.com,9634013114,32,Female,Kurnool,Regular,2022-07-21,No
26474,Sneha Singh,member26474@example.com,9778713545,67,Male,Kurnool,Regular,2018-02-18,No
28517,Sneha Reddy,member28517@example.com,9206498198,55,Male,Kurnool,Regular,2019-12-28,Yes
21086,Ravi Gupta,member21086@example.com,9816310899,30,Male,Bengaluru,Regular,2023-07-31,Yes
2373,Pooja Babu,member2373@example.com,9956729034,28,Male,Kurnool,Gold,2026-05-11,Yes
19266,Rahul Das,member19266@example.com,9807731304,56,Male,Bengaluru,Regular,2023-04-11,Yes
6294,Varun Verma,member6294@example.com,9765160421,47,Male,Nellore,Gold,2021-12-02,Yes
8475,Imran Sharma,member8475@example.com,9415042191,40,Female,Chennai,Silver,2021-03-24,Yes
47156,Sneha Patel,member47156@example.com,9652771900,56,Male,Nellore,Silver,2026-07-20,Yes
24751,Manoj Yadav,member24751@example.com,9467520078,58,Female,Anantapur,Regular,2021-08-18,Yes
33085,Ayesha Khan,member33085@example.com,9430093784,32,Female,Hyderabad,Gold,2018-10-06,Yes
33604,Ali Yadav,member33604@example.com,9931282762,69,Male,Anantapur,Silver,2019-01-15,Yes
21917,Varun Singh,member21917@example.com,9626415199,60,Female,Bengaluru,Gold,2020-05-28,Yes
22199,John Khan,member22199@example.com,9603951633,31,Female,Hyderabad,Silver,2023-05-13,Yes
34968,Imran Babu,member34968@example.com,9352036694,52,Female,Tirupati,Gold,2025-01-09,No
35215,Manoj Mishra,member35215@example.com,9749774864,45,Female,Hyderabad,Regular,2023-05-22,Yes
30480,Ananya Khan,member30480@example.com,9840137540,25,Female,Kurnool,Silver,2024-06-10,Yes
29587,Meena Khan,member29587@example.com,9567286660,44,Female,Anantapur,Silver,2020-12-28,Yes
10743,Priya Babu,member10743@example.com,9463725530,63,Female,Nellore,Silver,2022-11-15,Yes
30455,Ali Khan,member30455@example.com,9949223960,34,Female,Guntur,Platinum,2022-07-06,Yes
27926,Ananya Sharma,member27926@example.com,9375555232,32,Male,Kadapa,Regular,2022-10-22,No
31438,Varun Kumar,member31438@example.com,9147305196,22,Female,Chennai,Silver,2019-04-11,No
17290,Ali Patel,member17290@example.com,9693386797,59,Female,Anantapur,Regular,2023-01-08,No
35669,Ananya Mishra,member35669@example.com,9402447385,45,Female,Tirupati,Gold,2018-10-23,Yes
1227,Varun Babu,member1227@example.com,9808507158,30,Female,Nellore,Regular,2020-07-16,No
6245,Vikram Verma,member6245@example.com,9601247256,63,Male,Guntur,Regular,2024-08-03,Yes
33422,Neha Naidu,member33422@example.com,9849826654,64,Male,Vijayawada,Gold,2021-07-20,Yes
40970,Ayesha Gupta,member40970@example.com,9236402498,44,Male,Bengaluru,Regular,2022-02-01,Yes
17838,Manoj Singh,member17838@example.com,9261857591,23,Male,Guntur,Regular,2019-03-20,Yes
42495,Ravi Verma,member42495@example.com,9308763544,56,Male,Nellore,Regular,2019-11-30,Yes
4385,Meena Naidu,member4385@example.com,9497022285,50,Female,Anantapur,Gold,2024-03-20,No
21366,Ayesha Verma,member21366@example.com,9560753075,49,Female,Bengaluru,Regular,2024-11-16,Yes
38844,Vikram Khan,member38844@example.com,9887581624,33,Male,Kurnool,Regular,2019-12-24,Yes
34380,Kiran Khan,member34380@example.com,9826859821,70,Female,Anantapur,Silver,2025-07-14,Yes
29581,John Patel,member29581@example.com,9502276041,49,Male,Guntur,Regular,2025-09-23,No
35472,Varun Yadav,member35472@example.com,9167006795,28,Female,Chennai,Silver,2020-11-02,Yes
33335,Imran Yadav,member33335@example.com,9391131954,41,Female,Hyderabad,Silver,2022-03-15,No
37148,Ananya Babu,member37148@example.com,9647419502,33,Male,Chennai,Silver,2019-10-07,Yes
17127,Meena Khan,member17127@example.com,9881550770,59,Male,Hyderabad,Regular,2021-07-04,Yes
36162,John Das,member36162@example.com,9599760587,48,Male,Chennai,Silver,2026-04-16,Yes
8179,Vikram Singh,member8179@example.com,9329331693,34,Male,Chennai,Regular,2025-07-11,Yes
38325,Pooja Rao,member38325@example.com,9184728473,50,Female,Chennai,Regular,2022-05-04,No
28116,Sahil Gupta,member28116@example.com,9127760183,22,Female,Chennai,Regular,2018-08-31,Yes
43738,Vikram Khan,member43738@example.com,9460800565,29,Male,Kadapa,Regular,2019-06-28,Yes
31361,Manoj Das,member31361@example.com,9163776095,49,Female,Bengaluru,Silver,2023-11-05,Yes
430,Ravi Khan,member430@example.com,9250547997,26,Male,Bengaluru,Silver,2018-10-30,No
42617,Meena Singh,member42617@example.com,9904601378,30,Female,Chennai,Regular,2022-04-08,Yes
40702,Pooja Sharma,member40702@example.com,9701019376,20,Female,Nellore,Regular,2022-10-08,No
29161,Ravi Naidu,member29161@example.com,9187119940,53,Female,Chennai,Regular,2022-12-10,No
27890,Ananya Kumar,member27890@example.com,9597247358,66,Male,Guntur,Silver,2022-03-05,Yes
34460,Aditya Yadav,member34460@example.com,9978008350,38,Female,Chennai,Gold,2022-04-11,Yes
7271,Ananya Verma,member7271@example.com,9348461150,64,Male,Kadapa,Gold,2024-02-23,No
37201,Kiran Naidu,member37201@example.com,9306281842,69,Female,Nellore,Regular,2022-08-07,Yes
10008,Ayesha Rao,member10008@example.com,9713904701,37,Male,Kurnool,Regular,2024-08-30,Yes
34847,Vikram Sharma,member34847@example.com,9675208564,40,Male,Hyderabad,Gold,2018-09-27,Yes
626,Priya Gupta,member626@example.com,9294805863,56,Female,Chennai,Gold,2025-08-19,Yes
37748,Ravi Das,member37748@example.com,9224177330,52,Female,Guntur,Regular,2019-02-24,Yes
43127,Ananya Das,member43127@example.com,9435735547,64,Female,Kadapa,Silver,2025-01-16,Yes
27005,Varun Gupta,member27005@example.com,9262274358,45,Female,Nellore,Platinum,2024-10-21,Yes
34154,Pooja Rao,member34154@example.com,9624128208,25,Female,Guntur,Regular,2021-06-16,Yes
46802,Ravi Rao,member46802@example.com,9763384832,26,Male,Nellore,Regular,2025-08-27,Yes
41462,Ali Singh,member41462@example.com,9776355095,35,Male,Vijayawada,Regular,2025-02-14,Yes
30510,Ayesha Khan,member30510@example.com,9530646286,51,Female,Chennai,Silver,2022-07-17,Yes
35669,Ananya Mishra,member35669@example.com,9402447385,45,Female,Tirupati,Gold,2018-10-23,Yes
39287,Ravi Yadav,member39287@example.com,9729612197,59,Female,Vijayawada,Regular,2025-05-07,No
31550,Ananya Sharma,member31550@example.com,9641444193,38,Male,Hyderabad,Silver,2020-10-12,Yes
32620,Aditya Sharma,member32620@example.com,9568693792,65,Male,Kadapa,Regular,2020-11-04,Yes
565,Ayesha Patel,member565@example.com,9280929001,32,Male,Nellore,Regular,2019-05-22,Yes
2060,Ravi Sharma,member2060@example.com,9658953300,40,Male,Hyderabad,Silver,2026-05-24,Yes
41009,Ayesha Kumar,member41009@example.com,9495800812,57,Female,Anantapur,Silver,2022-03-10,Yes
44752,Arjun Yadav,member44752@example.com,9610089648,29,Female,Kadapa,Silver,2019-02-24,Yes
6537,Ali Kumar,member6537@example.com,9371947201,51,Female,Kurnool,Regular,2021-01-20,Yes
35392,Pooja Kumar,member35392@example.com,9862486847,51,Female,Hyderabad,Regular,2020-04-10,Yes
28415,Meena Patel,member28415@example.com,9532319908,44,Male,Nellore,Silver,2024-06-26,No
18620,John Sharma,member18620@example.com,9636645159,46,Female,Tirupati,Platinum,2019-12-11,Yes
15028,Ali Mishra,member15028@example.com,9640050017,61,Male,Tirupati,Gold,2026-04-13,No
37536,Ayesha Gupta,member37536@example.com,9311983580,57,Female,Hyderabad,Regular,2022-05-30,Yes
21492,Sahil Yadav,member21492@example.com,9333070349,31,Female,Hyderabad,Regular,2026-04-23,Yes
26626,Varun Gupta,member26626@example.com,9862603531,69,Male,Kurnool,Regular,2018-12-06,Yes
35292,Imran Das,member35292@example.com,9543973637,52,Female,Bengaluru,Regular,2023-05-13,Yes
31026,Kiran Khan,member31026@example.com,9580350018,31,Female,Hyderabad,Gold,2020-12-06,No
38585,Manoj Naidu,member38585@example.com,9651123852,62,Male,Vijayawada,Regular,2026-02-18,Yes
34131,Imran Khan,member34131@example.com,9359809398,50,Male,Bengaluru,Platinum,2019-05-09,Yes
18077,Ali Reddy,member18077@example.com,9965828253,54,Male,Bengaluru,Regular,2018-07-16,No
28122,Ravi Patel,member28122@example.com,9384054435,22,Female,Kadapa,Silver,2019-03-12,Yes
8318,Pooja Khan,member8318@example.com,9916084325,54,Male,Nellore,Regular,2021-06-28,Yes
19891,Sahil Khan,member19891@example.com,9666287574,53,Female,Chennai,Gold,2022-04-16,Yes
29531,Arjun Das,member29531@example.com,9724088468,43,Female,Kurnool,Regular,2023-02-06,Yes
26824,Priya Das,member26824@example.com,9187699944,52,Other,Hyderabad,Regular,2019-09-19,Yes
42681,Kiran Sharma,member42681@example.com,9694363802,30,Male,Bengaluru,Regular,2024-04-17,Yes
47206,Ayesha Naidu,member47206@example.com,9557952429,36,Female,Bengaluru,Regular,2024-07-11,Yes
36147,Sahil Kumar,member36147@example.com,9434828213,68,Male,Kadapa,Gold,2024-11-04,No
21397,Ananya Kumar,member21397@example.com,9629545708,69,Male,Hyderabad,Platinum,2022-04-14,No
40961,Aditya Patel,member40961@example.com,9866180199,31,Female,Kurnool,Regular,2021-06-05,Yes
40069,Kiran Rao,member40069@example.com,9237210538,40,Male,Chennai,Platinum,2025-01-25,Yes
32046,Manoj Reddy,member32046@example.com,9110762859,28,Female,Hyderabad,Regular,2023-03-11,Yes
7181,Rahul Yadav,member7181@example.com,9622376126,52,Female,Kurnool,Platinum,2025-06-28,Yes
5246,Pooja Naidu,member5246@example.com,9764249324,64,Female,Hyderabad,Regular,2021-11-13,Yes
47348,Divya Gupta,member47348@example.com,9331004812,48,Male,Kurnool,Regular,2021-04-21,Yes
11043,Ananya Verma,member11043@example.com,9785408240,29,Male,Guntur,Regular,2021-03-30,Yes
40568,Ravi Rao,member40568@example.com,9385259782,29,Male,Kurnool,Regular,2021-02-13,Yes
45900,Arjun Kumar,member45900@example.com,9216274426,26,Female,Kurnool,Regular,2022-05-08,Yes
43878,Ayesha Khan,member43878@example.com,9679613879,44,Female,Chennai,Regular,2020-10-24,Yes
26543,Sahil Babu,member26543@example.com,9777172651,30,Male,Guntur,Silver,2019-12-04,Yes
19420,Sahil Patel,member19420@example.com,9960442610,45,Female,Hyderabad,Gold,2022-08-07,Yes
29092,Sahil Gupta,member29092@example.com,9596860718,39,Male,Chennai,Silver,2020-04-19,Yes
41537,Sneha Kumar,member41537@example.com,9356388605,21,Female,Tirupati,Regular,2019-10-26,Yes
28915,Varun Yadav,member28915@example.com,9935480539,56,Male,Kadapa,Regular,2026-08-09,Yes
31275,Divya Reddy,member31275@example.com,9890614237,60,Female,Tirupati,Regular,2020-06-05,Yes
45058,John Das,member45058@example.com,9668869775,45,Female,Tirupati,Regular,2021-08-14,Yes
7265,Ayesha Gupta,member7265@example.com,9582793921,70,Male,Guntur,Silver,2018-02-24,Yes
24913,Sahil Mishra,member24913@example.com,9722238799,31,Male,Kurnool,Gold,2025-06-07,Yes
34507,Ananya Rao,member34507@example.com,9661657557,51,Male,Kadapa,Regular,2024-04-01,Yes
38684,Aditya Naidu,member38684@example.com,9438428518,32,Male,Kadapa,Regular,2021-03-18,Yes
38607,Kiran Singh,member38607@example.com,9885238779,51,Female,Nellore,Regular,2023-12-18,Yes
5,Kiran Patel,member5@example.com,9410325105,63,Female,Kadapa,Gold,2020-04-28,Yes
31805,Neha Gupta,member31805@example.com,9899745268,34,Female,Bengaluru,Gold,2018-01-17,Yes
5228,Pooja Khan,member5228@example.com,9835080195,38,Female,Bengaluru,Regular,2026-04-29,Yes
15732,Arjun Khan,member15732@example.com,9239894089,68,Male,Chennai,Regular,2019-12-28,Yes
9804,Varun Kumar,member9804@example.com,9806946820,33,Female,Anantapur,Gold,2023-06-18,Yes
17715,John Rao,member17715@example.com,9854501872,62,Male,Kadapa,Gold,2025-11-24,Yes
35576,Ravi Mishra,member35576@example.com,9103805922,53,Female,Vijayawada,Regular,2022-09-08,Yes
37774,Varun Das,member37774@example.com,9705802546,60,Female,Chennai,Platinum,2026-05-28,Yes
13469,Neha Reddy,member13469@example.com,9169245476,46,Female,Kurnool,Silver,2018-10-03,Yes
12493,Sneha Babu,member12493@example.com,9618516389,52,Male,Kadapa,Regular,2022-09-06,Yes
33951,Ali Gupta,member33951@example.com,9430003758,70,Female,Hyderabad,Regular,2022-10-29,Yes
10766,Ali Patel,member10766@example.com,9947802786,51,Female,Hyderabad,Regular,2026-06-10,Yes
28439,Aditya Das,member28439@example.com,9305702138,21,Female,Bengaluru,Gold,2025-11-05,Yes
42312,Ayesha Mishra,member42312@example.com,9918984873,63,Female,Kurnool,Gold,2020-03-20,Yes
36758,Imran Mishra,member36758@example.com,9153775305,39,Male,Hyderabad,Gold,2022-11-25,Yes
33242,Arjun Patel,member33242@example.com,9786836097,64,Female,Vijayawada,Regular,2026-02-28,Yes
38746,Vikram Mishra,member38746@example.com,9717462390,32,Female,Hyderabad,Regular,2024-05-02,Yes
35961,Neha Das,member35961@example.com,9988060274,61,Female,Nellore,Regular,2018-06-09,Yes
16032,Meena Das,member16032@example.com,9426835180,43,Male,Anantapur,Regular,2019-01-11,Yes
21222,Neha Gupta,member21222@example.com,9349214623,40,Female,Hyderabad,Regular,2023-06-26,Yes
23353,Ali Verma,member23353@example.com,9687471425,23,Male,Bengaluru,Silver,2025-09-13,No
2214,Priya Singh,member2214@example.com,9395346914,32,Female,Bengaluru,Gold,2019-10-16,Yes
41840,Manoj Verma,member41840@example.com,9565652679,69,Female,Bengaluru,Regular,2023-09-15,Yes
42498,John Sharma,member42498@example.com,9375425538,53,Female,Chennai,Regular,2020-09-28,No
30133,Arjun Singh,member30133@example.com,9535859422,39,Female,Chennai,Regular,2019-07-20,No
21791,Varun Reddy,member21791@example.com,9668647334,52,Male,Tirupati,Silver,2019-03-21,No
24966,Rahul Kumar,member24966@example.com,9973560823,22,Female,Chennai,Regular,2019-01-27,Yes
40231,Vikram Rao,member40231@example.com,9726829913,62,Female,Vijayawada,Regular,2026-03-06,No
1656,Sahil Verma,member1656@example.com,9383652259,59,Female,Anantapur,Silver,2026-06-01,Yes
32506,Sneha Sharma,member32506@example.com,9968238997,66,Female,Vijayawada,Regular,2023-10-13,Yes
30190,Divya Singh,member30190@example.com,9560619580,23,Female,Kurnool,Regular,2025-09-22,No
35749,Kiran Gupta,member35749@example.com,9830794319,55,Female,Anantapur,Regular,2021-12-02,Yes
30428,Imran Reddy,member30428@example.com,9304708202,42,Male,Kadapa,Regular,2026-05-22,Yes
45844,Priya Verma,member45844@example.com,9997650060,69,Male,Bengaluru,Platinum,2018-08-22,Yes
45916,Rahul Das,member45916@example.com,9322292749,38,Female,Kadapa,Regular,2026-05-09,Yes
7894,Vikram Reddy,member7894@example.com,9925966251,54,Male,Kurnool,Platinum,2025-07-04,Yes
36531,Sahil Patel,member36531@example.com,9913597552,46,Female,Tirupati,Regular,2020-04-07,Yes
12855,Varun Gupta,member12855@example.com,9181128003,63,Female,Hyderabad,Silver,2023-09-20,Yes
13642,Divya Das,member13642@example.com,9247574476,42,Male,Tirupati,Silver,2024-05-12,No
35917,Neha Gupta,member35917@example.com,9639929440,50,Male,Bengaluru,Regular,2020-12-13,Yes
36686,Neha Babu,member36686@example.com,9579714081,67,Female,Kurnool,Regular,2018-05-16,Yes
43625,Sneha Yadav,member43625@example.com,9418787543,49,Male,Vijayawada,Silver,2021-11-08,Yes
44189,Neha Babu,member44189@example.com,9126818037,30,Male,Kurnool,Regular,2026-06-11,No
7238,Priya Das,member7238@example.com,9553787133,45,Female,Tirupati,Regular,2021-06-11,Yes
15369,Pooja Yadav,member15369@example.com,9843317174,60,Female,Kurnool,Silver,2023-02-18,Yes
46442,Kiran Singh,member46442@example.com,9328349177,27,Female,Anantapur,Platinum,2026-02-06,No
46384,Priya Reddy,member46384@example.com,9842743423,63,Male,Guntur,Regular,2018-12-03,Yes
34617,Ananya Reddy,member34617@example.com,9914737994,46,Male,Hyderabad,Regular,2021-11-05,Yes
17173,Varun Sharma,member17173@example.com,9193928935,43,Female,Kadapa,Regular,2026-06-22,No
12989,Divya Mishra,member12989@example.com,9941271938,61,Female,Vijayawada,Silver,2018-04-14,Yes
46533,Pooja Naidu,member46533@example.com,9211905881,54,Female,Kurnool,Gold,2024-08-28,No
41891,Priya Das,member41891@example.com,9762353481,68,Female,Guntur,Gold,2019-04-20,Yes
5396,Neha Mishra,member5396@example.com,9148602442,62,Male,Chennai,Regular,2024-02-09,Yes
38850,Varun Mishra,member38850@example.com,9688236669,32,Female,Kadapa,Regular,2020-07-26,Yes
40808,Neha Rao,member40808@example.com,9508945844,19,Female,Tirupati,Regular,2022-11-30,Yes
41944,John Sharma,member41944@example.com,9135048483,24,Female,Hyderabad,Gold,2021-03-15,Yes
15136,Pooja Sharma,member15136@example.com,9883728123,43,Female,Guntur,Regular,2018-08-02,Yes
36338,Aditya Khan,member36338@example.com,9333790879,59,Male,Bengaluru,Gold,2022-02-28,Yes
45153,Sahil Khan,member45153@example.com,9614526816,67,Male,Hyderabad,Regular,2025-05-06,Yes
38373,Pooja Sharma,member38373@example.com,9504042791,20,Female,Nellore,Silver,2023-05-18,Yes
27728,Kiran Patel,member27728@example.com,9874959094,61,Male,Tirupati,Regular,2020-05-07,Yes
46598,Kiran Kumar,member46598@example.com,9325325809,51,Female,Chennai,Regular,2024-03-10,Yes
31651,Neha Babu,member31651@example.com,9955101852,26,Female,Anantapur,Gold,2026-04-24,Yes
39898,Priya Khan,member39898@example.com,9820768900,55,Female,Hyderabad,Gold,2022-08-17,Yes
31275,Divya Reddy,member31275@example.com,9890614237,60,Female,Tirupati,Regular,2020-06-05,Yes
37591,Arjun Babu,member37591@example.com,9783361577,65,Female,Tirupati,Platinum,2022-05-21,Yes
44359,Vikram Rao,member44359@example.com,9278107326,36,Female,Vijayawada,Silver,2021-01-09,Yes
16455,Ananya Reddy,member16455@example.com,9733237366,27,Female,Anantapur,Regular,2018-07-15,Yes
3715,Kiran Reddy,member3715@example.com,9418194318,34,Female,Nellore,Regular,2023-02-14,Yes
35574,John Rao,member35574@example.com,9849568819,68,Female,Bengaluru,Regular,2019-10-20,Yes
8909,John Sharma,member8909@example.com,9244614835,66,Female,Tirupati,Regular,2022-12-09,Yes
29777,Divya Yadav,member29777@example.com,9611167473,30,Female,Hyderabad,Regular,2025-12-13,Yes
35999,Neha Rao,member35999@example.com,9755605606,54,Male,Nellore,Regular,2023-03-17,No
4230,Priya Babu,member4230@example.com,9926093038,64,Female,Tirupati,Regular,2021-08-27,Yes
34252,Sneha Das,member34252@example.com,9433079803,29,Female,Tirupati,Silver,2025-06-11,No
37636,Divya Gupta,member37636@example.com,9659143053,58,Female,Kurnool,Regular,2021-08-19,No
41274,Ananya Khan,member41274@example.com,9219627605,19,Male,Chennai,Regular,2024-10-29,No
43350,Priya Patel,member43350@example.com,9845072539,35,Male,Guntur,Silver,2026-05-08,No
31585,Ananya Mishra,member31585@example.com,9130000226,30,Female,Guntur,Regular,2026-08-28,No
43423,Neha Mishra,member43423@example.com,9845031522,45,Male,Hyderabad,Regular,2019-06-19,Yes
40184,Sahil Rao,member40184@example.com,9663452361,22,Male,Nellore,Silver,2023-04-24,Yes
18049,Divya Verma,member18049@example.com,9914111420,52,Female,Kurnool,Regular,2024-12-19,Yes
24840,Ravi Babu,member24840@example.com,9289102728,34,Male,Hyderabad,Regular,2024-08-22,Yes
27792,Ananya Singh,member27792@example.com,9545035421,33,Male,Tirupati,Regular,2022-04-21,Yes
36356,Kiran Das,member36356@example.com,9799771806,36,Male,Tirupati,Regular,2018-08-31,Yes
5378,Varun Reddy,member5378@example.com,9299540161,51,Female,Vijayawada,Gold,2023-05-18,Yes
40880,Rahul Das,member40880@example.com,9928044201,19,Female,Chennai,Silver,2026-04-01,Yes
35746,Varun Babu,member35746@example.com,9863693126,19,Male,Nellore,Regular,2022-04-08,Yes
40172,Vikram Kumar,member40172@example.com,9253468665,31,Male,Chennai,Regular,2021-05-30,Yes
41009,Ayesha Kumar,member41009@example.com,9495800812,57,Female,Anantapur,Silver,2022-03-10,Yes
20022,Sneha Babu,member20022@example.com,9440468730,30,Male,Chennai,Regular,2025-03-28,Yes
46338,Imran Sharma,member46338@example.com,9286338476,51,Female,Hyderabad,Regular,2023-04-03,Yes
22911,Ananya Patel,member22911@example.com,9375820158,28,Male,Tirupati,Regular,2026-01-21,Yes
45461,Ayesha Khan,member45461@example.com,9656637727,43,Male,Nellore,Gold,2025-11-25,Yes
38461,Arjun Rao,member38461@example.com,9722845700,45,Female,Bengaluru,Regular,2018-01-12,No
41277,Meena Patel,member41277@example.com,9168087573,32,Male,Hyderabad,Regular,2023-10-15,Yes
46466,Arjun Gupta,member46466@example.com,9111270432,56,Male,Bengaluru,Platinum,2022-10-23,Yes
26678,Imran Rao,member26678@example.com,9747413076,69,Male,Chennai,Silver,2020-12-12,Yes
15852,Neha Khan,member15852@example.com,9449493833,33,Male,Tirupati,Regular,2022-12-25,Yes
46028,Varun Reddy,member46028@example.com,9894588563,33,Female,Vijayawada,Silver,2026-02-13,No
43469,Kiran Reddy,member43469@example.com,9992827898,18,Male,Tirupati,Gold,2023-11-11,Yes
38429,Divya Babu,member38429@example.com,9452664278,63,Male,Bengaluru,Regular,2018-08-12,Yes
1139,Priya Verma,member1139@example.com,9921874909,30,Male,Vijayawada,Regular,2021-07-19,Yes
28322,Vikram Naidu,member28322@example.com,9429057102,37,Male,Vijayawada,Silver,2020-11-26,Yes
10569,Varun Gupta,member10569@example.com,9627826077,55,Male,Guntur,Silver,2024-08-11,No
34460,Aditya Yadav,member34460@example.com,9978008350,38,Female,Chennai,Gold,2022-04-11,Yes
37169,Arjun Sharma,member37169@example.com,9993131845,62,Female,Bengaluru,Regular,2019-07-05,Yes
2532,Arjun Verma,member2532@example.com,9402836916,29,Female,Anantapur,Regular,2021-04-27,Yes
32668,Rahul Babu,member32668@example.com,9397962994,63,Female,Hyderabad,Regular,2025-08-10,No
41274,Ananya Khan,member41274@example.com,9219627605,19,Male,Chennai,Regular,2024-10-29,No
3565,John Verma,member3565@example.com,9291573059,34,Male,Guntur,Silver,2018-04-20,No
38684,Aditya Naidu,member38684@example.com,9438428518,32,Male,Kadapa,Regular,2021-03-18,Yes
5554,Varun Singh,member5554@example.com,9669001431,64,Male,Hyderabad,Regular,2026-07-26,Yes
41058,Kiran Mishra,member41058@example.com,9249299374,48,Male,Vijayawada,Silver,2018-08-15,Yes
35604,Rahul Mishra,member35604@example.com,9628040699,30,Male,Tirupati,Regular,2023-07-17,Yes
7030,Manoj Mishra,member7030@example.com,9808993685,26,Male,Vijayawada,Regular,2021-01-22,Yes
28487,Pooja Mishra,member28487@example.com,9695460676,68,Female,Bengaluru,Regular,2019-06-19,Yes
42611,Ananya Reddy,member42611@example.com,9480503486,30,Male,Chennai,Regular,2025-11-27,Yes
17793,Divya Babu,member17793@example.com,9816192412,50,Female,Nellore,Regular,2026-03-03,Yes
17049,Manoj Verma,member17049@example.com,9243413474,23,Male,Bengaluru,Gold,2024-04-08,Yes
25336,Ananya Mishra,member25336@example.com,9993284976,70,Female,Hyderabad,Regular,2019-02-11,No
35513,John Yadav,member35513@example.com,9848961892,29,Female,Chennai,Silver,2020-10-03,Yes
31370,Sneha Patel,member31370@example.com,9708671910,64,Male,Guntur,Regular,2021-04-16,Yes
14787,Priya Reddy,member14787@example.com,9274614279,70,Female,Kadapa,Gold,2023-05-02,Yes
39364,John Babu,member39364@example.com,9867719767,25,Female,Vijayawada,Silver,2020-07-28,Yes
36105,Divya Khan,member36105@example.com,9352041134,52,Male,Hyderabad,Regular,2026-06-17,Yes
45980,Divya Kumar,member45980@example.com,9708743866,45,Female,Kadapa,Regular,2026-01-19,Yes
46442,Kiran Singh,member46442@example.com,9328349177,27,Female,Anantapur,Platinum,2026-02-06,No
33080,Vikram Kumar,member33080@example.com,9276351208,66,Female,Chennai,Silver,2022-05-31,Yes
24345,Sneha Reddy,member24345@example.com,9517792531,54,Female,Bengaluru,Regular,2019-02-05,Yes
45245,Priya Gupta,member45245@example.com,9688782828,65,Male,Nellore,Regular,2022-02-24,Yes
32601,Neha Reddy,member32601@example.com,9623436299,64,Male,Bengaluru,Silver,2020-03-27,Yes
39210,Arjun Reddy,member39210@example.com,9899549357,34,Male,Kadapa,Regular,2024-01-26,No
41488,Neha Yadav,member41488@example.com,9666734234,59,Female,Kurnool,Regular,2018-01-25,Yes
34348,Ananya Rao,member34348@example.com,9315956748,41,Male,Anantapur,Silver,2025-09-25,No
40184,Sahil Rao,member40184@example.com,9663452361,22,Male,Nellore,Silver,2023-04-24,Yes
27166,Ravi Yadav,member27166@example.com,9453781208,21,Male,Guntur,Platinum,2023-07-21,Yes
26792,John Kumar,member26792@example.com,9368511635,61,Male,Kurnool,Regular,2026-02-13,No
41844,Meena Naidu,member41844@example.com,9764571659,28,Female,Anantapur,Platinum,2024-01-21,Yes
6661,Vikram Verma,member6661@example.com,9705991931,23,Female,Anantapur,Regular,2020-10-01,Yes
15944,Ravi Das,member15944@example.com,9820675935,38,Female,Bengaluru,Regular,2023-01-07,No
19902,Meena Kumar,member19902@example.com,9134240220,59,Male,Anantapur,Regular,2022-06-19,No
46032,Ali Khan,member46032@example.com,9962784341,24,Female,Chennai,Silver,2018-12-14,Yes
38037,Manoj Naidu,member38037@example.com,9758059512,24,Female,Kurnool,Regular,2023-02-02,No
33888,Pooja Naidu,member33888@example.com,9577302146,39,Female,Kurnool,Silver,2022-12-22,Yes
10710,Divya Yadav,member10710@example.com,9710846896,63,Female,Kadapa,Silver,2023-01-09,Yes
36906,Varun Patel,member36906@example.com,9545987924,22,Male,Tirupati,Regular,2021-09-23,Yes
36017,Pooja Khan,member36017@example.com,9758469137,34,Female,Bengaluru,Regular,2023-06-09,Yes
47377,Ananya Patel,member47377@example.com,9664479827,27,Female,Bengaluru,Regular,2023-04-27,Yes
39070,Sahil Yadav,member39070@example.com,9412624524,56,Female,Vijayawada,Silver,2024-05-06,No
33195,Neha Reddy,member33195@example.com,9906806452,18,Female,Tirupati,Gold,2019-08-29,Yes
32506,Sneha Sharma,member32506@example.com,9968238997,66,Female,Vijayawada,Regular,2023-10-13,Yes
32388,Manoj Kumar,member32388@example.com,9867762833,27,Female,Hyderabad,Silver,2021-06-06,Yes
37240,Arjun Reddy,member37240@example.com,9833876381,29,Male,Chennai,Silver,2025-11-22,No
42527,Ali Patel,member42527@example.com,9140173632,40,Female,Tirupati,Regular,2020-11-02,Yes
28898,Manoj Das,member28898@example.com,9601863139,56,Male,Vijayawada,Regular,2019-10-06,No
43468,Sneha Verma,member43468@example.com,9269591163,59,Female,Kadapa,Silver,2020-12-16,Yes
26382,Arjun Yadav,member26382@example.com,9555490697,58,Female,Bengaluru,Regular,2020-03-16,No
12803,Arjun Singh,member12803@example.com,9853906918,52,Female,Tirupati,Regular,2019-04-03,Yes
3832,Sneha Sharma,member3832@example.com,9855748300,67,Male,Kurnool,Regular,2025-01-20,No
43510,Vikram Sharma,member43510@example.com,9339219318,57,Male,Kadapa,Regular,2019-03-29,Yes
5538,Divya Khan,member5538@example.com,9456738756,55,Male,Hyderabad,Platinum,2018-07-26,No
38630,Priya Naidu,member38630@example.com,9199280112,20,Male,Kadapa,Regular,2020-06-09,Yes
45745,Ravi Verma,member45745@example.com,9666859463,43,Female,Hyderabad,Regular,2022-04-26,Yes
42019,Arjun Babu,member42019@example.com,9378386345,43,Male,Anantapur,Gold,2021-10-26,No
37169,Arjun Sharma,member37169@example.com,9993131845,62,Female,Bengaluru,Regular,2019-07-05,Yes
46153,Ayesha Das,member46153@example.com,9671011629,27,Male,Anantapur,Regular,2018-08-02,No
4818,Aditya Verma,member4818@example.com,9582475464,51,Male,Guntur,Gold,2021-08-17,Yes
39125,Neha Reddy,member39125@example.com,9530401619,28,Male,Chennai,Regular,2020-05-28,Yes
19241,Ananya Khan,member19241@example.com,9646451981,61,Female,Nellore,Regular,2020-07-25,Yes
43123,Ananya Mishra,member43123@example.com,9639975571,21,Male,Anantapur,Regular,2024-10-25,Yes
18970,Manoj Gupta,member18970@example.com,9648286856,65,Male,Kadapa,Regular,2022-01-05,Yes
13279,Aditya Das,member13279@example.com,9579333484,55,Female,Guntur,Regular,2026-05-20,Yes
29320,Ayesha Reddy,member29320@example.com,9483078402,40,Male,Vijayawada,Gold,2026-04-26,No
34328,Aditya Verma,member34328@example.com,9576118071,44,Female,Chennai,Regular,2023-07-12,Yes
44233,Imran Naidu,member44233@example.com,9208602298,62,Male,Kadapa,Silver,2025-03-21,Yes
38778,Neha Gupta,member38778@example.com,9444792139,61,Male,Bengaluru,Regular,2019-10-13,Yes
33242,Arjun Patel,member33242@example.com,9786836097,64,Female,Vijayawada,Regular,2026-02-28,Yes
21230,Vikram Rao,member21230@example.com,9837053640,70,Female,Chennai,Gold,2020-08-19,Yes
33051,Varun Naidu,member33051@example.com,9146534317,26,Male,Hyderabad,Platinum,2022-02-01,Yes
5947,Meena Sharma,member5947@example.com,9595461365,42,Male,Bengaluru,Silver,2024-03-07,Yes
32574,Aditya Babu,member32574@example.com,9199261700,26,Female,Vijayawada,Gold,2022-01-31,No
8859,Divya Sharma,member8859@example.com,9859407192,64,Male,Hyderabad,Regular,2025-12-14,Yes
36923,Aditya Reddy,member36923@example.com,9280781092,18,Female,Bengaluru,Gold,2025-03-25,Yes
39666,Priya Khan,member39666@example.com,9117992815,60,Female,Chennai,Gold,2018-10-09,Yes
5087,Ayesha Kumar,member5087@example.com,9719466866,20,Female,Guntur,Regular,2025-07-14,Yes
6601,Sahil Sharma,member6601@example.com,9670837236,34,Female,Kadapa,Gold,2018-08-10,Yes
6949,Arjun Sharma,member6949@example.com,9801577056,27,Female,Kadapa,Regular,2024-03-14,No
2869,Sneha Reddy,member2869@example.com,9438953817,20,Female,Kadapa,Regular,2018-06-11,No
31990,Manoj Kumar,member31990@example.com,9441550294,67,Male,Guntur,Regular,2018-11-01,Yes
24903,Neha Sharma,member24903@example.com,9477808026,63,Male,Chennai,Silver,2022-02-17,Yes
24940,Sahil Naidu,member24940@example.com,9845132399,70,Female,Hyderabad,Regular,2023-02-21,Yes
42099,Meena Das,member42099@example.com,9771066569,62,Male,Hyderabad,Regular,2023-01-03,No
40334,Sneha Verma,member40334@example.com,9231403746,38,Male,Bengaluru,Gold,2025-10-25,Yes
35746,Varun Babu,member35746@example.com,9863693126,19,Male,Nellore,Regular,2022-04-08,Yes
20525,Vikram Verma,member20525@example.com,9677342791,69,Male,Bengaluru,Gold,2019-11-14,Yes
34038,Sneha Babu,member34038@example.com,9242240508,37,Male,Nellore,Regular,2023-03-14,Yes
41914,Ali Das,member41914@example.com,9448899684,55,Female,Hyderabad,Silver,2019-11-22,Yes
19186,Vikram Sharma,member19186@example.com,9470552485,51,Female,Anantapur,Platinum,2018-07-03,Yes
40328,Ananya Babu,member40328@example.com,9864804419,37,Male,Chennai,Regular,2020-10-06,Yes
33237,Kiran Mishra,member33237@example.com,9480185318,20,Female,Vijayawada,Gold,2023-09-22,No
18987,Ali Patel,member18987@example.com,9997143802,48,Female,Chennai,Regular,2021-04-17,Yes
5330,Ali Rao,member5330@example.com,9727103681,47,Male,Kurnool,Gold,2022-05-29,Yes
43806,Sahil Reddy,member43806@example.com,9983380547,24,Male,Chennai,Gold,2025-02-18,Yes
11087,Ali Gupta,member11087@example.com,9558820241,20,Female,Hyderabad,Regular,2025-08-25,Yes
8892,John Kumar,member8892@example.com,9854118314,58,Male,Hyderabad,Regular,2019-06-25,Yes
43032,Ravi Mishra,member43032@example.com,9370189806,42,Male,Anantapur,Gold,2023-02-06,Yes
5541,Manoj Das,member5541@example.com,9190700100,20,Male,Vijayawada,Silver,2020-06-21,Yes
43257,Manoj Khan,member43257@example.com,9516033618,48,Female,Guntur,Regular,2020-03-31,Yes
42483,John Khan,member42483@example.com,9806227664,66,Male,Guntur,Regular,2024-04-16,No
45696,Priya Kumar,member45696@example.com,9258558168,34,Male,Kurnool,Regular,2023-11-23,Yes
38998,Ayesha Babu,member38998@example.com,9507313464,24,Male,Kurnool,Gold,2026-07-31,Yes
22645,Ayesha Yadav,member22645@example.com,9839554329,45,Female,Nellore,Regular,2024-07-19,Yes
19261,Ayesha Mishra,member19261@example.com,9403747517,51,Female,Tirupati,Platinum,2020-10-28,Yes
29529,Sahil Gupta,member29529@example.com,9332673309,70,Female,Hyderabad,Regular,2018-11-13,No
45140,Meena Rao,member45140@example.com,9734370385,33,Male,Vijayawada,Silver,2022-12-16,No
37795,Meena Gupta,member37795@example.com,9772011865,44,Female,Kurnool,Regular,2021-01-28,Yes
41159,Arjun Reddy,member41159@example.com,9994784982,25,Female,Hyderabad,Regular,2023-01-13,Yes
40621,Ali Rao,member40621@example.com,9487815327,60,Male,Guntur,Silver,2019-08-23,Yes
39157,Vikram Mishra,member39157@example.com,9753246595,51,Female,Tirupati,Regular,2024-03-25,No
44596,Arjun Sharma,member44596@example.com,9450045365,48,Female,Anantapur,Regular,2024-01-04,Yes
5747,Kiran Kumar,member5747@example.com,9132647077,43,Male,Tirupati,Regular,2021-07-28,Yes
29250,Ayesha Singh,member29250@example.com,9509734759,26,Female,Kurnool,Regular,2026-05-17,No
8421,Vikram Gupta,member8421@example.com,9435298146,36,Female,Vijayawada,Platinum,2018-03-02,Yes
36162,John Das,member36162@example.com,9599760587,48,Male,Chennai,Silver,2026-04-16,Yes
25375,Rahul Rao,member25375@example.com,9472741330,70,Male,Kurnool,Regular,2020-07-19,No
6736,Ayesha Verma,member6736@example.com,9967144489,62,Male,Kurnool,Regular,2023-02-10,Yes
29995,Priya Mishra,member29995@example.com,9593314102,18,Female,Hyderabad,Regular,2022-11-30,No
21520,Varun Das,member21520@example.com,9670200721,42,Female,Vijayawada,Silver,2018-06-26,Yes
43472,John Reddy,member43472@example.com,9208689494,22,Female,Guntur,Silver,2018-03-06,Yes
41534,John Sharma,member41534@example.com,9723101559,69,Female,Chennai,Silver,2024-10-08,Yes
37075,Imran Singh,member37075@example.com,9856218711,31,Female,Kadapa,Regular,2021-04-16,Yes
23492,Kiran Singh,member23492@example.com,9310482289,33,Male,Kurnool,Regular,2021-08-01,No
39895,Sahil Gupta,member39895@example.com,9519363415,65,Male,Hyderabad,Silver,2025-12-07,Yes
44147,Imran Sharma,member44147@example.com,9648325015,46,Female,Bengaluru,Regular,2020-04-15,Yes
41153,Sahil Khan,member41153@example.com,9495888797,70,Male,Anantapur,Regular,2025-07-14,Yes
45986,Kiran Rao,member45986@example.com,9143079941,54,Female,Kadapa,Regular,2026-03-19,Yes
3419,Priya Naidu,member3419@example.com,9356183428,51,Male,Bengaluru,Regular,2019-11-02,Yes
39202,Ananya Rao,member39202@example.com,9543767014,48,Female,Chennai,Regular,2023-12-22,Yes
25226,Vikram Verma,member25226@example.com,9101625130,42,Male,Chennai,Silver,2024-04-20,Yes
36410,Ayesha Reddy,member36410@example.com,9977396347,56,Male,Kadapa,Silver,2025-05-30,Yes
45154,Manoj Das,member45154@example.com,9269783233,34,Male,Anantapur,Gold,2024-09-16,Yes
12348,Priya Rao,member12348@example.com,9485877189,27,Female,Vijayawada,Gold,2022-09-18,Yes
37636,Divya Gupta,member37636@example.com,9659143053,58,Female,Kurnool,Regular,2021-08-19,No
3031,John Kumar,member3031@example.com,9697314236,35,Male,Nellore,Regular,2019-10-04,No
37520,Ali Singh,member37520@example.com,9434769791,61,Male,Nellore,Regular,2019-06-17,Yes
14748,Ali Patel,member14748@example.com,9626613496,58,Female,Chennai,Regular,2025-03-31,Yes
38004,John Singh,member38004@example.com,9450868911,52,Female,Bengaluru,Silver,2023-04-08,Yes
46837,Pooja Rao,member46837@example.com,9487728398,69,Male,Anantapur,Regular,2024-09-06,Yes
6542,Sahil Verma,member6542@example.com,9933119847,31,Female,Nellore,Gold,2026-08-24,Yes
43009,Pooja Naidu,member43009@example.com,9695952423,22,Female,Bengaluru,Regular,2021-05-17,No
5877,Vikram Kumar,member5877@example.com,9777274781,22,Female,Hyderabad,Silver,2021-07-19,Yes
46115,Arjun Mishra,member46115@example.com,9657633484,53,Female,Hyderabad,Regular,2021-01-01,Yes
28321,Varun Verma,member28321@example.com,9371900124,22,Female,Kurnool,Silver,2026-04-25,Yes
36159,Vikram Khan,member36159@example.com,9200248373,31,Male,Kadapa,Regular,2021-03-03,Yes
41205,Varun Verma,member41205@example.com,9735224328,35,Female,Kurnool,Regular,2019-06-27,Yes
39551,Pooja Kumar,member39551@example.com,9254996051,18,Female,Hyderabad,Regular,2023-05-24,Yes
19958,Ali Reddy,member19958@example.com,9196405448,61,Male,Tirupati,Regular,2024-11-07,Yes
42563,Pooja Reddy,member42563@example.com,9350628274,20,Male,Bengaluru,Regular,2020-06-29,Yes
35842,Vikram Rao,member35842@example.com,9275345188,18,Male,Nellore,Regular,2025-01-27,Yes
40549,Arjun Reddy,member40549@example.com,9697366191,44,Female,Vijayawada,Gold,2024-12-31,Yes
14399,Ananya Khan,member14399@example.com,9956257311,25,Male,Guntur,Regular,2023-11-19,Yes
38696,Varun Khan,member38696@example.com,9367219366,30,Female,Kurnool,Regular,2021-03-27,No
40237,Aditya Patel,member40237@example.com,9413474090,53,Male,Guntur,Platinum,2026-03-20,Yes
40305,Varun Rao,member40305@example.com,9258852362,20,Male,Hyderabad,Regular,2023-06-10,Yes
42136,Arjun Mishra,member42136@example.com,9543920781,46,Male,Anantapur,Regular,2023-10-23,Yes
41245,Priya Rao,member41245@example.com,9867606810,43,Female,Anantapur,Regular,2020-05-22,Yes
28269,Sneha Reddy,member28269@example.com,9965293164,67,Male,Bengaluru,Regular,2025-08-11,Yes
39186,Arjun Patel,member39186@example.com,9160277187,56,Female,Chennai,Regular,2020-06-04,Yes
1001,Arjun Gupta,member1001@example.com,9396434486,56,Male,Kurnool,Regular,2023-07-14,Yes
43503,Ananya Babu,member43503@example.com,9756882737,33,Male,Bengaluru,Regular,2018-10-24,Yes
14160,Priya Naidu,member14160@example.com,9290343897,49,Male,Kurnool,Regular,2026-08-03,Yes
40328,Ananya Babu,member40328@example.com,9864804419,37,Male,Chennai,Regular,2020-10-06,Yes
45696,Priya Kumar,member45696@example.com,9258558168,34,Male,Kurnool,Regular,2023-11-23,Yes
38683,Ayesha Babu,member38683@example.com,9924208020,67,Male,Guntur,Regular,2018-05-12,Yes
2625,Manoj Sharma,member2625@example.com,9510217224,51,Male,Kurnool,Regular,2020-12-28,No
39035,Ali Verma,member39035@example.com,9314087352,19,Male,Hyderabad,Regular,2020-10-03,Yes
24885,Aditya Rao,member24885@example.com,9679752700,57,Male,Nellore,Regular,2018-09-24,Yes
47441,Sneha Naidu,member47441@example.com,9840429957,20,Female,Anantapur,Silver,2019-04-14,Yes
39770,Pooja Verma,member39770@example.com,9141095677,29,Male,Guntur,Regular,2020-03-28,Yes
37524,Priya Das,member37524@example.com,9306295504,46,Female,Nellore,Gold,2022-06-16,Yes
40489,Manoj Reddy,member40489@example.com,9638504495,49,Male,Hyderabad,Silver,2018-07-23,Yes
45098,Pooja Rao,member45098@example.com,9751292373,51,Male,Hyderabad,Gold,2025-03-22,Yes
41861,Divya Yadav,member41861@example.com,9298353428,38,Male,Guntur,Silver,2018-02-04,Yes
40607,Manoj Das,member40607@example.com,9602576775,66,Female,Nellore,Regular,2019-09-04,Yes
1233,Arjun Patel,member1233@example.com,9989569126,46,Female,Chennai,Regular,2024-01-25,Yes
3790,Ayesha Kumar,member3790@example.com,9939357647,37,Male,Nellore,Silver,2019-04-22,Yes
39876,Vikram Mishra,member39876@example.com,9718185103,51,Female,Anantapur,Gold,2020-01-15,Yes
45950,Ali Patel,member45950@example.com,9773478202,22,Other,Tirupati,Silver,2026-04-05,Yes
39681,Ravi Reddy,member39681@example.com,9567013886,70,Male,Nellore,Regular,2023-12-22,Yes
34576,Sahil Singh,member34576@example.com,9737015292,60,Female,Anantapur,Gold,2024-08-20,No
4129,Vikram Singh,member4129@example.com,9182644120,58,Female,Tirupati,Gold,2020-11-18,No
38255,Kiran Patel,member38255@example.com,9694881316,44,Female,Bengaluru,Platinum,2024-07-31,Yes
39003,Ayesha Rao,member39003@example.com,9704820030,55,Male,Guntur,Regular,2025-08-25,No
29583,Ravi Kumar,member29583@example.com,9157400816,59,Male,Guntur,Regular,2024-09-07,Yes
34405,Imran Patel,member34405@example.com,9967038452,57,Female,Tirupati,Silver,2026-06-28,Yes
7678,Varun Mishra,member7678@example.com,9820950896,32,Female,Kurnool,Regular,2019-06-24,No
1132,Aditya Yadav,member1132@example.com,9786944145,66,Female,Chennai,Gold,2025-06-04,Yes
20035,Ali Patel,member20035@example.com,9788238993,20,Female,Tirupati,Silver,2023-01-13,Yes
4249,Ayesha Naidu,member4249@example.com,9933806198,53,Female,Kadapa,Gold,2019-11-10,Yes
43228,Arjun Rao,member43228@example.com,9769894001,67,Male,Tirupati,Silver,2018-03-01,Yes
8871,Manoj Sharma,member8871@example.com,9700037271,42,Male,Anantapur,Gold,2024-01-28,No
10509,Varun Patel,member10509@example.com,9110946089,18,Other,Nellore,Gold,2024-10-31,Yes
39894,John Mishra,member39894@example.com,9412436305,51,Male,Kurnool,Silver,2019-12-23,Yes
44926,Ali Naidu,member44926@example.com,9610732585,45,Female,Tirupati,Regular,2018-09-04,Yes
41758,Vikram Sharma,member41758@example.com,9296128822,38,Female,Tirupati,Silver,2023-10-02,No
39036,Ananya Patel,member39036@example.com,9203809279,37,Female,Bengaluru,Silver,2026-05-15,No
11994,Sahil Babu,member11994@example.com,9126645921,42,Female,Nellore,Regular,2021-11-18,Yes
43569,Kiran Patel,member43569@example.com,9734121292,41,Female,Hyderabad,Silver,2018-12-27,Yes
2418,Ayesha Verma,member2418@example.com,9304592334,34,Female,Anantapur,Regular,2024-02-11,Yes
18093,Manoj Naidu,member18093@example.com,9941723915,62,Female,Kadapa,Regular,2021-08-15,Yes
45234,Imran Rao,member45234@example.com,9298790863,46,Female,Nellore,Gold,2026-05-24,Yes
44218,Sneha Yadav,member44218@example.com,9437707693,68,Male,Anantapur,Silver,2019-01-20,Yes
40655,Priya Singh,member40655@example.com,9812311878,18,Male,Kadapa,Silver,2022-04-16,Yes
23714,Priya Khan,member23714@example.com,9283231711,65,Female,Hyderabad,Regular,2022-03-23,Yes
6593,Priya Singh,member6593@example.com,9521073809,32,Male,Tirupati,Regular,2021-06-12,No
40009,Aditya Mishra,member40009@example.com,9884408581,20,Male,Kadapa,Silver,2019-10-01,Yes
33804,Kiran Gupta,member33804@example.com,9574715943,46,Male,Guntur,Regular,2018-12-13,Yes
42251,Kiran Singh,member42251@example.com,9184511034,55,Female,Chennai,Regular,2022-01-02,Yes
33955,John Rao,member33955@example.com,9553152122,40,Female,Vijayawada,Regular,2020-01-07,Yes
6014,Pooja Gupta,member6014@example.com,9589167646,30,Female,Kurnool,Regular,2026-08-19,Yes
42434,John Rao,member42434@example.com,9296523711,29,Female,Anantapur,Gold,2024-09-05,Yes
9164,Ravi Yadav,member9164@example.com,9749559026,37,Female,Kadapa,Gold,2023-03-26,Yes
21074,Neha Kumar,member21074@example.com,9266532547,31,Male,Kurnool,Gold,2023-08-13,Yes
34459,Neha Kumar,member34459@example.com,9722360831,59,Male,Nellore,Regular,2023-04-23,Yes
38682,Priya Mishra,member38682@example.com,9518061114,29,Female,Tirupati,Regular,2023-04-21,Yes
38742,Vikram Reddy,member38742@example.com,9858104677,65,Male,Chennai,Regular,2023-02-15,Yes
33420,Aditya Khan,member33420@example.com,9609859137,51,Male,Chennai,Regular,2021-04-18,Yes
36182,Divya Singh,member36182@example.com,9914985424,69,Female,Tirupati,Regular,2025-09-27,Yes
3367,Ayesha Gupta,member3367@example.com,9647319763,60,Male,Vijayawada,Regular,2025-09-06,Yes
38630,Priya Naidu,member38630@example.com,9199280112,20,Male,Kadapa,Regular,2020-06-09,Yes
39910,Ravi Mishra,member39910@example.com,9725778973,38,Male,Chennai,Regular,2024-02-10,Yes
15726,Imran Reddy,member15726@example.com,9646994651,43,Male,Anantapur,Silver,2023-01-03,Yes
40888,Arjun Mishra,member40888@example.com,9865832485,36,Female,Hyderabad,Platinum,2021-04-14,Yes
36159,Vikram Khan,member36159@example.com,9200248373,31,Male,Kadapa,Regular,2021-03-03,Yes
3029,Rahul Yadav,member3029@example.com,9849755900,58,Male,Tirupati,Gold,2025-08-05,Yes
34177,Sahil Naidu,member34177@example.com,9871095715,53,Male,Vijayawada,Regular,2023-09-12,Yes
35391,Sahil Reddy,member35391@example.com,9924249178,64,Female,Kurnool,Gold,2024-01-10,Yes
45289,Sahil Singh,member45289@example.com,9956124819,63,Female,Kadapa,Silver,2023-07-25,No
2477,Neha Kumar,member2477@example.com,9193244258,61,Male,Chennai,Gold,2021-06-20,Yes
40382,Arjun Verma,member40382@example.com,9248321065,58,Female,Kurnool,Regular,2021-01-31,No
43707,Imran Patel,member43707@example.com,9158440735,36,Female,Vijayawada,Regular,2019-10-18,Yes
24989,Priya Gupta,member24989@example.com,9363926207,18,Male,Kadapa,Regular,2018-10-12,Yes
15034,John Khan,member15034@example.com,9505908080,61,Female,Kadapa,Platinum,2018-11-07,Yes
35309,Ravi Khan,member35309@example.com,9928682879,58,Male,Nellore,Gold,2021-05-23,Yes
12201,Ayesha Gupta,member12201@example.com,9292696765,44,Male,Kurnool,Silver,2018-10-14,Yes
14936,Arjun Naidu,member14936@example.com,9496468227,34,Male,Anantapur,Regular,2025-05-14,No
28069,Rahul Mishra,member28069@example.com,9752670361,35,Male,Hyderabad,Regular,2022-01-22,No
29899,Ravi Das,member29899@example.com,9704713256,50,Female,Guntur,Silver,2019-09-27,Yes
37264,Pooja Verma,member37264@example.com,9525211056,32,Male,Tirupati,Regular,2025-01-08,Yes
4742,Varun Yadav,member4742@example.com,9431518934,38,Female,Kadapa,Regular,2023-10-02,Yes
7919,Vikram Kumar,member7919@example.com,9744295262,30,Female,Kadapa,Regular,2021-03-13,Yes
46201,Kiran Patel,member46201@example.com,9483744338,52,Male,Vijayawada,Regular,2018-09-21,No
42699,Priya Mishra,member42699@example.com,9503663610,41,Male,Vijayawada,Regular,2026-06-30,No
10425,Kiran Babu,member10425@example.com,9687368299,18,Male,Hyderabad,Platinum,2018-03-20,Yes
8740,Priya Kumar,member8740@example.com,9975551734,28,Female,Chennai,Regular,2020-01-03,Yes
31421,Ravi Mishra,member31421@example.com,9472747804,55,Female,Kurnool,Regular,2020-01-22,Yes
8511,Ayesha Rao,member8511@example.com,9439151575,67,Male,Tirupati,Regular,2023-05-14,Yes
40510,Varun Das,member40510@example.com,9536980297,37,Male,Chennai,Regular,2018-05-20,No
2864,Kiran Das,member2864@example.com,9118829012,21,Male,Vijayawada,Regular,2022-04-08,Yes
35467,Varun Das,member35467@example.com,9117900489,24,Male,Bengaluru,Silver,2018-06-02,Yes
45663,Imran Babu,member45663@example.com,9732216377,39,Female,Bengaluru,Regular,2021-10-08,Yes
41891,Priya Das,member41891@example.com,9762353481,68,Female,Guntur,Gold,2019-04-20,Yes
39699,Ravi Kumar,member39699@example.com,9563429778,31,Female,Hyderabad,Platinum,2023-05-14,Yes
41007,John Khan,member41007@example.com,9552740825,49,Female,Guntur,Silver,2023-11-10,Yes
45643,Ali Verma,member45643@example.com,9120132616,50,Male,Kurnool,Regular,2018-07-18,Yes
44295,Meena Rao,member44295@example.com,9308637419,50,Female,Nellore,Platinum,2020-12-18,Yes
8648,Kiran Khan,member8648@example.com,9878486786,58,Female,Chennai,Silver,2023-09-21,Yes
950,Kiran Kumar,member950@example.com,9556077156,60,Female,Guntur,Silver,2021-05-05,Yes
17621,Neha Khan,member17621@example.com,9225180345,33,Male,Bengaluru,Platinum,2025-05-01,No
36374,Ayesha Singh,member36374@example.com,9601062118,55,Female,Hyderabad,Regular,2021-04-03,Yes
35066,Varun Rao,member35066@example.com,9826350185,26,Female,Anantapur,Regular,2022-07-24,Yes
7328,Vikram Verma,member7328@example.com,9639887598,21,Female,Anantapur,Regular,2021-02-15,Yes
38740,Ayesha Das,member38740@example.com,9136672445,60,Female,Guntur,Regular,2020-05-26,Yes
42298,Imran Mishra,member42298@example.com,9433496174,54,Female,Bengaluru,Regular,2020-02-04,Yes
36356,Kiran Das,member36356@example.com,9799771806,36,Male,Tirupati,Regular,2018-08-31,Yes
42397,Vikram Patel,member42397@example.com,9505997627,37,Female,Chennai,Regular,2019-06-01,No
46443,Kiran Khan,member46443@example.com,9705879948,43,Female,Kurnool,Gold,2025-08-08,Yes
26707,John Sharma,member26707@example.com,9928460594,32,Female,Hyderabad,Gold,2020-04-06,Yes
11874,Meena Das,member11874@example.com,9888374093,18,Male,Guntur,Silver,2020-01-03,Yes
41159,Arjun Reddy,member41159@example.com,9994784982,25,Female,Hyderabad,Regular,2023-01-13,Yes
29161,Ravi Naidu,member29161@example.com,9187119940,53,Female,Chennai,Regular,2022-12-10,No
11119,Priya Verma,member11119@example.com,9144370722,44,Male,Anantapur,Silver,2025-01-05,No
14852,Pooja Gupta,member14852@example.com,9821436854,45,Male,Nellore,Regular,2022-10-29,Yes
23345,Ananya Mishra,member23345@example.com,9777683959,26,Female,Kurnool,Regular,2018-09-10,Yes
2465,Varun Kumar,member2465@example.com,9572505070,39,Female,Anantapur,Regular,2022-08-11,Yes
5115,Manoj Gupta,member5115@example.com,9948709510,44,Female,Guntur,Regular,2026-06-27,Yes
36052,Aditya Rao,member36052@example.com,9490419987,69,Female,Vijayawada,Regular,2023-11-17,Yes
22019,Pooja Sharma,member22019@example.com,9932829785,68,Female,Vijayawada,Regular,2025-10-04,Yes
5611,Sahil Kumar,member5611@example.com,9741913611,62,Female,Nellore,Regular,2025-08-04,Yes
33824,Imran Gupta,member33824@example.com,9611129380,44,Male,Hyderabad,Regular,2024-04-23,Yes
25220,Imran Khan,member25220@example.com,9235349827,28,Female,Bengaluru,Regular,2021-01-16,Yes
36492,Manoj Babu,member36492@example.com,9948364838,39,Male,Anantapur,Regular,2024-06-30,Yes
19855,Manoj Gupta,member19855@example.com,9374175864,47,Male,Guntur,Regular,2026-04-13,Yes
28826,Ravi Mishra,member28826@example.com,9426704716,32,Female,Chennai,Regular,2021-09-20,Yes
9982,Priya Naidu,member9982@example.com,9882151918,30,Male,Kadapa,Regular,2025-10-04,Yes
39736,Arjun Rao,member39736@example.com,9486044576,25,Male,Anantapur,Regular,2023-08-03,Yes
18555,Vikram Mishra,member18555@example.com,9421166663,49,Female,Guntur,Regular,2021-07-22,Yes
16546,Meena Naidu,member16546@example.com,9745925194,29,Female,Vijayawada,Regular,2025-01-04,Yes
20795,Imran Kumar,member20795@example.com,9159080961,45,Female,Bengaluru,Regular,2022-11-08,Yes
24580,Neha Reddy,member24580@example.com,9396583443,40,Male,Kurnool,Regular,2021-08-27,Yes
46732,Imran Singh,member46732@example.com,9431228674,60,Female,Nellore,Silver,2023-07-05,Yes
3037,Divya Yadav,member3037@example.com,9492496025,64,Male,Vijayawada,Regular,2025-12-06,Yes
11360,Priya Sharma,member11360@example.com,9415733544,46,Female,Guntur,Silver,2019-05-16,Yes
420,Priya Rao,member420@example.com,9143941773,37,Male,Anantapur,Gold,2019-06-06,Yes
39820,Vikram Singh,member39820@example.com,9416655475,39,Female,Hyderabad,Regular,2018-03-07,Yes
45032,Priya Verma,member45032@example.com,9360033113,19,Female,Anantapur,Regular,2021-01-11,Yes
7134,Varun Babu,member7134@example.com,9554779703,31,Male,Tirupati,Gold,2024-02-29,Yes
12145,Aditya Das,member12145@example.com,9896080204,24,Female,Kadapa,Regular,2022-12-04,Yes
40337,Pooja Rao,member40337@example.com,9832252200,44,Female,Chennai,Regular,2021-04-29,Yes
23652,Meena Kumar,member23652@example.com,9554400118,41,Female,Bengaluru,Silver,2021-04-09,No
33335,Imran Yadav,member33335@example.com,9391131954,41,Female,Hyderabad,Silver,2022-03-15,No
6162,Neha Mishra,member6162@example.com,9107919185,38,Male,Anantapur,Silver,2020-11-09,Yes
42747,Aditya Rao,member42747@example.com,9732681887,60,Male,Hyderabad,Silver,2018-09-23,Yes
32322,Priya Sharma,member32322@example.com,9540775857,39,Male,Anantapur,Regular,2018-11-27,No
12052,Sahil Gupta,member12052@example.com,9387554777,69,Male,Chennai,Gold,2018-10-02,Yes
47377,Ananya Patel,member47377@example.com,9664479827,27,Female,Bengaluru,Regular,2023-04-27,Yes
41036,Ravi Sharma,member41036@example.com,9605564789,28,Male,Anantapur,Silver,2018-11-03,Yes
7309,John Gupta,member7309@example.com,9219629437,48,Male,Kurnool,Regular,2024-05-03,Yes
16404,Rahul Mishra,member16404@example.com,9842369722,19,Male,Chennai,Regular,2024-04-27,No
12960,Arjun Patel,member12960@example.com,9918903671,23,Female,Kadapa,Gold,2024-09-29,Yes
30696,Vikram Das,member30696@example.com,9115530803,43,Female,Nellore,Silver,2021-09-02,Yes
40319,Aditya Khan,member40319@example.com,9210876736,49,Female,Nellore,Silver,2022-05-31,Yes
42556,Ravi Reddy,member42556@example.com,9476398016,18,Male,Chennai,Silver,2018-08-10,Yes
29157,Ali Gupta,member29157@example.com,9251899814,57,Male,Guntur,Silver,2025-02-23,Yes
39167,Manoj Khan,member39167@example.com,9652945258,52,Female,Bengaluru,Regular,2023-05-25,No
38246,Arjun Yadav,member38246@example.com,9982499558,61,Male,Tirupati,Silver,2024-03-11,No
6367,Arjun Gupta,member6367@example.com,9657985294,18,Male,Nellore,Silver,2019-07-20,Yes
12636,John Yadav,member12636@example.com,9967327299,64,Male,Nellore,Regular,2022-07-03,No
36432,Manoj Patel,member36432@example.com,9371782717,23,Female,Vijayawada,Silver,2026-03-30,Yes
21044,Ali Naidu,member21044@example.com,9434519075,27,Male,Guntur,Regular,2020-05-18,Yes
19201,Arjun Patel,member19201@example.com,9368005621,61,Female,Tirupati,Gold,2025-05-12,Yes
9605,Ali Reddy,member9605@example.com,9981788843,65,Female,Guntur,Regular,2020-12-20,Yes
27335,Aditya Khan,member27335@example.com,9787103477,25,Female,Kurnool,Silver,2023-08-23,Yes
46935,Priya Verma,member46935@example.com,9265110963,51,Male,Tirupati,Gold,2019-09-25,Yes
38556,Imran Reddy,member38556@example.com,9140495554,65,Male,Tirupati,Regular,2024-02-29,Yes
15154,Ayesha Mishra,member15154@example.com,9762728500,48,Male,Bengaluru,Silver,2024-10-11,Yes
36924,Pooja Sharma,member36924@example.com,9603337546,45,Female,Anantapur,Regular,2023-08-06,Yes
4868,Meena Sharma,member4868@example.com,9409120678,65,Male,Hyderabad,Gold,2018-12-12,Yes
6083,Varun Verma,member6083@example.com,9719695872,32,Female,Bengaluru,Regular,2019-10-27,Yes
13957,Meena Babu,member13957@example.com,9720118364,22,Female,Kurnool,Silver,2022-10-21,No
737,Rahul Babu,member737@example.com,9516273156,52,Male,Anantapur,Gold,2026-02-05,Yes
28580,Ananya Babu,member28580@example.com,9491374519,26,Female,Anantapur,Regular,2023-10-22,Yes
43062,Neha Yadav,member43062@example.com,9563168775,51,Male,Tirupati,Regular,2020-02-05,Yes
44009,Ravi Singh,member44009@example.com,9862336413,39,Female,Tirupati,Regular,2019-11-06,Yes
38300,Sahil Rao,member38300@example.com,9253696411,57,Male,Nellore,Silver,2023-05-31,Yes
5565,Aditya Rao,member5565@example.com,9958364773,45,Female,Anantapur,Silver,2022-07-30,Yes
29531,Arjun Das,member29531@example.com,9724088468,43,Female,Kurnool,Regular,2023-02-06,Yes
5327,Ravi Naidu,member5327@example.com,9406983991,59,Male,Anantapur,Silver,2021-02-26,Yes
38810,Ravi Gupta,member38810@example.com,9391606525,64,Male,Guntur,Regular,2019-06-17,Yes
46432,Ayesha Das,member46432@example.com,9877059027,26,Male,Tirupati,Regular,2022-03-15,Yes
11635,Ravi Patel,member11635@example.com,9373565571,43,Male,Tirupati,Gold,2018-07-27,Yes
15954,Sneha Singh,member15954@example.com,9977638159,22,Male,Chennai,Regular,2023-06-12,Yes
29834,Neha Verma,member29834@example.com,9682180107,63,Male,Chennai,Silver,2022-06-19,Yes
39671,Rahul Gupta,member39671@example.com,9325246173,69,Female,Guntur,Regular,2024-10-27,Yes
19026,Sahil Babu,member19026@example.com,9641197157,33,Female,Nellore,Regular,2018-08-13,Yes
22896,Priya Reddy,member22896@example.com,9963860883,33,Male,Anantapur,Regular,2025-03-08,No
45643,Ali Verma,member45643@example.com,9120132616,50,Male,Kurnool,Regular,2018-07-18,Yes
21582,Ravi Verma,member21582@example.com,9954905241,45,Male,Chennai,Gold,2018-07-13,Yes
43625,Sneha Yadav,member43625@example.com,9418787543,49,Male,Vijayawada,Silver,2021-11-08,Yes
47037,John Babu,member47037@example.com,9547813412,43,Male,Chennai,Gold,2025-02-14,Yes
1445,Ravi Mishra,member1445@example.com,9806005434,34,Male,Kurnool,Regular,2020-03-26,Yes
26804,Sneha Kumar,member26804@example.com,9602376924,23,Male,Nellore,Regular,2025-07-11,Yes
41480,Ravi Rao,member41480@example.com,9646144418,42,Male,Tirupati,Regular,2025-09-28,Yes
16004,Manoj Patel,member16004@example.com,9727736284,36,Male,Nellore,Silver,2025-11-17,Yes
26230,Divya Yadav,member26230@example.com,9532006831,48,Male,Anantapur,Regular,2018-01-30,No
22187,Ravi Gupta,member22187@example.com,9318809085,42,Male,Chennai,Regular,2023-10-23,No
45517,Divya Rao,member45517@example.com,9105717775,44,Female,Guntur,Silver,2025-07-10,Yes
2580,Sneha Mishra,member2580@example.com,9274362224,35,Male,Hyderabad,Regular,2022-03-12,Yes
17966,Arjun Reddy,member17966@example.com,9434617223,54,Female,Tirupati,Regular,2020-08-07,No
29127,Ali Kumar,member29127@example.com,9510763661,34,Male,Anantapur,Regular,2018-04-20,Yes
4163,Kiran Das,member4163@example.com,9951301463,55,Female,Kadapa,Regular,2026-05-10,Yes
40104,Varun Khan,member40104@example.com,9213539436,18,Male,Nellore,Regular,2021-07-16,Yes
10531,Priya Babu,member10531@example.com,9725032624,25,Male,Kurnool,Silver,2024-02-03,Yes
34662,Sahil Verma,member34662@example.com,9547809729,46,Male,Hyderabad,Gold,2018-07-22,Yes
9479,Priya Sharma,member9479@example.com,9242416504,28,Male,Bengaluru,Gold,2025-01-19,Yes
47483,Rahul Sharma,member47483@example.com,9793752915,27,Male,Kurnool,Silver,2023-03-18,Yes
10997,Manoj Khan,member10997@example.com,9518906291,56,Male,Kurnool,Platinum,2020-04-07,No
30225,Neha Sharma,member30225@example.com,9727916721,26,Female,Guntur,Silver,2024-11-21,No
2792,Sahil Khan,member2792@example.com,9711038228,37,Male,Chennai,Regular,2019-10-14,Yes
22597,Pooja Mishra,member22597@example.com,9795705435,49,Female,Bengaluru,Silver,2020-09-06,No
42604,Aditya Rao,member42604@example.com,9835094955,21,Female,Kurnool,Silver,2025-02-20,Yes
32905,Imran Reddy,member32905@example.com,9800846762,37,Male,Bengaluru,Silver,2022-09-11,No
2981,Vikram Sharma,member2981@example.com,9182044119,48,Male,Hyderabad,Regular,2023-04-15,Yes
46119,Ananya Verma,member46119@example.com,9730536009,24,Male,Chennai,Regular,2020-08-31,Yes
14422,Arjun Naidu,member14422@example.com,9353393705,21,Female,Kadapa,Silver,2024-08-06,Yes
36734,Sneha Kumar,member36734@example.com,9593753275,23,Female,Anantapur,Silver,2023-02-21,Yes
37534,Priya Yadav,member37534@example.com,9415156204,65,Male,Kadapa,Platinum,2026-03-18,No
17477,Divya Khan,member17477@example.com,9442695747,33,Female,Hyderabad,Regular,2021-01-27,No
2386,Pooja Verma,member2386@example.com,9355048111,59,Female,Vijayawada,Gold,2024-08-08,No
17363,Divya Rao,member17363@example.com,9256544879,19,Female,Nellore,Regular,2022-11-09,Yes
46090,Arjun Kumar,member46090@example.com,9343051191,31,Female,Kadapa,Gold,2025-05-06,Yes
5196,Arjun Verma,member5196@example.com,9706762627,18,Female,Nellore,Regular,2021-05-01,No
899,Kiran Kumar,member899@example.com,9395856736,19,Male,Chennai,Gold,2020-03-08,Yes
5276,Aditya Reddy,member5276@example.com,9464286574,66,Male,Vijayawada,Silver,2021-02-01,Yes
22745,Kiran Patel,member22745@example.com,9221523277,62,Female,Tirupati,Silver,2022-11-03,Yes
26107,Sneha Mishra,member26107@example.com,9920075969,53,Male,Hyderabad,Regular,2022-01-28,No
8914,Kiran Khan,member8914@example.com,9714046309,62,Male,Kadapa,Regular,2022-09-29,Yes
23042,Rahul Das,member23042@example.com,9873221601,38,Female,Hyderabad,Regular,2025-07-21,No
20857,Divya Khan,member20857@example.com,9931715521,70,Male,Kurnool,Regular,2024-10-06,Yes
15295,Kiran Gupta,member15295@example.com,9978455546,50,Other,Anantapur,Silver,2022-08-25,Yes
24587,Meena Singh,member24587@example.com,9628079523,55,Male,Bengaluru,Regular,2019-09-08,Yes
42563,Pooja Reddy,member42563@example.com,9350628274,20,Male,Bengaluru,Regular,2020-06-29,Yes
25573,Ali Rao,member25573@example.com,9363029881,58,Male,Tirupati,Regular,2026-07-19,Yes
6688,Priya Khan,member6688@example.com,9655218642,28,Male,Vijayawada,Silver,2024-03-10,Yes
47061,Divya Patel,member47061@example.com,9941115560,67,Male,Vijayawada,Regular,2022-05-17,Yes
43282,Vikram Kumar,member43282@example.com,9695521810,36,Female,Nellore,Platinum,2022-11-01,Yes
32771,John Kumar,member32771@example.com,9669105167,68,Female,Bengaluru,Regular,2019-07-09,Yes
38035,Divya Sharma,member38035@example.com,9879788756,32,Male,Kurnool,Regular,2022-03-28,Yes
44146,Sneha Sharma,member44146@example.com,9259158683,32,Male,Nellore,Silver,2026-06-06,Yes
18811,Ravi Sharma,member18811@example.com,9936907578,37,Male,Vijayawada,Regular,2022-10-07,Yes
38792,Imran Mishra,member38792@example.com,9574497742,40,Male,Tirupati,Silver,2019-08-21,Yes
3932,John Babu,member3932@example.com,9620338621,37,Male,Nellore,Regular,2020-04-23,Yes
34405,Imran Patel,member34405@example.com,9967038452,57,Female,Tirupati,Silver,2026-06-28,Yes
37821,Divya Das,member37821@example.com,9687133131,46,Male,Anantapur,Regular,2024-11-29,No
20269,Sneha Gupta,member20269@example.com,9590612211,18,Female,Guntur,Platinum,2021-08-26,Yes
8294,Meena Patel,member8294@example.com,9578197910,63,Male,Kurnool,Regular,2021-03-29,Yes
40561,Pooja Patel,member40561@example.com,9799002864,50,Female,Kadapa,Regular,2022-09-08,Yes
10475,Ali Patel,member10475@example.com,9112237803,21,Female,Guntur,Silver,2025-08-03,Yes
8933,Meena Reddy,member8933@example.com,9239149062,46,Male,Kurnool,Regular,2025-06-06,No
21128,Sahil Verma,member21128@example.com,9241232430,65,Female,Anantapur,Regular,2018-12-22,Yes
44322,Neha Rao,member44322@example.com,9128703107,64,Male,Bengaluru,Regular,2022-03-04,Yes
20713,Vikram Yadav,member20713@example.com,9967437969,35,Female,Vijayawada,Platinum,2025-10-23,Yes
27906,Ali Babu,member27906@example.com,9772542285,21,Female,Kadapa,Silver,2021-12-23,Yes
20583,Manoj Kumar,member20583@example.com,9705122727,60,Female,Kadapa,Silver,2021-05-14,No
13843,Ayesha Naidu,member13843@example.com,9590830550,48,Female,Kadapa,Regular,2020-10-27,Yes
41844,Meena Naidu,member41844@example.com,9764571659,28,Female,Anantapur,Platinum,2024-01-21,Yes
14175,Arjun Sharma,member14175@example.com,9347233293,62,Female,Bengaluru,Gold,2023-06-12,Yes
3435,Pooja Kumar,member3435@example.com,9848107714,61,Male,Tirupati,Regular,2026-01-08,Yes
23246,Kiran Rao,member23246@example.com,9275573568,18,Female,Tirupati,Gold,2024-02-27,Yes
44168,Arjun Sharma,member44168@example.com,9201617015,59,Female,Hyderabad,Regular,2024-10-17,Yes
4679,Pooja Rao,member4679@example.com,9965136508,33,Male,Guntur,Silver,2019-08-21,Yes
16113,Vikram Rao,member16113@example.com,9739171831,44,Male,Chennai,Silver,2025-05-27,Yes
44991,Arjun Verma,member44991@example.com,9806394020,51,Female,Hyderabad,Silver,2026-02-08,Yes
11476,Varun Gupta,member11476@example.com,9883104647,38,Male,Nellore,Gold,2026-05-12,Yes
43335,Arjun Sharma,member43335@example.com,9238316512,42,Female,Hyderabad,Regular,2020-07-31,Yes
43651,Sneha Naidu,member43651@example.com,9688841963,44,Female,Nellore,Gold,2019-12-12,No
14882,Arjun Verma,member14882@example.com,9968379755,26,Female,Chennai,Gold,2026-02-20,Yes
11912,Kiran Verma,member11912@example.com,9623486178,21,Female,Chennai,Silver,2025-10-08,Yes
13376,Ayesha Gupta,member13376@example.com,9406877358,64,Other,Chennai,Gold,2022-01-13,Yes
2876,John Sharma,member2876@example.com,9342317117,40,Male,Chennai,Regular,2026-05-17,Yes
45123,Sneha Gupta,member45123@example.com,9300523957,22,Female,Chennai,Gold,2024-07-19,Yes
21759,John Yadav,member21759@example.com,9596872091,64,Female,Bengaluru,Regular,2022-10-10,No
28383,Ravi Patel,member28383@example.com,9437894560,63,Male,Tirupati,Regular,2018-12-09,Yes
42136,Arjun Mishra,member42136@example.com,9543920781,46,Male,Anantapur,Regular,2023-10-23,Yes
40120,Pooja Patel,member40120@example.com,9432542703,57,Male,Kadapa,Regular,2021-12-15,Yes
38461,Arjun Rao,member38461@example.com,9722845700,45,Female,Bengaluru,Regular,2018-01-12,No
47101,Ali Khan,member47101@example.com,9422986227,58,Female,Guntur,Platinum,2019-01-08,Yes
38141,Ali Gupta,member38141@example.com,9346179261,60,Male,Guntur,Regular,2018-08-25,Yes
9101,Varun Sharma,member9101@example.com,9448476430,31,Male,Tirupati,Silver,2018-04-26,Yes
29208,Imran Yadav,member29208@example.com,9613354425,31,Male,Kurnool,Silver,2025-04-17,Yes
9805,Neha Babu,member9805@example.com,9391330789,65,Male,Hyderabad,Gold,2022-06-24,Yes
22897,Imran Yadav,member22897@example.com,9466917516,34,Male,Vijayawada,Regular,2024-04-21,Yes
25311,Divya Kumar,member25311@example.com,9143543763,48,Male,Guntur,Regular,2020-04-05,Yes
40170,Sneha Singh,member40170@example.com,9393099125,55,Female,Hyderabad,Silver,2023-10-06,Yes
25204,Sahil Khan,member25204@example.com,9128306945,54,Male,Bengaluru,Silver,2024-03-29,Yes
10073,Priya Khan,member10073@example.com,9429825941,18,Female,Hyderabad,Regular,2023-03-12,No
45534,John Singh,member45534@example.com,9612485110,45,Female,Chennai,Silver,2018-03-26,No
44597,Arjun Sharma,member44597@example.com,9388313845,53,Male,Hyderabad,Regular,2022-04-14,No
2005,Priya Khan,member2005@example.com,9781763283,63,Female,Hyderabad,Regular,2023-08-17,Yes
46578,Kiran Babu,member46578@example.com,9492869886,34,Female,Kadapa,Gold,2026-03-29,Yes
23081,Meena Mishra,member23081@example.com,9174537964,37,Female,Anantapur,Regular,2019-02-06,Yes
16316,John Rao,member16316@example.com,9882805352,58,Female,Kadapa,Silver,2026-07-25,Yes
17395,Sneha Patel,member17395@example.com,9504691443,47,Male,Nellore,Regular,2018-11-17,Yes
18176,Sahil Reddy,member18176@example.com,9557786242,65,Female,Chennai,Regular,2021-12-11,Yes
33750,Ananya Mishra,member33750@example.com,9547973062,20,Female,Nellore,Platinum,2025-11-04,Yes
9585,Kiran Das,member9585@example.com,9225154291,68,Female,Kadapa,Regular,2024-06-06,Yes
28552,Vikram Naidu,member28552@example.com,9724419378,26,Male,Bengaluru,Regular,2024-10-07,Yes
22507,Kiran Naidu,member22507@example.com,9184750637,62,Female,Kurnool,Platinum,2021-10-15,Yes
38261,Ravi Kumar,member38261@example.com,9463788824,26,Male,Anantapur,Regular,2024-03-13,Yes
355,Kiran Babu,member355@example.com,9724843662,51,Female,Anantapur,Regular,2020-01-03,Yes
7837,Neha Reddy,member7837@example.com,9928263911,62,Male,Vijayawada,Gold,2018-06-23,Yes
34961,Arjun Patel,member34961@example.com,9436601270,58,Female,Anantapur,Regular,2025-03-20,Yes
40607,Manoj Das,member40607@example.com,9602576775,66,Female,Nellore,Regular,2019-09-04,Yes
41585,Neha Das,member41585@example.com,9791996795,20,Other,Nellore,Regular,2022-02-12,Yes
37794,Imran Kumar,member37794@example.com,9274703072,40,Male,Hyderabad,Gold,2024-03-11,Yes
28169,Sneha Kumar,member28169@example.com,9327140985,69,Male,Guntur,Gold,2018-11-29,No
36025,Ravi Mishra,member36025@example.com,9404111985,59,Female,Hyderabad,Regular,2023-06-10,Yes
3003,John Babu,member3003@example.com,9371022153,27,Male,Vijayawada,Gold,2025-06-13,Yes
4058,Aditya Khan,member4058@example.com,9429457009,37,Male,Tirupati,Silver,2018-02-19,Yes
43709,Ravi Rao,member43709@example.com,9484047454,23,Female,Chennai,Regular,2020-11-10,Yes
17079,Ali Das,member17079@example.com,9507361393,68,Male,Hyderabad,Silver,2018-02-16,Yes
10399,John Patel,member10399@example.com,9426320561,30,Male,Bengaluru,Platinum,2018-04-30,Yes
42452,Aditya Gupta,member42452@example.com,9553899208,58,Female,Kadapa,Regular,2026-06-11,Yes
2082,Aditya Das,member2082@example.com,9484995068,51,Female,Anantapur,Silver,2026-03-31,Yes
7357,Sahil Khan,member7357@example.com,9243507634,50,Male,Kurnool,Regular,2023-02-14,Yes
23415,John Khan,member23415@example.com,9187510023,22,Female,Guntur,Regular,2021-08-15,Yes
9294,Ali Babu,member9294@example.com,9918230181,34,Female,Guntur,Regular,2020-09-24,Yes
39366,Aditya Reddy,member39366@example.com,9693695658,49,Male,Vijayawada,Regular,2021-04-06,No
33226,Aditya Yadav,member33226@example.com,9409562781,34,Female,Anantapur,Gold,2025-02-08,No
47011,Ravi Yadav,member47011@example.com,9162897668,68,Male,Tirupati,Regular,2021-11-25,Yes
47349,Rahul Yadav,member47349@example.com,9151356187,65,Female,Guntur,Regular,2024-12-28,No
42878,Priya Babu,member42878@example.com,9732440824,49,Other,Bengaluru,Gold,2019-07-11,No
40474,Sahil Babu,member40474@example.com,9566370943,46,Male,Kurnool,Silver,2021-03-05,Yes
44061,Ananya Naidu,member44061@example.com,9545373086,45,Female,Anantapur,Regular,2024-04-14,Yes
13643,Kiran Verma,member13643@example.com,9414485894,21,Male,Tirupati,Regular,2025-01-16,Yes
31026,Kiran Khan,member31026@example.com,9580350018,31,Female,Hyderabad,Gold,2020-12-06,No
38935,Imran Babu,member38935@example.com,9352227228,56,Female,Guntur,Silver,2018-02-12,Yes
33163,Varun Patel,member33163@example.com,9808048422,57,Male,Nellore,Regular,2018-09-01,Yes
40374,Vikram Khan,member40374@example.com,9119666994,49,Male,Tirupati,Silver,2025-10-17,Yes
43707,Imran Patel,member43707@example.com,9158440735,36,Female,Vijayawada,Regular,2019-10-18,Yes
30533,John Kumar,member30533@example.com,9891920962,54,Male,Chennai,Gold,2024-12-31,Yes
7816,Vikram Gupta,member7816@example.com,9572810499,63,Male,Nellore,Regular,2020-07-09,Yes
3919,Pooja Yadav,member3919@example.com,9369280320,54,Female,Tirupati,Regular,2021-10-01,Yes
36119,Neha Verma,member36119@example.com,9189991326,36,Male,Kadapa,Platinum,2024-01-14,Yes
26209,Ravi Singh,member26209@example.com,9783369373,32,Male,Anantapur,Regular,2021-06-21,Yes
47483,Rahul Sharma,member47483@example.com,9793752915,27,Male,Kurnool,Silver,2023-03-18,Yes
28219,Arjun Reddy,member28219@example.com,9285316193,64,Male,Guntur,Regular,2018-08-11,No
915,Arjun Kumar,member915@example.com,9495381169,55,Male,Kadapa,Silver,2024-01-12,Yes
44123,Imran Naidu,member44123@example.com,9395886248,51,Male,Kadapa,Silver,2021-04-03,Yes
46635,Neha Rao,member46635@example.com,9850318568,31,Other,Guntur,Platinum,2025-10-02,Yes
36050,Ali Patel,member36050@example.com,9583051803,67,Female,Tirupati,Regular,2020-03-02,Yes
46935,Priya Verma,member46935@example.com,9265110963,51,Male,Tirupati,Gold,2019-09-25,Yes
12587,Ayesha Singh,member12587@example.com,9931956820,48,Male,Kurnool,Silver,2018-10-21,Yes
43387,Ayesha Gupta,member43387@example.com,9416278474,42,Other,Tirupati,Silver,2026-08-12,Yes
5837,Aditya Rao,member5837@example.com,9956968081,36,Male,Chennai,Regular,2019-03-09,Yes
46617,Aditya Khan,member46617@example.com,9715429141,46,Female,Bengaluru,Regular,2026-03-08,Yes
35305,John Naidu,member35305@example.com,9556861400,18,Female,Nellore,Regular,2023-01-28,Yes
36612,Manoj Khan,member36612@example.com,9401096743,26,Male,Hyderabad,Silver,2021-08-02,Yes
15915,Aditya Verma,member15915@example.com,9457092001,69,Female,Bengaluru,Regular,2025-02-08,No
40229,Ravi Singh,member40229@example.com,9898149546,26,Female,Anantapur,Regular,2026-04-19,Yes
7498,Pooja Babu,member7498@example.com,9945965457,25,Female,Guntur,Silver,2024-03-03,Yes
34036,Ali Khan,member34036@example.com,9310372189,52,Male,Kurnool,Silver,2022-12-22,No
13572,Ali Verma,member13572@example.com,9336641291,51,Female,Nellore,Regular,2019-12-18,Yes
16126,Ayesha Yadav,member16126@example.com,9580445984,26,Male,Guntur,Silver,2023-04-23,Yes
42794,Neha Mishra,member42794@example.com,9283829710,30,Male,Bengaluru,Gold,2022-03-01,Yes
41696,Priya Naidu,member41696@example.com,9968502396,56,Male,Guntur,Gold,2024-05-07,Yes
39287,Ravi Yadav,member39287@example.com,9729612197,59,Female,Vijayawada,Regular,2025-05-07,No
47348,Divya Gupta,member47348@example.com,9331004812,48,Male,Kurnool,Regular,2021-04-21,Yes
8940,Priya Sharma,member8940@example.com,9983948945,36,Female,Hyderabad,Regular,2026-07-07,Yes
8977,Ali Yadav,member8977@example.com,9347180919,67,Male,Nellore,Silver,2020-10-02,Yes
42107,Aditya Sharma,member42107@example.com,9403631289,54,Male,Nellore,Regular,2023-04-01,Yes
42486,Ayesha Mishra,member42486@example.com,9619341438,38,Male,Guntur,Platinum,2024-11-27,Yes
14970,Aditya Kumar,member14970@example.com,9820766394,26,Male,Chennai,Regular,2021-05-11,Yes
41064,Kiran Rao,member41064@example.com,9432560008,41,Female,Tirupati,Regular,2018-10-29,Yes
22123,Arjun Yadav,member22123@example.com,9198099604,64,Female,Bengaluru,Regular,2024-10-18,Yes
27803,Priya Gupta,member27803@example.com,9989622023,49,Female,Guntur,Silver,2023-02-06,Yes
14066,Sahil Babu,member14066@example.com,9647835784,26,Male,Nellore,Regular,2018-09-08,Yes
15869,Meena Gupta,member15869@example.com,9445639701,32,Female,Tirupati,Silver,2023-06-04,Yes
16265,Imran Yadav,member16265@example.com,9842046937,65,Female,Bengaluru,Regular,2019-01-24,Yes
12053,Ravi Sharma,member12053@example.com,9840489099,53,Male,Guntur,Platinum,2023-11-10,Yes
25377,Priya Patel,member25377@example.com,9351414714,39,Female,Chennai,Regular,2019-08-01,Yes
15076,Sahil Reddy,member15076@example.com,9849777252,44,Male,Hyderabad,Regular,2024-04-18,Yes
46322,Varun Khan,member46322@example.com,9602945320,65,Female,Anantapur,Silver,2024-10-06,Yes
22109,Aditya Khan,member22109@example.com,9412589856,47,Male,Vijayawada,Regular,2020-08-05,No
37748,Ravi Das,member37748@example.com,9224177330,52,Female,Guntur,Regular,2019-02-24,Yes
45872,Vikram Naidu,member45872@example.com,9829318332,29,Female,Guntur,Gold,2023-12-04,Yes
31791,Meena Verma,member31791@example.com,9243124727,29,Female,Bengaluru,Silver,2023-03-21,Yes
36980,Ananya Verma,member36980@example.com,9276758405,50,Female,Guntur,Gold,2026-06-23,Yes
35292,Imran Das,member35292@example.com,9543973637,52,Female,Bengaluru,Regular,2023-05-13,Yes
19864,Ali Reddy,member19864@example.com,9803190189,35,Female,Kadapa,Platinum,2022-04-13,No
23618,Imran Rao,member23618@example.com,9545608116,46,Male,Anantapur,Silver,2018-09-30,No
39898,Priya Khan,member39898@example.com,9820768900,55,Female,Hyderabad,Gold,2022-08-17,Yes
40098,Sneha Patel,member40098@example.com,9582566650,44,Female,Anantapur,Regular,2025-01-17,Yes
41205,Varun Verma,member41205@example.com,9735224328,35,Female,Kurnool,Regular,2019-06-27,Yes
43874,Imran Reddy,member43874@example.com,9742146058,59,Female,Hyderabad,Platinum,2024-08-17,No
16096,Ananya Reddy,member16096@example.com,9640618953,23,Male,Vijayawada,Regular,2019-11-21,Yes
10325,Neha Khan,member10325@example.com,9702672674,28,Male,Vijayawada,Regular,2018-06-18,No
8275,Vikram Sharma,member8275@example.com,9905415471,29,Female,Anantapur,Regular,2020-04-29,Yes
12323,Rahul Singh,member12323@example.com,9408032290,43,Female,Bengaluru,Regular,2025-01-14,Yes
39035,Ali Verma,member39035@example.com,9314087352,19,Male,Hyderabad,Regular,2020-10-03,Yes
29031,Kiran Rao,member29031@example.com,9459569271,51,Male,Nellore,Gold,2026-06-10,Yes
46108,Divya Naidu,member46108@example.com,9737389908,66,Male,Kadapa,Platinum,2019-10-21,Yes
3273,Arjun Verma,member3273@example.com,9437284626,37,Male,Chennai,Regular,2019-10-01,Yes
4538,Pooja Babu,member4538@example.com,9363064909,34,Male,Vijayawada,Regular,2025-04-09,Yes
20327,Ravi Singh,member20327@example.com,9406516357,67,Male,Guntur,Silver,2023-06-29,No
45771,Ayesha Gupta,member45771@example.com,9304225546,67,Female,Kurnool,Gold,2025-10-07,Yes
46842,Ali Kumar,member46842@example.com,9308236992,61,Female,Nellore,Regular,2020-07-11,Yes
46522,Imran Reddy,member46522@example.com,9595110390,57,Male,Nellore,Platinum,2025-07-17,Yes
25457,Priya Reddy,member25457@example.com,9816947826,42,Male,Anantapur,Regular,2024-01-27,Yes
24863,Sneha Yadav,member24863@example.com,9129454843,33,Male,Bengaluru,Regular,2019-06-25,Yes
45407,Sneha Khan,member45407@example.com,9803294134,30,Male,Kurnool,Regular,2021-06-13,Yes
4244,Aditya Naidu,member4244@example.com,9408616014,48,Female,Chennai,Regular,2022-10-22,No
17467,Ali Singh,member17467@example.com,9158425050,41,Male,Guntur,Gold,2019-05-23,Yes
6073,Ali Gupta,member6073@example.com,9552651561,31,Female,Tirupati,Regular,2019-12-29,Yes
26228,Arjun Babu,member26228@example.com,9118327116,62,Female,Tirupati,Regular,2021-11-06,Yes
33034,Ayesha Gupta,member33034@example.com,9556489796,58,Female,Guntur,Regular,2024-01-28,Yes
6659,Ravi Patel,member6659@example.com,9944033601,40,Female,Kadapa,Regular,2021-10-29,Yes
40111,Ali Patel,member40111@example.com,9717780759,46,Male,Bengaluru,Regular,2021-07-21,Yes
45426,Ali Mishra,member45426@example.com,9441016187,50,Female,Nellore,Regular,2021-07-31,Yes
24425,Ali Rao,member24425@example.com,9460133037,51,Female,Nellore,Silver,2019-03-17,Yes
16177,Aditya Rao,member16177@example.com,9352529532,64,Male,Kurnool,Regular,2026-05-08,Yes
6624,Pooja Sharma,member6624@example.com,9505643959,19,Female,Bengaluru,Regular,2019-07-08,Yes
33274,Vikram Babu,member33274@example.com,9236431286,23,Female,Kurnool,Regular,2024-12-09,Yes
4977,Ali Gupta,member4977@example.com,9575781068,61,Male,Guntur,Regular,2026-07-03,No
45945,Manoj Gupta,member45945@example.com,9798391135,32,Male,Vijayawada,Regular,2022-01-22,Yes
36623,Varun Patel,member36623@example.com,9499656973,32,Female,Kadapa,Regular,2022-05-02,Yes
32786,Ali Patel,member32786@example.com,9478559016,68,Female,Vijayawada,Silver,2024-08-12,Yes
17567,Arjun Naidu,member17567@example.com,9274780164,18,Male,Anantapur,Regular,2024-02-08,Yes
31627,Sneha Naidu,member31627@example.com,9679830586,24,Female,Guntur,Regular,2020-07-19,Yes
17162,Priya Khan,member17162@example.com,9130043645,62,Male,Anantapur,Gold,2020-09-25,Yes
40305,Varun Rao,member40305@example.com,9258852362,20,Male,Hyderabad,Regular,2023-06-10,Yes
23121,John Babu,member23121@example.com,9917877725,69,Male,Kurnool,Silver,2023-03-26,Yes
36780,Varun Kumar,member36780@example.com,9172621826,42,Male,Chennai,Regular,2020-07-25,Yes
5012,Sneha Khan,member5012@example.com,9318164289,23,Male,Chennai,Regular,2021-08-02,Yes
25925,Manoj Khan,member25925@example.com,9525757828,53,Female,Kadapa,Regular,2021-10-13,No
32883,Ravi Babu,member32883@example.com,9742611998,20,Male,Anantapur,Platinum,2021-02-20,Yes
41382,Meena Naidu,member41382@example.com,9148828581,22,Female,Hyderabad,Regular,2022-09-05,Yes
43654,Sneha Mishra,member43654@example.com,9940413151,58,Female,Bengaluru,Silver,2019-03-20,Yes
40474,Sahil Babu,member40474@example.com,9566370943,46,Male,Kurnool,Silver,2021-03-05,Yes
20490,Priya Yadav,member20490@example.com,9970164163,23,Male,Kurnool,Regular,2019-07-12,No
31091,Aditya Yadav,member31091@example.com,9866835854,50,Female,Nellore,Gold,2020-02-02,Yes
25459,Ayesha Naidu,member25459@example.com,9250879520,19,Male,Kadapa,Silver,2019-06-05,Yes
42263,Ali Sharma,member42263@example.com,9850687929,25,Female,Chennai,Silver,2024-08-09,Yes
30510,Ayesha Khan,member30510@example.com,9530646286,51,Female,Chennai,Silver,2022-07-17,Yes
40702,Pooja Sharma,member40702@example.com,9701019376,20,Female,Nellore,Regular,2022-10-08,No
35165,Vikram Reddy,member35165@example.com,9159138893,21,Male,Chennai,Gold,2026-06-27,Yes
10993,John Gupta,member10993@example.com,9517849299,45,Male,Chennai,Regular,2020-07-30,Yes
36586,Manoj Singh,member36586@example.com,9249900712,53,Male,Kadapa,Regular,2026-04-19,Yes
15018,Aditya Das,member15018@example.com,9294061184,47,Male,Guntur,Regular,2024-10-17,No
7268,Pooja Naidu,member7268@example.com,9671486919,25,Female,Nellore,Regular,2023-06-07,No
24868,Sneha Kumar,member24868@example.com,9578219908,22,Male,Guntur,Silver,2021-02-17,Yes
46524,Ali Naidu,member46524@example.com,9951843194,39,Male,Guntur,Regular,2026-02-05,No
42263,Ali Sharma,member42263@example.com,9850687929,25,Female,Chennai,Silver,2024-08-09,Yes
7403,Sahil Singh,member7403@example.com,9382452308,23,Male,Guntur,Gold,2026-04-09,No
47329,Ravi Babu,member47329@example.com,9974116726,57,Female,Kadapa,Gold,2018-08-12,Yes
8322,Sneha Singh,member8322@example.com,9158178749,53,Male,Bengaluru,Silver,2023-12-15,Yes
34928,Ananya Reddy,member34928@example.com,9499622821,60,Male,Hyderabad,Regular,2023-05-24,Yes
17050,Aditya Gupta,member17050@example.com,9122590128,24,Male,Anantapur,Silver,2024-05-10,Yes
8279,Rahul Sharma,member8279@example.com,9615610800,60,Male,Bengaluru,Regular,2018-10-29,Yes
9648,Meena Singh,member9648@example.com,9849400072,48,Male,Hyderabad,Regular,2019-12-03,Yes
37635,Ayesha Gupta,member37635@example.com,9604274803,58,Female,Chennai,Silver,2021-05-31,No
28781,Arjun Yadav,member28781@example.com,9779891959,57,Female,Nellore,Regular,2021-08-12,Yes
39869,Imran Sharma,member39869@example.com,9832651520,57,Female,Kadapa,Gold,2019-10-28,Yes
23677,Aditya Reddy,member23677@example.com,9277342054,61,Female,Tirupati,Platinum,2025-11-17,No
31786,Varun Mishra,member31786@example.com,9412844584,50,Female,Vijayawada,Silver,2018-10-14,Yes
19365,Arjun Das,member19365@example.com,9685665261,42,Female,Chennai,Gold,2025-07-11,Yes
5309,Vikram Gupta,member5309@example.com,9777706667,29,Female,Chennai,Regular,2025-11-07,Yes
32271,Priya Yadav,member32271@example.com,9764817037,70,Female,Kurnool,Silver,2024-04-18,No
29621,Aditya Verma,member29621@example.com,9959118353,51,Other,Nellore,Regular,2020-11-16,Yes
6947,Priya Verma,member6947@example.com,9455892187,53,Female,Nellore,Regular,2020-09-16,Yes
3402,Sneha Naidu,member3402@example.com,9568950887,66,Male,Kadapa,Regular,2022-11-10,Yes
39021,Rahul Rao,member39021@example.com,9376622775,56,Female,Kadapa,Regular,2025-09-10,Yes
14223,John Gupta,member14223@example.com,9881312259,47,Female,Guntur,Regular,2022-03-17,No
27007,Ayesha Mishra,member27007@example.com,9306904979,27,Female,Bengaluru,Regular,2018-02-02,Yes
46522,Imran Reddy,member46522@example.com,9595110390,57,Male,Nellore,Platinum,2025-07-17,Yes
16496,Meena Mishra,member16496@example.com,9992644095,35,Male,Guntur,Platinum,2019-06-28,Yes
13168,John Mishra,member13168@example.com,9695319965,63,Female,Chennai,Regular,2020-01-09,Yes
3069,Ananya Babu,member3069@example.com,9323302024,41,Male,Hyderabad,Regular,2020-01-28,Yes
10193,Sahil Singh,member10193@example.com,9136956281,30,Female,Kadapa,Silver,2023-08-23,Yes
39625,Sahil Singh,member39625@example.com,9236235249,33,Female,Chennai,Gold,2025-05-22,No
17589,Ananya Gupta,member17589@example.com,9669775375,52,Male,Chennai,Gold,2021-01-10,No
38381,Ali Naidu,member38381@example.com,9291980837,40,Male,Bengaluru,Gold,2023-12-15,No
14171,Ayesha Sharma,member14171@example.com,9781902183,69,Female,Guntur,Regular,2022-06-23,No
7461,Divya Reddy,member7461@example.com,9925235181,29,Male,Kadapa,Regular,2025-06-14,Yes
42129,Sahil Khan,member42129@example.com,9854317906,18,Female,Kurnool,Platinum,2023-10-22,Yes
6233,Aditya Reddy,member6233@example.com,9371230024,23,Male,Anantapur,Regular,2025-06-15,Yes
2555,Sahil Reddy,member2555@example.com,9901784306,52,Female,Kadapa,Regular,2026-06-27,Yes
33207,Ali Yadav,member33207@example.com,9127782292,51,Female,Bengaluru,Regular,2021-05-27,Yes
6770,Rahul Babu,member6770@example.com,9895300300,60,Male,Hyderabad,Silver,2024-07-27,Yes
39186,Arjun Patel,member39186@example.com,9160277187,56,Female,Chennai,Regular,2020-06-04,Yes
323,Meena Naidu,member323@example.com,9785251982,65,Male,Kadapa,Regular,2024-09-02,Yes
3054,Pooja Mishra,member3054@example.com,9515341323,43,Male,Anantapur,Gold,2026-05-21,Yes
25130,Ananya Kumar,member25130@example.com,9794818265,19,Male,Chennai,Regular,2018-12-30,Yes
6218,Ravi Das,member6218@example.com,9307941191,69,Male,Bengaluru,Gold,2023-12-26,Yes
23701,Vikram Mishra,member23701@example.com,9147117975,52,Male,Kurnool,Regular,2018-06-21,Yes
46108,Divya Naidu,member46108@example.com,9737389908,66,Male,Kadapa,Platinum,2019-10-21,Yes
28625,Ananya Rao,member28625@example.com,9627382139,52,Female,Guntur,Gold,2018-09-17,Yes
42834,Priya Patel,member42834@example.com,9634666938,42,Male,Vijayawada,Regular,2018-05-12,No
10647,Rahul Singh,member10647@example.com,9824879999,34,Male,Hyderabad,Silver,2025-01-30,Yes
27872,Vikram Khan,member27872@example.com,9122839937,66,Female,Kurnool,Regular,2019-12-24,Yes
41799,Arjun Singh,member41799@example.com,9659353022,51,Female,Kadapa,Regular,2023-02-27,Yes
27380,Manoj Naidu,member27380@example.com,9675475670,57,Female,Kurnool,Regular,2022-10-26,Yes
41914,Ali Das,member41914@example.com,9448899684,55,Female,Hyderabad,Silver,2019-11-22,Yes
28638,Sneha Naidu,member28638@example.com,9490914849,70,Male,Vijayawada,Silver,2022-12-28,Yes
46056,Ananya Verma,member46056@example.com,9106753102,39,Other,Kadapa,Regular,2021-09-14,Yes
46535,Arjun Babu,member46535@example.com,9887407155,26,Male,Anantapur,Regular,2022-02-26,No
3618,Vikram Gupta,member3618@example.com,9544330503,21,Female,Kadapa,Regular,2026-02-09,Yes
43124,Sneha Kumar,member43124@example.com,9102114324,54,Male,Kadapa,Regular,2023-07-21,Yes
2001,Manoj Sharma,member2001@example.com,9471415253,64,Female,Tirupati,Regular,2026-08-20,Yes
46455,Imran Verma,member46455@example.com,9853217217,46,Male,Guntur,Regular,2024-03-15,Yes
11754,Pooja Khan,member11754@example.com,9489625087,36,Male,Nellore,Regular,2022-12-09,Yes
17024,Priya Yadav,member17024@example.com,9251424175,18,Male,Bengaluru,Regular,2019-02-05,Yes
43009,Pooja Naidu,member43009@example.com,9695952423,22,Female,Bengaluru,Regular,2021-05-17,No
23860,Sneha Kumar,member23860@example.com,9663957110,39,Male,Vijayawada,Regular,2025-03-05,Yes
38585,Manoj Naidu,member38585@example.com,9651123852,62,Male,Vijayawada,Regular,2026-02-18,Yes
32351,Divya Singh,member32351@example.com,9722899908,36,Male,Tirupati,Regular,2018-07-19,Yes
45068,Meena Sharma,member45068@example.com,9505629621,34,Male,Nellore,Silver,2021-11-09,Yes
42184,Manoj Singh,member42184@example.com,9496926062,44,Other,Guntur,Regular,2021-07-04,Yes
17458,Meena Babu,member17458@example.com,9540971910,34,Female,Kurnool,Silver,2018-08-01,Yes
36073,Sneha Rao,member36073@example.com,9306586102,26,Male,Kadapa,Regular,2021-02-04,Yes
45082,Neha Gupta,member45082@example.com,9300918762,60,Male,Anantapur,Silver,2022-03-30,Yes
8666,Ayesha Gupta,member8666@example.com,9397380017,19,Female,Guntur,Regular,2026-06-05,Yes
43042,Priya Kumar,member43042@example.com,9500554325,33,Male,Nellore,Regular,2025-01-17,Yes
34428,Manoj Reddy,member34428@example.com,9943300853,67,Male,Kurnool,Silver,2025-09-15,Yes
23114,Kiran Das,member23114@example.com,9716366464,21,Female,Vijayawada,Regular,2024-10-07,Yes
5716,Neha Kumar,member5716@example.com,9750049020,18,Female,Kurnool,Gold,2024-12-29,Yes
8678,Divya Naidu,member8678@example.com,9894532111,28,Male,Kadapa,Gold,2019-02-19,No
5043,Manoj Yadav,member5043@example.com,9319341212,62,Female,Chennai,Regular,2021-01-01,Yes
11798,Neha Verma,member11798@example.com,9529363628,64,Female,Guntur,Regular,2024-06-06,No
39503,Aditya Khan,member39503@example.com,9319069195,51,Male,Kadapa,Regular,2024-07-04,No
6393,Aditya Naidu,member6393@example.com,9690908985,68,Male,Tirupati,Regular,2026-04-15,Yes
30701,Divya Mishra,member30701@example.com,9955663084,60,Male,Hyderabad,Regular,2023-02-15,Yes
21790,Ayesha Reddy,member21790@example.com,9832311709,51,Female,Kurnool,Platinum,2023-02-01,Yes
16314,Sneha Singh,member16314@example.com,9121659864,28,Male,Tirupati,Regular,2022-05-04,Yes
3004,Priya Kumar,member3004@example.com,9206668633,69,Male,Hyderabad,Regular,2025-05-30,No
6986,Ali Khan,member6986@example.com,9268251189,67,Male,Tirupati,Gold,2026-07-02,Yes
28410,Kiran Patel,member28410@example.com,9531792068,30,Male,Nellore,Gold,2022-11-24,Yes
16791,Rahul Yadav,member16791@example.com,9532878320,44,Male,Bengaluru,Platinum,2025-03-27,Yes
34019,Imran Patel,member34019@example.com,9147232620,35,Female,Tirupati,Regular,2023-02-01,Yes
25310,Pooja Verma,member25310@example.com,9440007577,58,Female,Guntur,Gold,2019-08-11,No
21136,John Rao,member21136@example.com,9477058368,66,Female,Bengaluru,Regular,2025-12-09,Yes
4083,Kiran Rao,member4083@example.com,9218296258,50,Male,Hyderabad,Regular,2019-02-11,Yes
20337,Rahul Khan,member20337@example.com,9380531031,46,Female,Chennai,Silver,2023-05-01,Yes
46947,Ravi Singh,member46947@example.com,9876763664,47,Female,Chennai,Regular,2025-02-23,Yes
17463,Sneha Gupta,member17463@example.com,9834350404,19,Female,Chennai,Silver,2020-06-21,Yes
24684,Varun Patel,member24684@example.com,9763538031,52,Male,Hyderabad,Platinum,2021-06-13,Yes
41480,Ravi Rao,member41480@example.com,9646144418,42,Male,Tirupati,Regular,2025-09-28,Yes
46664,Sneha Patel,member46664@example.com,9579509715,61,Male,Kurnool,Silver,2018-05-03,Yes
19120,Sneha Sharma,member19120@example.com,9404241215,43,Female,Vijayawada,Regular,2020-06-16,Yes
25431,Ananya Reddy,member25431@example.com,9708029459,35,Other,Nellore,Silver,2023-02-20,Yes
17699,Pooja Verma,member17699@example.com,9346851622,56,Male,Chennai,Regular,2024-03-13,Yes
9799,Ravi Naidu,member9799@example.com,9588898126,49,Male,Kadapa,Regular,2024-12-20,No
13476,Pooja Babu,member13476@example.com,9745044281,50,Female,Guntur,Regular,2024-08-17,No
7822,Imran Gupta,member7822@example.com,9305981187,54,Female,Tirupati,Silver,2018-09-11,Yes
43469,Kiran Reddy,member43469@example.com,9992827898,18,Male,Tirupati,Gold,2023-11-11,Yes
45461,Ayesha Khan,member45461@example.com,9656637727,43,Male,Nellore,Gold,2025-11-25,Yes
3086,Sahil Babu,member3086@example.com,9209173835,56,Male,Guntur,Regular,2019-11-22,Yes
20719,Arjun Khan,member20719@example.com,9481014472,68,Male,Vijayawada,Platinum,2025-04-25,Yes
42125,Varun Babu,member42125@example.com,9699495212,69,Male,Tirupati,Regular,2023-04-28,Yes
39628,Ayesha Das,member39628@example.com,9842861842,38,Male,Bengaluru,Silver,2025-11-27,Yes
46034,John Patel,member46034@example.com,9154433492,68,Male,Vijayawada,Regular,2025-02-24,Yes
10995,Ravi Verma,member10995@example.com,9928213802,34,Female,Guntur,Regular,2018-03-03,Yes
17647,John Yadav,member17647@example.com,9386030905,39,Female,Tirupati,Platinum,2021-10-09,Yes
13621,Aditya Das,member13621@example.com,9434802026,68,Female,Nellore,Regular,2025-09-18,Yes
22981,Priya Verma,member22981@example.com,9371083494,38,Male,Bengaluru,Silver,2025-12-10,Yes
23615,Imran Singh,member23615@example.com,9151823517,62,Male,Anantapur,Silver,2022-12-13,Yes
38939,Vikram Yadav,member38939@example.com,9732715721,33,Female,Tirupati,Regular,2022-04-09,Yes
36338,Aditya Khan,member36338@example.com,9333790879,59,Male,Bengaluru,Gold,2022-02-28,Yes
46550,Arjun Kumar,member46550@example.com,9164515784,52,Female,Vijayawada,Regular,2023-05-08,Yes
44876,Ali Khan,member44876@example.com,9576755858,18,Female,Bengaluru,Silver,2024-10-11,Yes
46090,Arjun Kumar,member46090@example.com,9343051191,31,Female,Kadapa,Gold,2025-05-06,Yes
45154,Manoj Das,member45154@example.com,9269783233,34,Male,Anantapur,Gold,2024-09-16,Yes
27424,Arjun Mishra,member27424@example.com,9554298510,51,Female,Kurnool,Regular,2018-03-19,Yes
15459,Manoj Naidu,member15459@example.com,9598142690,38,Female,Bengaluru,Gold,2024-08-06,Yes
8058,Pooja Verma,member8058@example.com,9270692504,38,Male,Kurnool,Regular,2026-07-17,No
41080,Rahul Singh,member41080@example.com,9304705876,64,Female,Kurnool,Gold,2019-11-15,No
42455,Ravi Khan,member42455@example.com,9382366146,55,Female,Vijayawada,Regular,2018-05-19,Yes
43308,Manoj Kumar,member43308@example.com,9532846717,22,Male,Tirupati,Regular,2023-11-15,Yes
298,Ali Mishra,member298@example.com,9346234038,21,Female,Bengaluru,Silver,2020-06-24,Yes
9402,Kiran Patel,member9402@example.com,9140623643,44,Male,Kurnool,Regular,2020-07-25,Yes
45056,Varun Khan,member45056@example.com,9242092412,39,Female,Vijayawada,Regular,2026-03-29,Yes
23503,Imran Gupta,member23503@example.com,9204052439,67,Female,Kurnool,Regular,2021-03-02,Yes
42539,Priya Patel,member42539@example.com,9195209694,25,Female,Vijayawada,Gold,2026-03-27,Yes
11169,Varun Sharma,member11169@example.com,9421231277,62,Female,Hyderabad,Regular,2025-04-05,Yes
34645,Imran Verma,member34645@example.com,9985880435,50,Female,Chennai,Regular,2025-01-03,No
39518,Rahul Singh,member39518@example.com,9376875915,57,Male,Kurnool,Regular,2023-11-11,Yes
35842,Vikram Rao,member35842@example.com,9275345188,18,Male,Nellore,Regular,2025-01-27,Yes
37524,Priya Das,member37524@example.com,9306295504,46,Female,Nellore,Gold,2022-06-16,Yes
27612,Vikram Verma,member27612@example.com,9382566420,67,Female,Kadapa,Platinum,2018-01-17,Yes
39699,Ravi Kumar,member39699@example.com,9563429778,31,Female,Hyderabad,Platinum,2023-05-14,Yes
38246,Arjun Yadav,member38246@example.com,9982499558,61,Male,Tirupati,Silver,2024-03-11,No
13023,Divya Verma,member13023@example.com,9755535330,27,Female,Anantapur,Silver,2018-03-15,Yes
32758,Manoj Mishra,member32758@example.com,9221533581,66,Female,Kadapa,Silver,2020-01-17,No
23211,Arjun Das,member23211@example.com,9436309701,46,Female,Kurnool,Regular,2019-12-31,Yes
854,Ananya Verma,member854@example.com,9970526400,27,Female,Hyderabad,Silver,2018-08-27,No
36670,Ravi Khan,member36670@example.com,9259683772,20,Male,Guntur,Regular,2020-08-22,No
11906,Divya Verma,member11906@example.com,9430821286,43,Male,Hyderabad,Regular,2019-01-28,Yes
14541,Manoj Naidu,member14541@example.com,9992160147,37,Male,Anantapur,Silver,2019-05-11,Yes
10414,Ananya Mishra,member10414@example.com,9406220494,57,Female,Hyderabad,Regular,2021-05-27,Yes
22810,Pooja Yadav,member22810@example.com,9278088513,31,Male,Nellore,Platinum,2018-06-24,Yes
7639,Ravi Naidu,member7639@example.com,9597050753,21,Male,Guntur,Regular,2021-02-01,Yes
17142,Arjun Babu,member17142@example.com,9939933894,34,Female,Guntur,Gold,2020-05-16,Yes
6849,Neha Naidu,member6849@example.com,9379035119,34,Male,Tirupati,Regular,2025-04-06,Yes
11430,Ananya Sharma,member11430@example.com,9967124438,18,Female,Guntur,Gold,2020-05-09,Yes
43834,Manoj Sharma,member43834@example.com,9924722029,34,Male,Vijayawada,Regular,2022-06-14,Yes
4065,Sneha Verma,member4065@example.com,9588375202,52,Male,Guntur,Regular,2020-08-28,Yes
27532,Manoj Khan,member27532@example.com,9406322933,56,Male,Chennai,Regular,2023-05-10,Yes
26608,Ravi Babu,member26608@example.com,9747069408,26,Male,Bengaluru,Gold,2022-08-17,Yes
47211,Varun Sharma,member47211@example.com,9730882840,45,Male,Bengaluru,Regular,2023-07-11,Yes
33493,Priya Verma,member33493@example.com,9153292732,36,Female,Chennai,Silver,2022-12-12,No
32191,Rahul Das,member32191@example.com,9581478835,70,Male,Chennai,Regular,2026-05-04,Yes
6035,John Mishra,member6035@example.com,9833330804,21,Male,Vijayawada,Platinum,2022-02-14,Yes
1449,Aditya Mishra,member1449@example.com,9370335460,18,Female,Guntur,Silver,2026-02-21,No
31444,Imran Kumar,member31444@example.com,9368699960,50,Male,Hyderabad,Regular,2025-02-23,Yes
29075,Vikram Babu,member29075@example.com,9925196811,60,Female,Nellore,Regular,2020-12-02,No
24728,Sahil Das,member24728@example.com,9981051170,45,Male,Kurnool,Silver,2022-04-16,No
25974,Manoj Singh,member25974@example.com,9989518949,32,Male,Bengaluru,Silver,2022-05-18,Yes
11542,Arjun Singh,member11542@example.com,9915527329,20,Female,Nellore,Regular,2023-06-11,Yes
29545,Ravi Patel,member29545@example.com,9629884592,33,Female,Vijayawada,Silver,2019-12-01,Yes
15648,Vikram Yadav,member15648@example.com,9356433933,25,Female,Chennai,Regular,2024-01-13,Yes
32461,Ali Khan,member32461@example.com,9218889725,21,Male,Guntur,Silver,2023-05-26,No
30694,Ravi Yadav,member30694@example.com,9737205072,26,Female,Nellore,Regular,2024-08-25,Yes
21861,Sahil Rao,member21861@example.com,9616446739,64,Female,Tirupati,Gold,2025-08-16,Yes
22625,John Kumar,member22625@example.com,9232086306,36,Female,Bengaluru,Gold,2022-07-19,Yes
37148,Ananya Babu,member37148@example.com,9647419502,33,Male,Chennai,Silver,2019-10-07,Yes
673,Ali Rao,member673@example.com,9281378199,20,Female,Chennai,Silver,2023-12-13,Yes
41997,Rahul Patel,member41997@example.com,9887355969,68,Male,Kurnool,Gold,2026-01-11,Yes
42483,John Khan,member42483@example.com,9806227664,66,Male,Guntur,Regular,2024-04-16,No
7398,Meena Mishra,member7398@example.com,9971967955,58,Female,Guntur,Regular,2020-07-28,Yes
37780,Divya Singh,member37780@example.com,9539597311,60,Female,Vijayawada,Regular,2018-05-13,No
13971,Kiran Reddy,member13971@example.com,9292574304,66,Female,Hyderabad,Silver,2025-03-23,Yes
34974,Rahul Babu,member34974@example.com,9695982025,58,Female,Anantapur,Silver,2022-02-09,Yes
3376,Priya Reddy,member3376@example.com,9307452732,60,Male,Tirupati,Regular,2019-07-20,Yes
36286,Rahul Das,member36286@example.com,9410994835,70,Male,Chennai,Regular,2021-01-08,Yes
5967,Ayesha Singh,member5967@example.com,9467038281,27,Female,Nellore,Gold,2018-03-13,Yes
33904,Sahil Khan,member33904@example.com,9924107673,48,Male,Guntur,Regular,2025-08-22,Yes
24003,Varun Reddy,member24003@example.com,9119720087,20,Male,Anantapur,Gold,2018-01-22,Yes
15335,Vikram Yadav,member15335@example.com,9293319467,63,Male,Chennai,Regular,2024-07-05,Yes
46133,Ananya Rao,member46133@example.com,9911899835,66,Female,Guntur,Regular,2020-11-02,No
21489,Ravi Naidu,member21489@example.com,9442773724,68,Male,Kadapa,Regular,2024-09-18,Yes
43376,Kiran Gupta,member43376@example.com,9784295829,68,Female,Tirupati,Regular,2024-07-21,Yes
47061,Divya Patel,member47061@example.com,9941115560,67,Male,Vijayawada,Regular,2022-05-17,Yes
4741,Priya Singh,member4741@example.com,9965059930,42,Female,Chennai,Silver,2023-12-22,Yes
3571,Sneha Das,member3571@example.com,9230476468,68,Female,Vijayawada,Platinum,2025-12-06,No
6179,Sahil Mishra,member6179@example.com,9441365094,64,Male,Tirupati,Gold,2023-10-15,Yes
47448,Imran Patel,member47448@example.com,9857628687,19,Male,Tirupati,Gold,2022-09-28,Yes
2653,Aditya Reddy,member2653@example.com,9348382875,32,Male,Chennai,Regular,2021-08-22,Yes
22699,Meena Gupta,member22699@example.com,9866814906,37,Female,Vijayawada,Platinum,2020-02-23,Yes
7475,Sahil Rao,member7475@example.com,9214827789,66,Female,Bengaluru,Regular,2024-04-06,Yes
18876,Ananya Rao,member18876@example.com,9225090825,44,Male,Anantapur,Silver,2019-03-08,No
40105,Divya Patel,member40105@example.com,9755903317,55,Male,Kurnool,Regular,2019-06-23,Yes
9196,Vikram Gupta,member9196@example.com,9537707627,67,Female,Chennai,Regular,2025-12-02,Yes
44683,Vikram Patel,member44683@example.com,9555828937,59,Male,Hyderabad,Gold,2020-08-21,No
3716,Ali Verma,member3716@example.com,9805283420,61,Female,Anantapur,Gold,2024-02-03,Yes
2442,Vikram Patel,member2442@example.com,9324324612,28,Male,Bengaluru,Regular,2025-06-19,Yes
41796,Meena Khan,member41796@example.com,9365106780,62,Male,Kurnool,Gold,2023-04-26,No
20053,Sneha Mishra,member20053@example.com,9911272983,20,Female,Nellore,Regular,2021-11-28,Yes
2562,Ananya Kumar,member2562@example.com,9351530516,29,Male,Hyderabad,Gold,2023-01-01,No
37972,Kiran Yadav,member37972@example.com,9872454227,33,Female,Kurnool,Silver,2022-03-20,Yes
13650,Sneha Gupta,member13650@example.com,9718698655,39,Female,Kurnool,Silver,2018-05-14,No
46572,Arjun Naidu,member46572@example.com,9157221253,27,Male,Anantapur,Silver,2026-08-11,No
44147,Imran Sharma,member44147@example.com,9648325015,46,Female,Bengaluru,Regular,2020-04-15,Yes
629,Divya Reddy,member629@example.com,9610433589,62,Male,Nellore,Regular,2022-05-07,Yes
24634,Ananya Yadav,member24634@example.com,9232194784,45,Male,Nellore,Regular,2024-03-01,Yes
27559,Priya Babu,member27559@example.com,9475969911,39,Female,Guntur,Regular,2021-10-11,Yes
7162,Meena Das,member7162@example.com,9819458151,61,Male,Kurnool,Regular,2026-07-18,No
33085,Ayesha Khan,member33085@example.com,9430093784,32,Female,Hyderabad,Gold,2018-10-06,Yes
26116,Divya Reddy,member26116@example.com,9846869788,37,Female,Nellore,Silver,2021-12-24,Yes
28519,Varun Singh,member28519@example.com,9715305447,48,Female,Kadapa,Regular,2023-11-14,Yes
27992,Pooja Singh,member27992@example.com,9477663764,38,Female,Vijayawada,Regular,2023-06-22,Yes
2875,Ali Mishra,member2875@example.com,9811093399,43,Male,Nellore,Silver,2020-02-08,No
12231,Meena Mishra,member12231@example.com,9193135764,63,Male,Vijayawada,Regular,2026-02-22,Yes
46306,John Das,member46306@example.com,9290509592,26,Male,Kurnool,Platinum,2025-05-01,Yes
34326,Aditya Yadav,member34326@example.com,9853207911,61,Female,Vijayawada,Regular,2018-10-09,Yes
33740,Meena Gupta,member33740@example.com,9752925621,66,Male,Hyderabad,Silver,2020-09-16,Yes
44917,Imran Mishra,member44917@example.com,9892507218,37,Female,Kadapa,Regular,2021-10-20,Yes
25173,Arjun Khan,member25173@example.com,9743186580,35,Male,Chennai,Gold,2021-01-02,Yes
15801,Sneha Khan,member15801@example.com,9369229822,36,Female,Bengaluru,Regular,2019-07-18,Yes
4983,Rahul Babu,member4983@example.com,9856090979,39,Female,Tirupati,Gold,2019-03-08,Yes
28393,Pooja Rao,member28393@example.com,9726403231,18,Male,Anantapur,Regular,2019-12-21,Yes
10491,Ravi Gupta,member10491@example.com,9883895212,55,Male,Kurnool,Gold,2024-01-03,Yes
148,Sahil Yadav,member148@example.com,9456550738,68,Female,Nellore,Platinum,2021-03-20,Yes
4730,Kiran Yadav,member4730@example.com,9888097326,46,Male,Tirupati,Gold,2020-12-25,Yes
37121,Meena Rao,member37121@example.com,9845819479,52,Female,Kadapa,Silver,2023-04-19,Yes
843,Meena Patel,member843@example.com,9342111212,40,Male,Anantapur,Silver,2026-03-20,Yes
23662,Sneha Patel,member23662@example.com,9791711925,50,Female,Kurnool,Gold,2025-08-28,Yes
45723,Kiran Naidu,member45723@example.com,9304827595,36,Male,Bengaluru,Silver,2019-02-28,No
36023,Ravi Naidu,member36023@example.com,9195786620,52,Male,Nellore,Gold,2019-04-18,No
43328,Imran Gupta,member43328@example.com,9239726964,36,Female,Guntur,Regular,2018-03-02,Yes
27148,Priya Gupta,member27148@example.com,9138969352,61,Other,Guntur,Gold,2022-12-17,Yes
46322,Varun Khan,member46322@example.com,9602945320,65,Female,Anantapur,Silver,2024-10-06,Yes
32000,Divya Sharma,member32000@example.com,9479800615,44,Male,Bengaluru,Regular,2019-01-19,No
31767,Meena Das,member31767@example.com,9489093738,47,Male,Anantapur,Silver,2018-08-04,Yes
2983,Aditya Patel,member2983@example.com,9429876266,55,Other,Kurnool,Gold,2023-04-17,No
22182,Arjun Sharma,member22182@example.com,9707327686,45,Female,Bengaluru,Regular,2024-04-08,Yes
45269,Kiran Babu,member45269@example.com,9913786631,55,Female,Chennai,Gold,2025-06-16,Yes
32946,Kiran Rao,member32946@example.com,9470446133,57,Male,Kurnool,Regular,2021-07-18,Yes
37075,Imran Singh,member37075@example.com,9856218711,31,Female,Kadapa,Regular,2021-04-16,Yes
5654,Sahil Mishra,member5654@example.com,9124373653,45,Female,Kadapa,Regular,2022-05-07,Yes
32866,Sneha Khan,member32866@example.com,9468606922,49,Female,Bengaluru,Silver,2021-09-29,Yes
44628,Kiran Sharma,member44628@example.com,9462263772,50,Female,Nellore,Regular,2020-10-18,Yes
33442,Sahil Verma,member33442@example.com,9956027443,43,Male,Vijayawada,Regular,2020-08-18,Yes
32320,Manoj Yadav,member32320@example.com,9774214274,45,Male,Chennai,Regular,2023-10-27,Yes
41063,Meena Verma,member41063@example.com,9518847754,64,Male,Hyderabad,Gold,2024-11-27,Yes
17137,Vikram Kumar,member17137@example.com,9536229503,57,Female,Kadapa,Regular,2018-09-13,Yes
29103,Pooja Singh,member29103@example.com,9147959258,62,Male,Hyderabad,Gold,2020-11-29,Yes
36762,Priya Patel,member36762@example.com,9868446577,22,Female,Nellore,Gold,2022-02-25,No
44478,Ali Rao,member44478@example.com,9245841276,29,Male,Kadapa,Regular,2025-10-18,Yes
32791,Priya Rao,member32791@example.com,9509618568,63,Female,Nellore,Platinum,2025-12-18,Yes
19661,Sahil Das,member19661@example.com,9573679844,60,Male,Bengaluru,Silver,2024-11-27,Yes
35999,Neha Rao,member35999@example.com,9755605606,54,Male,Nellore,Regular,2023-03-17,No
26384,Varun Singh,member26384@example.com,9841524087,58,Female,Hyderabad,Regular,2021-10-12,Yes
41682,Sahil Babu,member41682@example.com,9610188110,56,Female,Vijayawada,Gold,2022-05-01,Yes
28738,Varun Kumar,member28738@example.com,9335669127,52,Female,Anantapur,Regular,2020-07-21,No
25077,Imran Das,member25077@example.com,9986246356,40,Male,Guntur,Regular,2021-08-08,Yes
28668,Arjun Babu,member28668@example.com,9667086840,30,Female,Guntur,Regular,2018-04-01,Yes
46133,Ananya Rao,member46133@example.com,9911899835,66,Female,Guntur,Regular,2020-11-02,No
28675,Divya Sharma,member28675@example.com,9873753192,48,Female,Chennai,Silver,2018-01-30,Yes
3777,Ayesha Naidu,member3777@example.com,9868564638,43,Male,Tirupati,Regular,2020-05-22,Yes
18805,Sneha Rao,member18805@example.com,9648301965,43,Female,Bengaluru,Gold,2018-07-28,Yes
46950,Ravi Rao,member46950@example.com,9215088450,33,Male,Bengaluru,Silver,2024-04-26,Yes
28551,Divya Patel,member28551@example.com,9178883310,45,Male,Anantapur,Regular,2023-07-06,Yes
29212,Arjun Das,member29212@example.com,9973427981,57,Male,Kurnool,Silver,2021-08-09,Yes
15275,Rahul Khan,member15275@example.com,9581163871,44,Female,Bengaluru,Gold,2022-07-07,No
33254,Rahul Singh,member33254@example.com,9825886335,70,Female,Guntur,Platinum,2025-01-17,Yes
36927,Arjun Yadav,member36927@example.com,9389443872,31,Female,Chennai,Silver,2021-07-21,Yes
39813,Kiran Gupta,member39813@example.com,9589468176,56,Female,Guntur,Silver,2021-01-14,Yes
18479,Meena Mishra,member18479@example.com,9744164180,25,Female,Anantapur,Silver,2020-01-03,Yes
34771,Priya Khan,member34771@example.com,9651627965,27,Female,Chennai,Regular,2025-12-23,Yes
21167,Sahil Singh,member21167@example.com,9424318528,24,Female,Kadapa,Silver,2024-12-09,Yes
47415,John Patel,member47415@example.com,9925405322,29,Male,Guntur,Regular,2020-09-17,No
36408,Ayesha Rao,member36408@example.com,9319922017,58,Male,Tirupati,Gold,2022-10-22,No
22002,Ananya Reddy,member22002@example.com,9714105021,43,Female,Anantapur,Gold,2021-01-07,Yes
28192,Sahil Rao,member28192@example.com,9856548521,45,Male,Hyderabad,Gold,2023-07-11,No
19648,Ayesha Reddy,member19648@example.com,9251309279,41,Male,Kurnool,Regular,2019-07-30,Yes
18146,Ali Kumar,member18146@example.com,9395546366,60,Male,Kurnool,Regular,2025-07-19,Yes
27903,Priya Gupta,member27903@example.com,9423686158,24,Male,Kadapa,Regular,2023-05-31,No
28873,Meena Yadav,member28873@example.com,9364142893,49,Male,Kurnool,Regular,2020-08-17,No
15727,Kiran Gupta,member15727@example.com,9397601404,54,Female,Vijayawada,Regular,2023-01-09,No
38035,Divya Sharma,member38035@example.com,9879788756,32,Male,Kurnool,Regular,2022-03-28,Yes
36291,Sahil Mishra,member36291@example.com,9825647901,35,Male,Chennai,Regular,2021-09-09,Yes
32362,Varun Yadav,member32362@example.com,9282983712,45,Male,Vijayawada,Platinum,2024-03-19,Yes
18619,Ravi Babu,member18619@example.com,9616920553,18,Female,Guntur,Regular,2020-08-29,Yes
24480,Sahil Verma,member24480@example.com,9611240604,24,Male,Guntur,Regular,2021-11-10,Yes
33461,Ananya Reddy,member33461@example.com,9245459860,55,Male,Hyderabad,Regular,2020-11-08,Yes
33951,Ali Gupta,member33951@example.com,9430003758,70,Female,Hyderabad,Regular,2022-10-29,Yes
28067,Priya Reddy,member28067@example.com,9872920726,27,Male,Hyderabad,Regular,2022-11-15,Yes
34583,Vikram Naidu,member34583@example.com,9911040559,60,Female,Tirupati,Regular,2024-08-01,Yes
38740,Ayesha Das,member38740@example.com,9136672445,60,Female,Guntur,Regular,2020-05-26,Yes
29835,Sneha Singh,member29835@example.com,9362350710,54,Male,Guntur,Silver,2026-08-13,Yes
38131,Ananya Kumar,member38131@example.com,9696143943,31,Female,Tirupati,Regular,2019-07-12,Yes
18496,Varun Singh,member18496@example.com,9344335495,35,Male,Hyderabad,Gold,2026-05-05,Yes
30994,Pooja Kumar,member30994@example.com,9230465682,68,Female,Anantapur,Regular,2023-04-12,Yes
6017,Varun Das,member6017@example.com,9418592110,48,Female,Kadapa,Regular,2020-05-20,Yes
32820,Priya Rao,member32820@example.com,9549992288,68,Male,Guntur,Platinum,2018-01-15,Yes
12728,Arjun Gupta,member12728@example.com,9129744173,36,Female,Vijayawada,Regular,2018-08-30,Yes
315,Varun Rao,member315@example.com,9657894046,53,Female,Guntur,Silver,2024-03-21,Yes
40009,Aditya Mishra,member40009@example.com,9884408581,20,Male,Kadapa,Silver,2019-10-01,Yes
32034,Priya Singh,member32034@example.com,9843005475,32,Male,Tirupati,Regular,2020-11-13,Yes
37593,Pooja Yadav,member37593@example.com,9278519139,42,Male,Guntur,Regular,2025-07-01,Yes
7688,Varun Patel,member7688@example.com,9118528659,52,Female,Vijayawada,Regular,2019-07-31,Yes
41427,Ravi Kumar,member41427@example.com,9841013711,46,Female,Nellore,Gold,2019-11-12,Yes
42061,Varun Verma,member42061@example.com,9573192105,26,Female,Hyderabad,Regular,2019-11-15,Yes
9554,Imran Yadav,member9554@example.com,9385945206,45,Female,Anantapur,Silver,2024-12-25,Yes
3864,Varun Babu,member3864@example.com,9585278580,27,Female,Bengaluru,Regular,2020-02-23,Yes
36693,Varun Verma,member36693@example.com,9273157950,25,Other,Vijayawada,Regular,2019-09-21,No
5824,Aditya Rao,member5824@example.com,9702669268,33,Female,Bengaluru,Silver,2022-09-04,Yes
46213,Aditya Singh,member46213@example.com,9735759725,18,Female,Bengaluru,Platinum,2026-08-09,Yes
44168,Arjun Sharma,member44168@example.com,9201617015,59,Female,Hyderabad,Regular,2024-10-17,Yes
39551,Pooja Kumar,member39551@example.com,9254996051,18,Female,Hyderabad,Regular,2023-05-24,Yes
27456,Ananya Yadav,member27456@example.com,9713740484,41,Female,Hyderabad,Gold,2023-04-18,Yes
46704,Ali Verma,member46704@example.com,9397182316,65,Male,Nellore,Regular,2025-07-22,Yes
22833,Priya Babu,member22833@example.com,9109544029,47,Female,Anantapur,Regular,2023-04-06,Yes
31451,Ayesha Yadav,member31451@example.com,9767186648,49,Female,Chennai,Gold,2021-07-31,Yes
28929,Meena Verma,member28929@example.com,9891730153,43,Female,Vijayawada,Regular,2018-08-02,Yes
25149,Ali Das,member25149@example.com,9703031927,39,Female,Kurnool,Regular,2023-07-03,Yes
21177,Vikram Khan,member21177@example.com,9865265049,24,Male,Kurnool,Regular,2022-06-14,Yes
42950,Ravi Verma,member42950@example.com,9253204251,44,Male,Anantapur,Regular,2021-04-20,Yes
28238,Meena Singh,member28238@example.com,9583265817,70,Male,Tirupati,Regular,2022-11-06,No
23265,Divya Gupta,member23265@example.com,9426229813,39,Male,Tirupati,Regular,2024-03-13,Yes
5908,Pooja Khan,member5908@example.com,9126800966,43,Male,Chennai,Gold,2021-12-25,Yes
27824,Meena Gupta,member27824@example.com,9752918536,19,Male,Anantapur,Regular,2025-10-29,Yes
4773,Priya Sharma,member4773@example.com,9530151504,66,Female,Bengaluru,Silver,2026-03-27,Yes
1901,Manoj Kumar,member1901@example.com,9729100057,60,Male,Chennai,Regular,2020-09-02,Yes
32634,Meena Singh,member32634@example.com,9111629386,48,Male,Bengaluru,Regular,2024-08-05,Yes
19171,Neha Kumar,member19171@example.com,9802426019,20,Male,Anantapur,Silver,2021-09-23,No
44779,Ananya Kumar,member44779@example.com,9346005876,27,Male,Nellore,Regular,2021-04-04,Yes
16214,Aditya Yadav,member16214@example.com,9563924682,56,Male,Kurnool,Silver,2019-02-06,No
30170,Priya Mishra,member30170@example.com,9988599633,55,Female,Tirupati,Platinum,2018-09-28,Yes
45069,Neha Kumar,member45069@example.com,9313465386,24,Female,Anantapur,Silver,2023-01-22,No
5212,Neha Sharma,member5212@example.com,9368684217,47,Male,Hyderabad,Platinum,2022-08-08,Yes
35928,Divya Babu,member35928@example.com,9112202077,52,Female,Kurnool,Regular,2021-12-20,No
27197,Sahil Khan,member27197@example.com,9523235646,34,Female,Anantapur,Regular,2020-11-02,Yes
47199,Imran Das,member47199@example.com,9817596771,24,Female,Chennai,Regular,2018-05-31,Yes
27553,Ayesha Babu,member27553@example.com,9251838200,50,Female,Kadapa,Regular,2026-02-13,Yes
41382,Meena Naidu,member41382@example.com,9148828581,22,Female,Hyderabad,Regular,2022-09-05,Yes
36924,Pooja Sharma,member36924@example.com,9603337546,45,Female,Anantapur,Regular,2023-08-06,Yes
22385,Rahul Reddy,member22385@example.com,9148171899,67,Male,Tirupati,Regular,2025-08-29,Yes
42600,Vikram Rao,member42600@example.com,9233333807,43,Female,Hyderabad,Silver,2023-03-04,Yes
26822,Arjun Patel,member26822@example.com,9422343334,61,Female,Kurnool,Silver,2023-01-07,Yes
40824,Neha Sharma,member40824@example.com,9102096751,59,Female,Hyderabad,Platinum,2021-05-27,Yes
30866,Varun Babu,member30866@example.com,9574525162,48,Female,Chennai,Gold,2018-07-29,Yes
39298,Divya Naidu,member39298@example.com,9120510587,39,Male,Nellore,Silver,2024-10-22,Yes
27635,Varun Verma,member27635@example.com,9763498079,63,Female,Nellore,Gold,2023-06-27,No
38598,Varun Babu,member38598@example.com,9873538834,46,Male,Chennai,Gold,2018-05-20,Yes
7299,Divya Verma,member7299@example.com,9849604308,43,Male,Hyderabad,Regular,2022-09-13,Yes
36700,John Rao,member36700@example.com,9220691155,46,Female,Hyderabad,Gold,2019-07-03,No
32456,Priya Sharma,member32456@example.com,9799946373,63,Female,Nellore,Silver,2019-02-14,No
18248,Neha Babu,member18248@example.com,9714780034,70,Male,Kadapa,Regular,2019-04-30,No
18036,Ali Naidu,member18036@example.com,9575794369,38,Female,Tirupati,Regular,2024-05-02,Yes
5734,Varun Khan,member5734@example.com,9698476922,22,Female,Nellore,Regular,2020-02-02,Yes
8872,Rahul Naidu,member8872@example.com,9425185349,56,Female,Kurnool,Regular,2023-07-03,Yes
16031,Sneha Rao,member16031@example.com,9849991408,51,Male,Vijayawada,Silver,2025-12-30,Yes
39047,Varun Singh,member39047@example.com,9773613985,47,Female,Nellore,Regular,2022-12-14,Yes
35328,Aditya Khan,member35328@example.com,9415085064,18,Male,Tirupati,Silver,2025-08-09,Yes
24130,Varun Reddy,member24130@example.com,9619785326,47,Male,Kurnool,Regular,2020-06-05,Yes
16159,Aditya Reddy,member16159@example.com,9235502664,61,Female,Nellore,Regular,2024-08-01,Yes
37076,Sneha Patel,member37076@example.com,9138781756,29,Female,Chennai,Gold,2019-07-21,Yes
32481,Ravi Sharma,member32481@example.com,9654444859,69,Male,Vijayawada,Regular,2023-10-28,Yes
21123,Pooja Naidu,member21123@example.com,9203412911,27,Male,Tirupati,Regular,2018-06-11,Yes
17052,Pooja Verma,member17052@example.com,9114554565,18,Female,Tirupati,Regular,2023-10-10,Yes
40571,Sneha Sharma,member40571@example.com,9889339100,47,Female,Kadapa,Regular,2025-07-19,No
44304,John Mishra,member44304@example.com,9765418987,19,Male,Bengaluru,Gold,2022-05-14,Yes
4885,Priya Verma,member4885@example.com,9674970708,49,Male,Kurnool,Gold,2023-10-24,Yes
24646,Varun Das,member24646@example.com,9102192455,27,Female,Kurnool,Gold,2018-11-03,No
41784,Kiran Sharma,member41784@example.com,9487435649,67,Male,Kadapa,Regular,2018-02-03,Yes
